{
  "page_no": 1,
  "width": 595.3200073242188,
  "height": 842.0399780273438,
  "text": " \n利安人寿保险股份有限公司 \n利安利利传家壹号终身寿险 \n基本保险金额表 \n (每1000 元趸交或年交保险费) \n单位：人民币元 \n年龄 \n男性 \n女性 \n趸交 \n3 年交 6 年交 10 年交 15 年交 20 年交 \n趸交 \n3 年交 6 年交 10 年交 15 年交 20 年交 \n0 \n940 \n2734 \n5259 \n8115 \n11516 \n14471 \n940 \n2735 \n5261 \n8119 \n11524 \n14484 \n1 \n940 \n2734 \n5259 \n8114 \n11514 \n14468 \n940 \n2735 \n5261 \n8119 \n11523 \n14483 \n2 \n940 \n2734 \n5258 \n8113 \n11513 \n14465 \n940 \n2735 \n5261 \n8119 \n11522 \n14481 \n3 \n940 \n2734 \n5258 \n8112 \n11510 \n14462 \n940 \n2735 \n5261 \n8118 \n11522 \n14480 \n4 \n940 \n2733 \n5257 \n8111 \n11508 \n14459 \n940 \n2735 \n5260 \n8118 \n11520 \n14479 \n5 \n939 \n2733 \n5257 \n8109 \n11505 \n14455 \n940 \n2734 \n5260 \n8117 \n11519 \n14477 \n6 \n939 \n2733 \n5256 \n8108 \n11502 \n14451 \n940 \n2734 \n5260 \n8116 \n11518 \n14476 \n7 \n939 \n2732 \n5255 \n8106 \n11499 \n14447 \n940 \n2734 \n5259 \n8116 \n11517 \n14474 \n8 \n939 \n2732 \n5254 \n8103 \n11496 \n14443 \n940 \n2734 \n5259 \n8115 \n11515 \n14472 \n9 \n939 \n2731 \n5253 \n8101 \n11492 \n14439 \n940 \n2734 \n5258 \n8114 \n11514 \n14471 \n10 \n939 \n2731 \n5252 \n8098 \n11489 \n14435 \n940 \n2733 \n5258 \n8112 \n11513 \n14469 \n11 \n939 \n2730 \n5250 \n8096 \n11485 \n14431 \n940 \n2733 \n5257 \n8111 \n11511 \n14467 \n12 \n938 \n2729 \n5249 \n8093 \n11482 \n14428 \n939 \n2733 \n5256 \n8110 \n11510 \n14466 \n13 \n938 \n2729 \n5247 \n8090 \n11479 \n14425 \n939 \n2733 \n5256 \n8109 \n11508 \n14465 \n14 \n938 \n2728 \n5245 \n8088 \n11476 \n14422 \n939 \n2732 \n5255 \n8108 \n11507 \n14464 \n15 \n938 \n2727 \n5243 \n8086 \n11473 \n14420 \n939 \n2732 \n5254 \n8107 \n11506 \n14463 \n16 \n937 \n2726 \n5242 \n8084 \n11471 \n14417 \n939 \n2731 \n5254 \n8106 \n11505 \n14462 \n17 \n937 \n2725 \n5240 \n8082 \n11469 \n14415 \n939 \n2731 \n5253 \n8106 \n11505 \n14461 \n18 \n937 \n2724 \n5239 \n8080 \n11468 \n14412 \n939 \n2731 \n5253 \n8105 \n11504 \n14460 \n19 \n936 \n2724 \n5238 \n8079 \n11466 \n14410 \n939 \n2731 \n5252 \n8105 \n11504 \n14459 \n20 \n936 \n2723 \n5238 \n8078 \n11464 \n14408 \n939 \n2730 \n5252 \n8105 \n11503 \n14458 \n21 \n936 \n2723 \n5237 \n8077 \n11462 \n14405 \n939 \n2730 \n5252 \n8104 \n11503 \n14457 \n22 \n936 \n2723 \n5237 \n8076 \n11460 \n14402 \n938 \n2730 \n5252 \n8104 \n11502 \n14456 \n23 \n936 \n2722 \n5236 \n8075 \n11458 \n14399 \n938 \n2730 \n5252 \n8104 \n11501 \n14455 \n24 \n936 \n2722 \n5235 \n8073 \n11455 \n14395 \n938 \n2730 \n5252 \n8103 \n11500 \n14454 \n25 \n936 \n2722 \n5235 \n8071 \n11453 \n14390 \n938 \n2730 \n5252 \n8102 \n11499 \n14452 \n26 \n936 \n2721 \n5234 \n8069 \n11449 \n14385 \n938 \n2730 \n5251 \n8102 \n11498 \n14450 \n27 \n936 \n2721 \n5233 \n8067 \n11446 \n14379 \n938 \n2730 \n5251 \n8101 \n11496 \n14447 \n28 \n935 \n2721 \n5232 \n8065 \n11442 \n14373 \n938 \n2730 \n5251 \n8100 \n11495 \n14444 \n29 \n935 \n2720 \n5231 \n8062 \n11438 \n14366 \n938 \n2730 \n5250 \n8099 \n11493 \n14441 \n30 \n935 \n2720 \n5230 \n8059 \n11433 \n14358 \n938 \n2729 \n5250 \n8098 \n11491 \n14438 \n31 \n935 \n2719 \n5228 \n8056 \n11427 \n14349 \n938 \n2729 \n5249 \n8096 \n11488 \n14434 \n32 \n935 \n2718 \n5227 \n8053 \n11421 \n14339 \n938 \n2729 \n5249 \n8095 \n11485 \n14429 \n33 \n935 \n2718 \n5225 \n8049 \n11413 \n14328 \n938 \n2729 \n5248 \n8093 \n11482 \n14424 \n34 \n934 \n2717 \n5224 \n8045 \n11405 \n14316 \n938 \n2728 \n5247 \n8091 \n11478 \n14418 \n",
  "blocks": [
    {
      "bbox": [
        189.25999450683594,
        57.25796890258789,
        415.2699890136719,
        75.25797271728516
      ],
      "max_font_size": 18.0,
      "text": "利安人寿保险股份有限公司",
      "is_heading": false
    },
    {
      "bbox": [
        213.41000366210938,
        81.79962158203125,
        389.16998291015625,
        95.8396224975586
      ],
      "max_font_size": 14.039999961853027,
      "text": "利安利利传家壹号终身寿险",
      "is_heading": false
    },
    {
      "bbox": [
        248.57000732421875,
        101.839599609375,
        354.0099792480469,
        115.87960052490234
      ],
      "max_font_size": 14.039999961853027,
      "text": "基本保险金额表",
      "is_heading": false
    },
    {
      "bbox": [
        224.2100067138672,
        125.82891845703125,
        376.510009765625,
        136.388916015625
      ],
      "max_font_size": 10.5600004196167,
      "text": "(每1000 元趸交或年交保险费)",
      "is_heading": false
    },
    {
      "bbox": [
        442.510009765625,
        145.86895751953125,
        521.3800048828125,
        156.428955078125
      ],
      "max_font_size": 10.5600004196167,
      "text": "单位：人民币元",
      "is_heading": false
    },
    {
      "bbox": [
        45.959999084472656,
        161.38436889648438,
        446.6500244140625,
        179.26434326171875
      ],
      "max_font_size": 9.960000038146973,
      "text": "年龄 男性 女性",
      "is_heading": false
    },
    {
      "bbox": [
        79.10399627685547,
        177.46432495117188,
        553.5999755859375,
        187.42431640625
      ],
      "max_font_size": 9.960000038146973,
      "text": "趸交 3 年交 6 年交 10 年交 15 年交 20 年交 趸交 3 年交 6 年交 10 年交 15 年交 20 年交",
      "is_heading": false
    },
    {
      "bbox": [
        53.400001525878906,
        193.54434204101562,
        549.760009765625,
        203.50433349609375
      ],
      "max_font_size": 9.960000038146973,
      "text": "0 940 2734 5259 8115 11516 14471 940 2735 5261 8119 11524 14484",
      "is_heading": false
    },
    {
      "bbox": [
        53.400001525878906,
        209.74435424804688,
        549.760009765625,
        219.704345703125
      ],
      "max_font_size": 9.960000038146973,
      "text": "1 940 2734 5259 8114 11514 14468 940 2735 5261 8119 11523 14483",
      "is_heading": false
    },
    {
      "bbox": [
        53.400001525878906,
        225.94436645507812,
        549.760009765625,
        235.90435791015625
      ],
      "max_font_size": 9.960000038146973,
      "text": "2 940 2734 5258 8113 11513 14465 940 2735 5261 8119 11522 14481",
      "is_heading": false
    },
    {
      "bbox": [
        53.400001525878906,
        242.26437377929688,
        549.760009765625,
        252.224365234375
      ],
      "max_font_size": 9.960000038146973,
      "text": "3 940 2734 5258 8112 11510 14462 940 2735 5261 8118 11522 14480",
      "is_heading": false
    },
    {
      "bbox": [
        53.400001525878906,
        258.4943542480469,
        549.760009765625,
        268.454345703125
      ],
      "max_font_size": 9.960000038146973,
      "text": "4 940 2733 5257 8111 11508 14459 940 2735 5260 8118 11520 14479",
      "is_heading": false
    },
    {
      "bbox": [
        53.400001525878906,
        274.8143615722656,
        549.760009765625,
        284.77435302734375
      ],
      "max_font_size": 9.960000038146973,
      "text": "5 939 2733 5257 8109 11505 14455 940 2734 5260 8117 11519 14477",
      "is_heading": false
    },
    {
      "bbox": [
        53.400001525878906,
        291.0143737792969,
        549.760009765625,
        300.974365234375
      ],
      "max_font_size": 9.960000038146973,
      "text": "6 939 2733 5256 8108 11502 14451 940 2734 5260 8116 11518 14476",
      "is_heading": false
    },
    {
      "bbox": [
        53.400001525878906,
        307.2143249511719,
        549.760009765625,
        317.17431640625
      ],
      "max_font_size": 9.960000038146973,
      "text": "7 939 2732 5255 8106 11499 14447 940 2734 5259 8116 11517 14474",
      "is_heading": false
    },
    {
      "bbox": [
        53.400001525878906,
        323.5343322753906,
        549.760009765625,
        333.49432373046875
      ],
      "max_font_size": 9.960000038146973,
      "text": "8 939 2732 5254 8103 11496 14443 940 2734 5259 8115 11515 14472",
      "is_heading": false
    },
    {
      "bbox": [
        53.400001525878906,
        339.7343444824219,
        549.760009765625,
        349.6943359375
      ],
      "max_font_size": 9.960000038146973,