{
  "page_no": 2,
  "width": 595.3200073242188,
  "height": 842.0399780273438,
  "text": " \n年龄 \n男性 \n女性 \n趸交 \n3 年交 6 年交 10 年交 15 年交 20 年交 \n趸交 \n3 年交 6 年交 10 年交 15 年交 20 年交 \n35 \n934 \n2716 \n5222 \n8040 \n11396 \n14305 \n938 \n2728 \n5246 \n8089 \n11474 \n14413 \n36 \n934 \n2715 \n5220 \n8034 \n11387 \n14296 \n938 \n2727 \n5245 \n8086 \n11470 \n14409 \n37 \n933 \n2714 \n5218 \n8028 \n11377 \n14289 \n938 \n2727 \n5244 \n8083 \n11465 \n14405 \n38 \n933 \n2713 \n5215 \n8020 \n11369 \n14283 \n937 \n2726 \n5243 \n8080 \n11461 \n14402 \n39 \n933 \n2712 \n5212 \n8013 \n11361 \n14280 \n937 \n2726 \n5242 \n8076 \n11457 \n14400 \n40 \n932 \n2711 \n5208 \n8006 \n11355 \n14279 \n937 \n2725 \n5240 \n8073 \n11454 \n14399 \n41 \n932 \n2709 \n5203 \n8000 \n11351 \n14278 \n937 \n2724 \n5238 \n8070 \n11452 \n14399 \n42 \n931 \n2706 \n5198 \n7995 \n11348 \n14277 \n937 \n2723 \n5235 \n8067 \n11450 \n14399 \n43 \n931 \n2704 \n5194 \n7991 \n11346 \n14275 \n936 \n2722 \n5233 \n8065 \n11449 \n14398 \n44 \n930 \n2701 \n5191 \n7988 \n11344 \n14273 \n936 \n2721 \n5232 \n8064 \n11448 \n14397 \n45 \n929 \n2699 \n5188 \n7986 \n11342 \n14270 \n935 \n2720 \n5230 \n8063 \n11447 \n14396 \n46 \n928 \n2698 \n5185 \n7984 \n11341 \n14267 \n935 \n2719 \n5229 \n8062 \n11447 \n14394 \n47 \n928 \n2696 \n5184 \n7982 \n11339 \n14263 \n935 \n2719 \n5228 \n8061 \n11446 \n14391 \n48 \n927 \n2695 \n5183 \n7980 \n11338 \n14258 \n935 \n2718 \n5228 \n8060 \n11445 \n14388 \n49 \n927 \n2695 \n5183 \n7978 \n11335 \n14251 \n934 \n2718 \n5228 \n8059 \n11443 \n14383 \n50 \n927 \n2695 \n5183 \n7977 \n11332 \n14243 \n934 \n2718 \n5227 \n8058 \n11440 \n14378 \n51 \n927 \n2695 \n5183 \n7976 \n11327 \n14233 \n934 \n2718 \n5227 \n8057 \n11437 \n14371 \n52 \n927 \n2694 \n5183 \n7975 \n11321 \n14219 \n934 \n2717 \n5227 \n8056 \n11432 \n14362 \n53 \n927 \n2694 \n5183 \n7973 \n11314 \n14202 \n934 \n2717 \n5227 \n8054 \n11427 \n14352 \n54 \n927 \n2695 \n5183 \n7969 \n11303 \n14180 \n934 \n2717 \n5227 \n8051 \n11419 \n14338 \n55 \n927 \n2695 \n5184 \n7965 \n11290 \n14151 \n934 \n2717 \n5227 \n8047 \n11410 \n14322 \n56 \n927 \n2695 \n5185 \n7958 \n11272 \n \n934 \n2717 \n5227 \n8042 \n11398 \n \n57 \n927 \n2696 \n5185 \n7949 \n11248 \n \n934 \n2717 \n5226 \n8035 \n11384 \n \n58 \n927 \n2696 \n5184 \n7936 \n11215 \n \n934 \n2717 \n5225 \n8027 \n11365 \n \n59 \n928 \n2697 \n5181 \n7918 \n11172 \n \n934 \n2717 \n5222 \n8015 \n11342 \n \n60 \n928 \n2697 \n5176 \n7894 \n11115 \n \n934 \n2716 \n5218 \n8001 \n11313 \n \n61 \n928 \n2695 \n5168 \n7862 \n \n \n934 \n2715 \n5213 \n7983 \n \n \n62 \n927 \n2690 \n5156 \n7817 \n \n \n934 \n2712 \n5205 \n7960 \n \n \n63 \n926 \n2685 \n5142 \n7760 \n \n \n933 \n2708 \n5196 \n7931 \n \n \n64 \n924 \n2679 \n5123 \n7685 \n \n \n932 \n2704 \n5186 \n7896 \n \n \n65 \n922 \n2670 \n5099 \n7580 \n \n \n930 \n2699 \n5173 \n7851 \n \n \n66 \n920 \n2660 \n5068 \n \n \n \n929 \n2693 \n5157 \n \n \n \n67 \n916 \n2646 \n5026 \n \n \n \n927 \n2686 \n5137 \n \n \n \n68 \n912 \n2627 \n4971 \n \n \n \n925 \n2677 \n5112 \n \n \n \n69 \n906 \n2603 \n4894 \n \n \n \n922 \n2666 \n5081 \n \n \n \n70 \n899 \n2570 \n \n \n \n \n918 \n2652 \n \n \n \n \n71 \n889 \n2525 \n \n \n \n \n914 \n2634 \n \n \n \n \n72 \n875 \n2459 \n \n \n \n \n908 \n2612 \n \n \n \n \n73 \n856 \n \n \n \n \n \n901 \n \n \n \n \n \n74 \n826 \n \n \n \n \n \n892 \n \n \n \n \n \n75 \n765 \n \n \n \n \n \n880 \n \n \n \n \n \n \n",
  "blocks": [
    {
      "bbox": [
        45.959999084472656,
        54.444358825683594,
        446.6500244140625,
        72.3243408203125
      ],
      "max_font_size": 9.960000038146973,
      "text": "年龄 男性 女性",
      "is_heading": false
    },
    {
      "bbox": [
        79.10399627685547,
        70.4043197631836,
        553.5999755859375,
        80.36431884765625
      ],
      "max_font_size": 9.960000038146973,
      "text": "趸交 3 年交 6 年交 10 年交 15 年交 20 年交 趸交 3 年交 6 年交 10 年交 15 年交 20 年交",
      "is_heading": false
    },
    {
      "bbox": [
        50.880001068115234,
        86.50435638427734,
        549.760009765625,
        96.46435546875
      ],
      "max_font_size": 9.960000038146973,
      "text": "35 934 2716 5222 8040 11396 14305 938 2728 5246 8089 11474 14413",
      "is_heading": false
    },
    {
      "bbox": [
        50.880001068115234,
        102.70430755615234,
        549.760009765625,
        112.664306640625
      ],
      "max_font_size": 9.960000038146973,
      "text": "36 934 2715 5220 8034 11387 14296 938 2727 5245 8086 11470 14409",
      "is_heading": false
    },
    {
      "bbox": [
        50.880001068115234,
        119.0243148803711,
        549.760009765625,
        128.98431396484375
      ],
      "max_font_size": 9.960000038146973,
      "text": "37 933 2714 5218 8028 11377 14289 938 2727 5244 8083 11465 14405",
      "is_heading": false
    },
    {
      "bbox": [
        50.880001068115234,
        135.22433471679688,
        549.760009765625,
        145.184326171875
      ],
      "max_font_size": 9.960000038146973,
      "text": "38 933 2713 5215 8020 11369 14283 937 2726 5243 8080 11461 14402",
      "is_heading": false
    },
    {
      "bbox": [
        50.880001068115234,
        151.54434204101562,
        549.760009765625,
        161.50433349609375
      ],
      "max_font_size": 9.960000038146973,
      "text": "39 933 2712 5212 8013 11361 14280 937 2726 5242 8076 11457 14400",
      "is_heading": false
    },
    {
      "bbox": [
        50.880001068115234,
        167.74435424804688,
        549.760009765625,
        177.704345703125
      ],
      "max_font_size": 9.960000038146973,
      "text": "40 932 2711 5208 8006 11355 14279 937 2725 5240 8073 11454 14399",
      "is_heading": false
    },
    {
      "bbox": [
        50.880001068115234,
        183.94436645507812,
        549.760009765625,
        193.90435791015625
      ],
      "max_font_size": 9.960000038146973,
      "text": "41 932 2709 5203 8000 11351 14278 937 2724 5238 8070 11452 14399",
      "is_heading": false
    },
    {
      "bbox": [
        50.880001068115234,
        200.26437377929688,
        549.760009765625,
        210.224365234375
      ],
      "max_font_size": 9.960000038146973,
      "text": "42 931 2706 5198 7995 11348 14277 937 2723 5235 8067 11450 14399",
      "is_heading": false
    },
    {
      "bbox": [
        50.880001068115234,
        216.46432495117188,
        549.760009765625,
        226.42431640625
      ],
      "max_font_size": 9.960000038146973,
      "text": "43 931 2704 5194 7991 11346 14275 936 2722 5233 8065 11449 14398",
      "is_heading": false
    },
    {
      "bbox": [
        50.880001068115234,
        232.78433227539062,
        549.760009765625,
        242.74432373046875
      ],
      "max_font_size": 9.960000038146973,
      "text": "44 930 2701 5191 7988 11344 14273 936 2721 5232 8064 11448 14397",
      "is_heading": false
    },
    {
      "bbox": [
        50.880001068115234,
        248.98434448242188,
        549.760009765625,
        258.9443359375
      ],
      "max_font_size": 9.960000038146973,
      "text": "45 929 2699 5188 7986 11342 14270 935 2720 5230 8063 11447 14396",
      "is_heading": false
    },
    {
      "bbox": [
        50.880001068115234,
        265.2143249511719,
        549.760009765625,
        275.17431640625
      ],
      "max_font_size": 9.960000038146973,
      "text": "46 928 2698 5185 7984 11341 14267 935 2719 5229 8062 11447 14394",
      "is_heading": false
    },
    {
      "bbox": [
        50.880001068115234,
        281.5343322753906,
        549.760009765625,
        291.49432373046875
      ],
      "max_font_size": 9.960000038146973,
      "text": "47 928 2696 5184 7982 11339 14263 935 2719 5228 8061 11446 14391",
      "is_heading": false
    },
    {
      "bbox": [
        50.880001068115234,
        297.7343444824219,
        549.760009765625,
        307.6943359375
      ],
      "max_font_size": 9.960000038146973,