{
  "page_no": 6,
  "width": 595.3200073242188,
  "height": 841.9199829101562,
  "text": " \n4 \n54 \n100000 \n400000 \n0 \n0 \n0 \n0 \n400000 \n268785 \n5 \n55 \n100000 \n500000 \n0 \n0 \n0 \n0 \n500000 \n374515 \n6 \n56 \n100000 \n600000 \n0 \n0 \n0 \n0 \n600000 \n493223 \n7 \n57 \n100000 \n700000 \n0 \n0 \n0 \n0 \n700000 \n625066 \n8 \n58 \n100000 \n800000 \n0 \n0 \n0 \n0 \n800000 \n770172 \n9 \n59 \n100000 \n900000 \n0 \n0 \n0 \n0 \n900000 \n893855 \n10 \n60 \n100000 \n1000000 \n0 \n0 \n0 \n0 \n1022770 \n1022770 \n15 \n65 \n0 \n1000000 \n0 \n0 \n0 \n0 \n1156538 \n1156538 \n20 \n70 \n0 \n1000000 \n73900 \n73900 \n0 \n0 \n1307296 \n1233396 \n25 \n75 \n0 \n1000000 \n73900 \n443400 \n1108500 \n0 \n0 \n993411 \n30 \n80 \n0 \n1000000 \n73900 \n812900 \n739000 \n36950 \n0 \n703196 \n35 \n85 \n0 \n1000000 \n73900 \n1182400 \n369500 \n0 \n0 \n442937 \n40 \n90 \n0 \n1000000 \n73900 \n1551900 \n0 \n0 \n0 \n261987 \n45 \n95 \n0 \n1000000 \n73900 \n1921400 \n0 \n0 \n0 \n171583 \n50 \n100 \n0 \n1000000 \n73900 \n2290900 \n0 \n0 \n0 \n102767 \n55 \n105 \n0 \n1000000 \n73900 \n2660400 \n0 \n0 \n0 \n0 \n56 \n106 \n0 \n1000000 \n73900 \n2734300 \n0 \n0 \n0 \n0 \n \n示例4：安女士今年55 周岁，她选择购买了利安颐享年年（臻享版）养老年金保险，选择\n年交、年领方式，75 周岁开始领取养老保险金，投保保障方案一，年交保险费100000 元,10\n年交清, 基本保险金额为74400 元。其各保单年度的各项保单利益演示如下： \n保单 \n年度 \n年龄 \n年度 \n保险费 \n累计 \n保险费 \n养老 \n保险金 \n累计养老\n保险金 \n保证领取期间内\n尚未给付的养老\n保险金总额 \n祝寿 \n保险金 \n身故 \n保险金 \n现金价\n值 \n1 \n56 \n100000 \n100000 \n0 \n0 \n0 \n0 \n100000 \n40606 \n2 \n57 \n100000 \n200000 \n0 \n0 \n0 \n0 \n200000 \n100061 \n3 \n58 \n100000 \n300000 \n0 \n0 \n0 \n0 \n300000 \n177429 \n4 \n59 \n100000 \n400000 \n0 \n0 \n0 \n0 \n400000 \n270614 \n5 \n60 \n100000 \n500000 \n0 \n0 \n0 \n0 \n500000 \n376317 \n6 \n61 \n100000 \n600000 \n0 \n0 \n0 \n0 \n600000 \n494712 \n7 \n62 \n100000 \n700000 \n0 \n0 \n0 \n0 \n700000 \n625944 \n8 \n63 \n100000 \n800000 \n0 \n0 \n0 \n0 \n800000 \n770133 \n9 \n64 \n100000 \n900000 \n0 \n0 \n0 \n0 \n900000 \n893809 \n10 \n65 \n100000 \n1000000 \n0 \n0 \n0 \n0 \n1022714 \n1022714 \n15 \n70 \n0 \n1000000 \n0 \n0 \n0 \n0 \n1156420 \n1156420 \n20 \n75 \n0 \n1000000 \n74400 \n74400 \n0 \n0 \n1306990 \n1232590 \n25 \n80 \n0 \n1000000 \n74400 \n446400 \n1116000 \n37200 \n0 \n948046 \n30 \n85 \n0 \n1000000 \n74400 \n818400 \n744000 \n0 \n0 \n669491 \n35 \n90 \n0 \n1000000 \n74400 \n1190400 \n372000 \n0 \n0 \n389805 \n40 \n95 \n0 \n1000000 \n74400 \n1562400 \n0 \n0 \n0 \n198729 \n45 \n100 \n0 \n1000000 \n74400 \n1934400 \n0 \n0 \n0 \n116275 \n50 \n105 \n0 \n1000000 \n74400 \n2306400 \n0 \n0 \n0 \n0 \n51 \n106 \n0 \n1000000 \n74400 \n2380800 \n0 \n0 \n0 \n0 \n \n",
  "blocks": [
    {
      "bbox": [
        56.880001068115234,
        61.524314880371094,
        549.1599731445312,
        71.48431396484375
      ],
      "max_font_size": 9.960000038146973,
      "text": "4 54 100000 400000 0 0 0 0 400000 268785",
      "is_heading": false
    },
    {
      "bbox": [
        56.880001068115234,
        77.96431732177734,
        549.1599731445312,
        87.92431640625
      ],
      "max_font_size": 9.960000038146973,
      "text": "5 55 100000 500000 0 0 0 0 500000 374515",
      "is_heading": false
    },
    {
      "bbox": [
        56.880001068115234,
        94.5443344116211,
        549.1599731445312,
        104.50433349609375
      ],
      "max_font_size": 9.960000038146973,
      "text": "6 56 100000 600000 0 0 0 0 600000 493223",
      "is_heading": false
    },
    {
      "bbox": [
        56.880001068115234,
        110.98433685302734,
        549.1599731445312,
        120.9443359375
      ],
      "max_font_size": 9.960000038146973,
      "text": "7 57 100000 700000 0 0 0 0 700000 625066",
      "is_heading": false
    },
    {
      "bbox": [
        56.880001068115234,
        127.5443344116211,
        549.1599731445312,
        137.50433349609375
      ],
      "max_font_size": 9.960000038146973,
      "text": "8 58 100000 800000 0 0 0 0 800000 770172",
      "is_heading": false
    },
    {
      "bbox": [
        56.880001068115234,
        143.98434448242188,
        549.1599731445312,
        153.9443359375
      ],
      "max_font_size": 9.960000038146973,
      "text": "9 59 100000 900000 0 0 0 0 900000 893855",
      "is_heading": false
    },
    {
      "bbox": [
        54.36000061035156,
        160.54434204101562,
        551.6799926757812,
        170.50433349609375
      ],
      "max_font_size": 9.960000038146973,
      "text": "10 60 100000 1000000 0 0 0 0 1022770 1022770",
      "is_heading": false
    },
    {
      "bbox": [
        54.36000061035156,
        176.98434448242188,
        551.6799926757812,
        186.9443359375
      ],
      "max_font_size": 9.960000038146973,
      "text": "15 65 0 1000000 0 0 0 0 1156538 1156538",
      "is_heading": false
    },
    {
      "bbox": [
        54.36000061035156,
        193.54434204101562,
        551.6799926757812,
        203.50433349609375
      ],
      "max_font_size": 9.960000038146973,
      "text": "20 70 0 1000000 73900 73900 0 0 1307296 1233396",
      "is_heading": false
    },
    {
      "bbox": [
        54.36000061035156,
        209.98434448242188,
        549.1599731445312,
        219.9443359375
      ],
      "max_font_size": 9.960000038146973,
      "text": "25 75 0 1000000 73900 443400 1108500 0 0 993411",
      "is_heading": false
    },
    {
      "bbox": [
        54.36000061035156,
        226.54434204101562,
        549.1599731445312,
        236.50433349609375
      ],
      "max_font_size": 9.960000038146973,
      "text": "30 80 0 1000000 73900 812900 739000 36950 0 703196",
      "is_heading": false
    },
    {
      "bbox": [
        54.36000061035156,
        242.98434448242188,
        549.1599731445312,
        252.9443359375
      ],
      "max_font_size": 9.960000038146973,
      "text": "35 85 0 1000000 73900 1182400 369500 0 0 442937",
      "is_heading": false
    },
    {
      "bbox": [
        54.36000061035156,
        259.5443420410156,
        549.1599731445312,
        269.50433349609375
      ],
      "max_font_size": 9.960000038146973,
      "text": "40 90 0 1000000 73900 1551900 0 0 0 261987",
      "is_heading": false
    },
    {
      "bbox": [
        54.36000061035156,
        276.0143737792969,
        549.1599731445312,
        285.974365234375
      ],
      "max_font_size": 9.960000038146973,
      "text": "45 95 0 1000000 73900 1921400 0 0 0 171583",
      "is_heading": false
    },
    {
      "bbox": [
        54.36000061035156,
        292.5743713378906,
        549.1599731445312,
        302.53436279296875
      ],
      "max_font_size": 9.960000038146973,
      "text": "50 100 0 1000000 73900 2290900 0 0 0 102767",
      "is_heading": false
    },
    {
      "bbox": [
        54.36000061035156,
        309.0143737792969,
        536.6799926757812,
        318.974365234375
      ],
      "max_font_size": 9.960000038146973,
      "text": "55 105 0 1000000 73900 2660400 0 0 0 0",
      "is_heading": false
    },
    {
      "bbox": [
        54.36000061035156,
        325.5743408203125,
        536.6799926757812,
        395.2589416503906
      ],
      "max_font_size": 10.5600004196167,
      "text": "56 106 0 1000000 73900 2734300 0 0 0 0  示例4：安女士今年55 周岁，她选择购买了利安颐享年年（臻享版）养老年金保险，选择年交、年领方式，75 周岁开始领取养老保险金，投保保障方案一，年交保险费100000 元,10年交清, 基本保险金额为74400 元。其各保单年度的各项保单利益演示如下：",
      "is_heading": false
    },
    {
      "bbox": [
        49.31999969482422,
        409.5743408203125,
        74.36400604248047,
        419.5343322753906
      ],
      "max_font_size": 9.960000038146973,
      "text": "保单",
      "is_heading": false
    },
    {
      "bbox": [
        49.31999969482422,
        425.53436279296875,
        74.36400604248047,
        435.4943542480469
      ],
      "max_font_size": 9.960000038146973,
      "text": "年度",