{
  "page_no": 1,
  "width": 595.3200073242188,
  "height": 842.0399780273438,
  "text": " \n利安人寿保险股份有限公司 \n利安颐养金生养老年金保险（分红型） \n基本保险金额表 \n (每1000 元年交保险费) \n单位：人民币元 \n年龄 \n男性 \n女性 \n3 年交 \n5 年交 \n10 年交 \n15 年交 \n20 年交 \n3 年交 \n5 年交 \n10 年交 \n15 年交 \n20 年交 \n0 \n355 \n588 \n1134 \n1584 \n1989 \n298 \n492 \n951 \n1327 \n1667 \n1 \n346 \n572 \n1104 \n1541 \n1935 \n290 \n479 \n925 \n1292 \n1622 \n2 \n337 \n557 \n1074 \n1500 \n1882 \n282 \n466 \n900 \n1256 \n1577 \n3 \n328 \n542 \n1045 \n1459 \n1831 \n274 \n454 \n876 \n1222 \n1534 \n4 \n319 \n527 \n1017 \n1419 \n1780 \n267 \n442 \n852 \n1189 \n1492 \n5 \n310 \n513 \n989 \n1380 \n1731 \n260 \n430 \n829 \n1156 \n1451 \n6 \n302 \n499 \n962 \n1342 \n1683 \n253 \n418 \n806 \n1125 \n1410 \n7 \n293 \n485 \n936 \n1305 \n1637 \n246 \n407 \n784 \n1094 \n1371 \n8 \n285 \n472 \n910 \n1269 \n1591 \n239 \n395 \n763 \n1063 \n1333 \n9 \n278 \n459 \n885 \n1234 \n1546 \n233 \n385 \n742 \n1034 \n1296 \n10 \n270 \n446 \n861 \n1199 \n1503 \n226 \n374 \n721 \n1005 \n1259 \n11 \n263 \n434 \n837 \n1166 \n1461 \n220 \n364 \n701 \n977 \n1224 \n12 \n255 \n422 \n814 \n1133 \n1419 \n214 \n354 \n682 \n949 \n1189 \n13 \n248 \n410 \n791 \n1101 \n1379 \n208 \n344 \n663 \n923 \n1156 \n14 \n241 \n399 \n769 \n1070 \n1340 \n202 \n334 \n644 \n897 \n1123 \n15 \n235 \n388 \n747 \n1040 \n1301 \n197 \n325 \n626 \n871 \n1090 \n16 \n228 \n377 \n726 \n1010 \n1264 \n191 \n316 \n608 \n846 \n1059 \n17 \n222 \n366 \n705 \n981 \n1227 \n186 \n307 \n591 \n822 \n1028 \n18 \n215 \n356 \n685 \n953 \n1192 \n180 \n298 \n574 \n798 \n999 \n19 \n209 \n346 \n666 \n925 \n1157 \n175 \n290 \n558 \n775 \n969 \n20 \n203 \n336 \n647 \n899 \n1123 \n170 \n281 \n542 \n753 \n941 \n21 \n197 \n326 \n628 \n872 \n1090 \n165 \n273 \n526 \n731 \n913 \n22 \n192 \n317 \n610 \n847 \n1058 \n161 \n266 \n511 \n710 \n886 \n23 \n186 \n308 \n592 \n822 \n1026 \n156 \n258 \n496 \n689 \n860 \n24 \n181 \n299 \n575 \n797 \n995 \n151 \n250 \n482 \n668 \n834 \n25 \n176 \n290 \n558 \n774 \n965 \n147 \n243 \n468 \n648 \n809 \n26 \n170 \n282 \n542 \n751 \n936 \n143 \n236 \n454 \n629 \n784 \n27 \n165 \n273 \n525 \n728 \n908 \n139 \n229 \n440 \n610 \n761 \n28 \n160 \n265 \n510 \n706 \n880 \n134 \n222 \n427 \n592 \n737 \n29 \n156 \n257 \n494 \n684 \n853 \n130 \n216 \n414 \n574 \n714 \n30 \n151 \n250 \n480 \n663 \n826 \n127 \n209 \n402 \n556 \n692 \n31 \n146 \n242 \n465 \n643 \n800 \n123 \n203 \n390 \n539 \n671 \n32 \n142 \n235 \n451 \n623 \n775 \n119 \n197 \n378 \n522 \n649 \n33 \n138 \n228 \n437 \n603 \n750 \n115 \n191 \n366 \n506 \n629 \n34 \n134 \n221 \n423 \n584 \n726 \n112 \n185 \n355 \n490 \n609 \n35 \n129 \n214 \n410 \n566 \n703 \n108 \n179 \n344 \n474 \n589 \n36 \n125 \n207 \n397 \n548 \n680 \n105 \n174 \n333 \n459 \n570 \n37 \n121 \n201 \n385 \n530 \n658 \n102 \n168 \n323 \n444 \n551 \n38 \n118 \n194 \n373 \n513 \n636 \n99 \n163 \n312 \n430 \n533 \n39 \n114 \n188 \n361 \n496 \n615 \n95 \n158 \n302 \n416 \n515 \n40 \n110 \n182 \n349 \n480 \n594 \n92 \n153 \n292 \n402 \n498 \n",
  "blocks": [
    {
      "bbox": [
        189.25999450683594,
        79.9579849243164,
        415.2699890136719,
        97.9579849243164
      ],
      "max_font_size": 18.0,
      "text": "利安人寿保险股份有限公司",
      "is_heading": false
    },
    {
      "bbox": [
        178.22000122070312,
        104.599609375,
        424.2099914550781,
        118.63961029052734
      ],
      "max_font_size": 14.039999961853027,
      "text": "利安颐养金生养老年金保险（分红型）",
      "is_heading": false
    },
    {
      "bbox": [
        248.57000732421875,
        124.51959228515625,
        354.0099792480469,
        138.55960083007812
      ],
      "max_font_size": 14.039999961853027,
      "text": "基本保险金额表",
      "is_heading": false
    },
    {
      "bbox": [
        239.92999267578125,
        148.62890625,
        360.7900085449219,
        159.18890380859375
      ],
      "max_font_size": 10.5600004196167,
      "text": "(每1000 元年交保险费)",
      "is_heading": false
    },
    {
      "bbox": [
        442.510009765625,
        168.6689453125,
        521.3800048828125,
        179.22894287109375
      ],
      "max_font_size": 10.5600004196167,
      "text": "单位：人民币元",
      "is_heading": false
    },
    {
      "bbox": [
        45.47999954223633,
        182.74435424804688,
        556.9599609375,
        758.4603271484375
      ],
      "max_font_size": 9.960000038146973,
      "text": "年龄 男性 女性 3 年交 5 年交 10 年交 15 年交 20 年交 3 年交 5 年交 10 年交 15 年交 20 年交 0 355 588 1134 1584 1989 298 492 951 1327 1667 1 346 572 1104 1541 1935 290 479 925 1292 1622 2 337 557 1074 1500 1882 282 466 900 1256 1577 3 328 542 1045 1459 1831 274 454 876 1222 1534 4 319 527 1017 1419 1780 267 442 852 1189 1492 5 310 513 989 1380 1731 260 430 829 1156 1451 6 302 499 962 1342 1683 253 418 806 1125 1410 7 293 485 936 1305 1637 246 407 784 1094 1371 8 285 472 910 1269 1591 239 395 763 1063 1333 9 278 459 885 1234 1546 233 385 742 1034 1296 10 270 446 861 1199 1503 226 374 721 1005 1259 11 263 434 837 1166 1461 220 364 701 977 1224 12 255 422 814 1133 1419 214 354 682 949 1189 13 248 410 791 1101 1379 208 344 663 923 1156 14 241 399 769 1070 1340 202 334 644 897 1123 15 235 388 747 1040 1301 197 325 626 871 1090 16 228 377 726 1010 1264 191 316 608 846 1059 17 222 366 705 981 1227 186 307 591 822 1028 18 215 356 685 953 1192 180 298 574 798 999 19 209 346 666 925 1157 175 290 558 775 969 20 203 336 647 899 1123 170 281 542 753 941 21 197 326 628 872 1090 165 273 526 731 913 22 192 317 610 847 1058 161 266 511 710 886 23 186 308 592 822 1026 156 258 496 689 860 24 181 299 575 797 995 151 250 482 668 834 25 176 290 558 774 965 147 243 468 648 809 26 170 282 542 751 936 143 236 454 629 784 27 165 273 525 728 908 139 229 440 610 761 28 160 265 510 706 880 134 222 427 592 737 29 156 257 494 684 853 130 216 414 574 714 30 151 250 480 663 826 127 209 402 556 692 31 146 242 465 643 800 123 203 390 539 671 32 142 235 451 623 775 119 197 378 522 649 33 138 228 437 603 750 115 191 366 506 629 34 134 221 423 584 726 112 185 355 490 609 35 129 214 410 566 703 108 179 344 474 589 36 125 207 397 548 680 105 174 333 459 570 37 121 201 385 530 658 102 168 323 444 551 38 118 194 373 513 636 99 163 312 430 533 39 114 188 361 496 615 95 158 302 416 515 40 110 182 349 480 594 92 153 292 402 498",
      "is_heading": false
    }
  ]
}