{
  "page_no": 6,
  "width": 595.3200073242188,
  "height": 841.9199829101562,
  "text": " \n15 \n55 \n0 \n1000000 \n0 \n0 \n0 \n0 \n1180536 \n1180536 \n20 \n60 \n0 \n1000000 \n47750 \n47750 \n0 \n0 \n1335407 \n1287657 \n25 \n65 \n0 \n1000000 \n47750 \n286500 \n0 \n0 \n761250 \n1218064 \n30 \n70 \n0 \n1000000 \n47750 \n525250 \n0 \n0 \n522500 \n1157537 \n35 \n75 \n0 \n1000000 \n47750 \n764000 \n0 \n0 \n283750 \n1130504 \n40 \n80 \n0 \n1000000 \n95500 \n1050500 \n0 \n0 \n45000 \n1148687 \n45 \n85 \n0 \n1000000 \n95500 \n1528000 \n0 \n0 \n0 \n1128612 \n50 \n90 \n0 \n1000000 \n95500 \n2005500 \n955000 \n0 \n0 \n455840 \n55 \n95 \n0 \n1000000 \n95500 \n2483000 \n0 \n0 \n0 \n417475 \n60 \n100 \n0 \n1000000 \n0 \n2865000 \n0 \n1000000 \n0 \n0 \n \n示例3：安先生今年30 周岁，他选择购买了利安安享颐生（青山1 号）养老年金保险，选\n择年交、年领方式，65 周岁开始领取养老保险金，投保保障方案二，年交保险费100000 元,10\n年交清，基本保险金额为193300 元。其各保单年度的各项保单利益演示如下： \n保单 \n年度 \n年龄 \n年度 \n保险费 \n累计 \n保险费 \n养老 \n保险金 \n累计养老\n保险金 \n祝寿 \n保险金 \n满期 \n保险金 \n身故 \n保险金 \n现金价\n值 \n1 \n31 \n100000 \n100000 \n0 \n0 \n0 \n0 \n100000 \n28417 \n2 \n32 \n100000 \n200000 \n0 \n0 \n0 \n0 \n200000 \n71075 \n3 \n33 \n100000 \n300000 \n0 \n0 \n0 \n0 \n300000 \n127793 \n4 \n34 \n100000 \n400000 \n0 \n0 \n0 \n0 \n400000 \n197495 \n5 \n35 \n100000 \n500000 \n0 \n0 \n0 \n0 \n500000 \n278152 \n6 \n36 \n100000 \n600000 \n0 \n0 \n0 \n0 \n600000 \n370220 \n7 \n37 \n100000 \n700000 \n0 \n0 \n0 \n0 \n700000 \n474158 \n8 \n38 \n100000 \n800000 \n0 \n0 \n0 \n0 \n800000 \n590422 \n9 \n39 \n100000 \n900000 \n0 \n0 \n0 \n0 \n900000 \n719470 \n10 \n40 \n100000 \n1000000 \n0 \n0 \n0 \n0 \n1000000 \n861759 \n15 \n45 \n0 \n1000000 \n0 \n0 \n0 \n0 \n1180513 \n1180513 \n20 \n50 \n0 \n1000000 \n0 \n0 \n0 \n0 \n1335468 \n1335468 \n25 \n55 \n0 \n1000000 \n0 \n0 \n0 \n0 \n1510669 \n1510669 \n30 \n60 \n0 \n1000000 \n0 \n0 \n0 \n0 \n1708674 \n1708674 \n35 \n65 \n0 \n1000000 \n96650 \n96650 \n0 \n0 \n1932165 \n1835515 \n40 \n70 \n0 \n1000000 \n96650 \n579900 \n0 \n0 \n516750 \n1655193 \n45 \n75 \n0 \n1000000 \n96650 \n1063150 \n0 \n0 \n33500 \n1557662 \n50 \n80 \n0 \n1000000 \n96650 \n1546400 \n0 \n0 \n0 \n1623612 \n55 \n85 \n0 \n1000000 \n193300 \n2126300 \n0 \n0 \n0 \n1935700 \n60 \n90 \n0 \n1000000 \n193300 \n3092800 \n1933000 \n0 \n0 \n714276 \n65 \n95 \n0 \n1000000 \n193300 \n4059300 \n0 \n0 \n0 \n538921 \n70 \n100 \n0 \n1000000 \n0 \n4832500 \n0 \n1000000 \n0 \n0 \n本公司声明： \n1、年度保险费、累计保险费为保单年度初的值；年龄、养老保险金、累计养老保险金、\n祝寿保险金、满期保险金、身故保险金、现金价值为保单年度末的值；  \n2、利益演示数据显示到整数位，为四舍五入后的结果； \n3、金额相关数字的单位为人民币元。 \n \n \n",
  "blocks": [
    {
      "bbox": [
        72.02400207519531,
        59.964317321777344,
        536.4400024414062,
        69.92431640625
      ],
      "max_font_size": 9.960000038146973,
      "text": "15 55 0 1000000 0 0 0 0 1180536 1180536",
      "is_heading": false
    },
    {
      "bbox": [
        72.02400207519531,
        76.0443344116211,
        536.4400024414062,
        86.00433349609375
      ],
      "max_font_size": 9.960000038146973,
      "text": "20 60 0 1000000 47750 47750 0 0 1335407 1287657",
      "is_heading": false
    },
    {
      "bbox": [
        72.02400207519531,
        92.14437103271484,
        536.4400024414062,
        102.1043701171875
      ],
      "max_font_size": 9.960000038146973,
      "text": "25 65 0 1000000 47750 286500 0 0 761250 1218064",
      "is_heading": false
    },
    {
      "bbox": [
        72.02400207519531,
        108.22432708740234,
        536.4400024414062,
        118.184326171875
      ],
      "max_font_size": 9.960000038146973,
      "text": "30 70 0 1000000 47750 525250 0 0 522500 1157537",
      "is_heading": false
    },
    {
      "bbox": [
        72.02400207519531,
        124.3043441772461,
        536.4400024414062,
        134.26434326171875
      ],
      "max_font_size": 9.960000038146973,
      "text": "35 75 0 1000000 47750 764000 0 0 283750 1130504",
      "is_heading": false
    },
    {
      "bbox": [
        72.02400207519531,
        140.38436889648438,
        536.4400024414062,
        150.3443603515625
      ],
      "max_font_size": 9.960000038146973,
      "text": "40 80 0 1000000 95500 1050500 0 0 45000 1148687",
      "is_heading": false
    },
    {
      "bbox": [
        72.02400207519531,
        156.58432006835938,
        536.4400024414062,
        166.5443115234375
      ],
      "max_font_size": 9.960000038146973,
      "text": "45 85 0 1000000 95500 1528000 0 0 0 1128612",
      "is_heading": false
    },
    {
      "bbox": [
        72.02400207519531,
        172.66433715820312,
        533.9199829101562,
        182.62432861328125
      ],
      "max_font_size": 9.960000038146973,
      "text": "50 90 0 1000000 95500 2005500 955000 0 0 455840",
      "is_heading": false
    },
    {
      "bbox": [
        72.02400207519531,
        188.74435424804688,
        533.9199829101562,
        198.704345703125
      ],
      "max_font_size": 9.960000038146973,
      "text": "55 95 0 1000000 95500 2483000 0 0 0 417475",
      "is_heading": false
    },
    {
      "bbox": [
        72.02400207519531,
        204.82437133789062,
        521.4400024414062,
        214.78436279296875
      ],
      "max_font_size": 9.960000038146973,
      "text": "60 100 0 1000000 0 2865000 0 1000000 0 0",
      "is_heading": false
    },
    {
      "bbox": [
        89.90399932861328,
        238.0289306640625,
        505.7799987792969,
        248.58892822265625
      ],
      "max_font_size": 10.5600004196167,
      "text": "示例3：安先生今年30 周岁，他选择购买了利安安享颐生（青山1 号）养老年金保险，选",
      "is_heading": false
    },
    {
      "bbox": [
        89.90399932861328,
        253.98895263671875,
        505.7838439941406,
        264.5489501953125
      ],
      "max_font_size": 10.5600004196167,
      "text": "择年交、年领方式，65 周岁开始领取养老保险金，投保保障方案二，年交保险费100000 元,10",
      "is_heading": false
    },
    {
      "bbox": [
        89.90399932861328,
        269.97894287109375,
        457.510009765625,
        280.5389404296875
      ],
      "max_font_size": 10.5600004196167,
      "text": "年交清，基本保险金额为193300 元。其各保单年度的各项保单利益演示如下：",
      "is_heading": false
    },
    {
      "bbox": [
        66.98400115966797,
        287.0543518066406,
        92.0040054321289,
        297.01434326171875
      ],
      "max_font_size": 9.960000038146973,
      "text": "保单",
      "is_heading": false
    },
    {
      "bbox": [
        66.98400115966797,
        303.0143737792969,
        92.0040054321289,
        312.974365234375
      ],
      "max_font_size": 9.960000038146973,
      "text": "年度",
      "is_heading": false
    },
    {
      "bbox": [
        104.30000305175781,
        287.0543518066406,
        173.47999572753906,
        304.934326171875
      ],
      "max_font_size": 9.960000038146973,
      "text": "年龄 年度",
      "is_heading": false
    },
    {
      "bbox": [
        143.5399932861328,
        303.0143737792969,
        178.51998901367188,
        312.974365234375
      ],
      "max_font_size": 9.960000038146973,
      "text": "保险费",
      "is_heading": false
    },
    {
      "bbox": [
        199.72999572753906,
        287.0543518066406,
        224.75,
        297.01434326171875
      ],
      "max_font_size": 9.960000038146973,
      "text": "累计",
      "is_heading": false
    },
    {
      "bbox": [
        194.66000366210938,
        303.0143737792969,
        229.6699981689453,
        312.974365234375
      ],
      "max_font_size": 9.960000038146973,
      "text": "保险费",
      "is_heading": false
    },
    {
      "bbox": [
        250.72999572753906,
        287.0543518066406,
        275.75,
        297.01434326171875
      ],
      "max_font_size": 9.960000038146973,
      "text": "养老",
      "is_heading": false
    },
    {
      "bbox": [
        245.69000244140625,
        303.0143737792969,
        280.6700134277344,
        312.974365234375
      ],
      "max_font_size": 9.960000038146973,
      "text": "保险金",