{
  "page_no": 1,
  "width": 595.3200073242188,
  "height": 842.0399780273438,
  "text": " \n利安人寿保险股份有限公司 \n利安颐养金生（尊享1 号）年金保险（分红型） \n基本保险金额表 \n (每1000 元趸交或年交保险费) \n单位：人民币元 \n年龄 \n男性 \n女性 \n趸交 \n3 年交 \n5 年交 10 年交 15 年交 20 年交 \n趸交 \n3 年交 \n5 年交 10 年交 15 年交 20 年交 \n0 \n23 \n64 \n105 \n205 \n285 \n362 \n23 \n64 \n105 \n206 \n287 \n364 \n1 \n23 \n64 \n105 \n205 \n285 \n361 \n23 \n64 \n105 \n206 \n287 \n363 \n2 \n23 \n64 \n104 \n205 \n285 \n361 \n23 \n64 \n105 \n206 \n286 \n363 \n3 \n23 \n64 \n104 \n205 \n285 \n361 \n23 \n64 \n105 \n206 \n286 \n363 \n4 \n23 \n64 \n104 \n205 \n285 \n361 \n23 \n64 \n105 \n206 \n286 \n363 \n5 \n23 \n64 \n104 \n205 \n284 \n360 \n23 \n64 \n105 \n206 \n286 \n362 \n6 \n23 \n64 \n104 \n205 \n284 \n360 \n23 \n64 \n105 \n206 \n286 \n362 \n7 \n23 \n64 \n104 \n205 \n284 \n360 \n23 \n64 \n105 \n206 \n286 \n362 \n8 \n23 \n64 \n104 \n205 \n284 \n359 \n23 \n64 \n105 \n206 \n286 \n362 \n9 \n23 \n64 \n104 \n205 \n284 \n359 \n23 \n64 \n105 \n206 \n285 \n361 \n10 \n23 \n64 \n104 \n205 \n284 \n359 \n23 \n64 \n105 \n206 \n285 \n361 \n11 \n23 \n64 \n104 \n205 \n283 \n358 \n23 \n64 \n105 \n206 \n285 \n361 \n12 \n23 \n64 \n104 \n205 \n283 \n358 \n23 \n64 \n105 \n206 \n285 \n360 \n13 \n23 \n64 \n104 \n205 \n283 \n357 \n23 \n64 \n105 \n206 \n285 \n360 \n14 \n23 \n64 \n104 \n205 \n283 \n357 \n23 \n64 \n105 \n206 \n285 \n360 \n15 \n23 \n64 \n104 \n205 \n283 \n357 \n23 \n64 \n105 \n206 \n285 \n359 \n16 \n23 \n64 \n104 \n204 \n282 \n356 \n23 \n64 \n105 \n206 \n284 \n359 \n17 \n23 \n63 \n104 \n204 \n282 \n356 \n23 \n64 \n105 \n206 \n284 \n359 \n18 \n23 \n63 \n104 \n204 \n282 \n355 \n23 \n64 \n105 \n206 \n284 \n358 \n19 \n23 \n63 \n104 \n204 \n282 \n355 \n23 \n64 \n105 \n206 \n284 \n358 \n20 \n23 \n63 \n104 \n204 \n281 \n354 \n23 \n64 \n105 \n206 \n284 \n357 \n21 \n23 \n63 \n104 \n204 \n281 \n354 \n23 \n64 \n105 \n206 \n283 \n357 \n22 \n23 \n63 \n104 \n204 \n281 \n353 \n23 \n64 \n105 \n206 \n283 \n357 \n23 \n23 \n63 \n104 \n204 \n281 \n353 \n23 \n64 \n105 \n206 \n283 \n356 \n24 \n23 \n63 \n104 \n204 \n280 \n352 \n23 \n64 \n105 \n205 \n283 \n356 \n25 \n23 \n63 \n104 \n204 \n280 \n352 \n23 \n64 \n105 \n205 \n282 \n355 \n26 \n23 \n63 \n104 \n204 \n280 \n351 \n23 \n64 \n105 \n205 \n282 \n355 \n27 \n23 \n63 \n104 \n204 \n279 \n351 \n23 \n64 \n105 \n205 \n282 \n354 \n28 \n23 \n63 \n104 \n203 \n279 \n350 \n23 \n64 \n105 \n205 \n282 \n354 \n29 \n23 \n63 \n104 \n203 \n279 \n349 \n23 \n64 \n105 \n205 \n281 \n353 \n30 \n23 \n63 \n104 \n203 \n278 \n349 \n23 \n64 \n105 \n205 \n281 \n352 \n31 \n23 \n63 \n104 \n203 \n278 \n348 \n23 \n64 \n105 \n205 \n281 \n352 \n32 \n23 \n63 \n104 \n203 \n278 \n347 \n23 \n64 \n105 \n205 \n281 \n351 \n33 \n23 \n63 \n104 \n203 \n277 \n346 \n23 \n64 \n105 \n205 \n280 \n351 \n34 \n23 \n63 \n104 \n203 \n277 \n346 \n23 \n64 \n105 \n205 \n280 \n350 \n35 \n23 \n63 \n104 \n203 \n276 \n345 \n23 \n64 \n105 \n205 \n280 \n349 \n36 \n23 \n63 \n103 \n202 \n276 \n344 \n23 \n64 \n105 \n205 \n279 \n348 \n37 \n23 \n63 \n103 \n202 \n275 \n343 \n23 \n64 \n105 \n205 \n279 \n347 \n38 \n23 \n63 \n103 \n202 \n275 \n342 \n23 \n64 \n105 \n205 \n279 \n347 \n39 \n23 \n63 \n103 \n202 \n274 \n341 \n23 \n64 \n105 \n205 \n278 \n346 \n40 \n23 \n63 \n103 \n202 \n274 \n340 \n23 \n64 \n105 \n204 \n278 \n345 \n",
  "blocks": [
    {
      "bbox": [
        189.25999450683594,
        79.9579849243164,
        415.2699890136719,
        97.9579849243164
      ],
      "max_font_size": 18.0,
      "text": "利安人寿保险股份有限公司",
      "is_heading": false
    },
    {
      "bbox": [
        150.13999938964844,
        104.4796142578125,
        452.4100036621094,
        118.51961517333984
      ],
      "max_font_size": 14.039999961853027,
      "text": "利安颐养金生（尊享1 号）年金保险（分红型）",
      "is_heading": false
    },
    {
      "bbox": [
        248.57000732421875,
        124.51959228515625,
        354.0099792480469,
        138.55960083007812
      ],
      "max_font_size": 14.039999961853027,
      "text": "基本保险金额表",
      "is_heading": false
    },
    {
      "bbox": [
        224.2100067138672,
        148.5089111328125,
        376.510009765625,
        159.06890869140625
      ],
      "max_font_size": 10.5600004196167,
      "text": "(每1000 元趸交或年交保险费)",
      "is_heading": false
    },
    {
      "bbox": [
        442.510009765625,
        168.5489501953125,
        521.3800048828125,
        179.10894775390625
      ],
      "max_font_size": 10.5600004196167,
      "text": "单位：人民币元",
      "is_heading": false
    },
    {
      "bbox": [
        39.959999084472656,
        182.74435424804688,
        565.8399658203125,
        758.4603271484375
      ],
      "max_font_size": 9.960000038146973,
      "text": "年龄 男性 女性 趸交 3 年交 5 年交 10 年交 15 年交 20 年交 趸交 3 年交 5 年交 10 年交 15 年交 20 年交 0 23 64 105 205 285 362 23 64 105 206 287 364 1 23 64 105 205 285 361 23 64 105 206 287 363 2 23 64 104 205 285 361 23 64 105 206 286 363 3 23 64 104 205 285 361 23 64 105 206 286 363 4 23 64 104 205 285 361 23 64 105 206 286 363 5 23 64 104 205 284 360 23 64 105 206 286 362 6 23 64 104 205 284 360 23 64 105 206 286 362 7 23 64 104 205 284 360 23 64 105 206 286 362 8 23 64 104 205 284 359 23 64 105 206 286 362 9 23 64 104 205 284 359 23 64 105 206 285 361 10 23 64 104 205 284 359 23 64 105 206 285 361 11 23 64 104 205 283 358 23 64 105 206 285 361 12 23 64 104 205 283 358 23 64 105 206 285 360 13 23 64 104 205 283 357 23 64 105 206 285 360 14 23 64 104 205 283 357 23 64 105 206 285 360 15 23 64 104 205 283 357 23 64 105 206 285 359 16 23 64 104 204 282 356 23 64 105 206 284 359 17 23 63 104 204 282 356 23 64 105 206 284 359 18 23 63 104 204 282 355 23 64 105 206 284 358 19 23 63 104 204 282 355 23 64 105 206 284 358 20 23 63 104 204 281 354 23 64 105 206 284 357 21 23 63 104 204 281 354 23 64 105 206 283 357 22 23 63 104 204 281 353 23 64 105 206 283 357 23 23 63 104 204 281 353 23 64 105 206 283 356 24 23 63 104 204 280 352 23 64 105 205 283 356 25 23 63 104 204 280 352 23 64 105 205 282 355 26 23 63 104 204 280 351 23 64 105 205 282 355 27 23 63 104 204 279 351 23 64 105 205 282 354 28 23 63 104 203 279 350 23 64 105 205 282 354 29 23 63 104 203 279 349 23 64 105 205 281 353 30 23 63 104 203 278 349 23 64 105 205 281 352 31 23 63 104 203 278 348 23 64 105 205 281 352 32 23 63 104 203 278 347 23 64 105 205 281 351 33 23 63 104 203 277 346 23 64 105 205 280 351 34 23 63 104 203 277 346 23 64 105 205 280 350 35 23 63 104 203 276 345 23 64 105 205 280 349 36 23 63 103 202 276 344 23 64 105 205 279 348 37 23 63 103 202 275 343 23 64 105 205 279 347 38 23 63 103 202 275 342 23 64 105 205 279 347 39 23 63 103 202 274 341 23 64 105 205 278 346 40 23 63 103 202 274 340 23 64 105 204 278 345",
      "is_heading": false
    }
  ]
}