{
  "page_no": 5,
  "width": 595.3200073242188,
  "height": 842.0399780273438,
  "text": " \n保险期间 \n终身 \n身故保险金的给付方式 \n方案一 \n性别 \n男性 \n女性 \n交费期间 \n年龄 \n5 年交 10 年\n交 \n15 年\n交 \n20 年\n交 \n30 年\n交 \n5 年交 10 年\n交 \n15 年\n交 \n20 年\n交 \n30 年\n交 \n4 \n454 \n230 \n160 \n128 \n100 \n437 \n221 \n154 \n123 \n96 \n5 \n467 \n236 \n165 \n131 \n103 \n449 \n227 \n158 \n126 \n99 \n6 \n481 \n243 \n169 \n135 \n106 \n462 \n234 \n163 \n130 \n101 \n7 \n495 \n250 \n174 \n139 \n109 \n475 \n240 \n168 \n133 \n104 \n8 \n509 \n258 \n179 \n143 \n112 \n489 \n247 \n172 \n137 \n108 \n9 \n524 \n265 \n185 \n147 \n115 \n503 \n255 \n177 \n141 \n111 \n10 \n539 \n273 \n190 \n151 \n119 \n518 \n262 \n183 \n145 \n114 \n11 \n555 \n281 \n196 \n156 \n122 \n533 \n270 \n188 \n150 \n117 \n12 \n571 \n289 \n201 \n160 \n126 \n548 \n277 \n193 \n154 \n121 \n13 \n587 \n297 \n207 \n165 \n129 \n564 \n285 \n199 \n159 \n124 \n14 \n604 \n306 \n213 \n170 \n133 \n580 \n294 \n205 \n163 \n128 \n15 \n622 \n315 \n219 \n175 \n137 \n597 \n302 \n211 \n168 \n132 \n16 \n640 \n324 \n226 \n180 \n141 \n614 \n311 \n217 \n173 \n136 \n17 \n658 \n333 \n232 \n185 \n146 \n632 \n320 \n223 \n178 \n140 \n18 \n677 \n343 \n239 \n191 \n150 \n650 \n329 \n230 \n183 \n144 \n19 \n697 \n353 \n246 \n196 \n155 \n668 \n338 \n236 \n189 \n149 \n20 \n717 \n363 \n253 \n202 \n159 \n687 \n348 \n243 \n194 \n153 \n21 \n738 \n374 \n261 \n208 \n164 \n707 \n358 \n250 \n200 \n158 \n22 \n759 \n385 \n268 \n214 \n169 \n727 \n368 \n257 \n206 \n163 \n23 \n781 \n396 \n276 \n221 \n175 \n747 \n379 \n265 \n212 \n168 \n24 \n804 \n407 \n284 \n227 \n180 \n768 \n389 \n272 \n218 \n173 \n25 \n827 \n419 \n293 \n234 \n186 \n790 \n401 \n280 \n224 \n178 \n26 \n851 \n431 \n301 \n241 \n192 \n812 \n412 \n288 \n231 \n184 \n27 \n875 \n444 \n310 \n248 \n198 \n834 \n423 \n297 \n238 \n190 \n28 \n901 \n457 \n319 \n256 \n204 \n858 \n435 \n305 \n245 \n196 \n29 \n926 \n470 \n329 \n264 \n211 \n881 \n448 \n314 \n252 \n202 \n30 \n953 \n484 \n339 \n272 \n218 \n905 \n460 \n323 \n260 \n209 \n31 \n980 \n498 \n349 \n280 \n225 \n929 \n473 \n332 \n267 \n215 \n32 \n1008 \n512 \n359 \n289 \n233 \n954 \n485 \n341 \n275 \n222 \n33 \n1037 \n527 \n370 \n298 \n241 \n979 \n499 \n351 \n283 \n229 \n34 \n1066 \n542 \n381 \n307 \n250 \n1004 \n512 \n361 \n291 \n237 \n35 \n1096 \n558 \n392 \n317 \n259 \n1030 \n525 \n371 \n300 \n244 \n36 \n1127 \n574 \n404 \n327 \n269 \n1055 \n539 \n381 \n308 \n253 \n37 \n1159 \n591 \n417 \n337 \n279 \n1082 \n553 \n391 \n317 \n261 \n38 \n1191 \n608 \n429 \n348 \n291 \n1108 \n568 \n402 \n326 \n270 \n39 \n1224 \n625 \n442 \n359 \n302 \n1135 \n582 \n412 \n335 \n279 \n40 \n1257 \n643 \n455 \n371 \n315 \n1161 \n596 \n423 \n344 \n289 \n",
  "blocks": [
    {
      "bbox": [
        109.58000183105469,
        77.62435150146484,
        365.77001953125,
        87.5843505859375
      ],
      "max_font_size": 9.960000038146973,
      "text": "保险期间 终身",
      "is_heading": false
    },
    {
      "bbox": [
        79.58399963378906,
        93.10433197021484,
        370.69000244140625,
        103.0643310546875
      ],
      "max_font_size": 9.960000038146973,
      "text": "身故保险金的给付方式 方案一",
      "is_heading": false
    },
    {
      "bbox": [
        119.54000091552734,
        108.70430755615234,
        449.6500244140625,
        118.664306640625
      ],
      "max_font_size": 9.960000038146973,
      "text": "性别 男性 女性",
      "is_heading": false
    },
    {
      "bbox": [
        139.82000732421875,
        124.1843490600586,
        184.75999450683594,
        134.14434814453125
      ],
      "max_font_size": 9.960000038146973,
      "text": "交费期间",
      "is_heading": false
    },
    {
      "bbox": [
        79.46399688720703,
        124.1843490600586,
        244.25,
        149.14434814453125
      ],
      "max_font_size": 9.960000038146973,
      "text": "年龄 5 年交 10 年",
      "is_heading": false
    },
    {
      "bbox": [
        227.92999267578125,
        139.18435668945312,
        242.8699951171875,
        149.14434814453125
      ],
      "max_font_size": 9.960000038146973,
      "text": "交",
      "is_heading": false
    },
    {
      "bbox": [
        255.2899932861328,
        124.1843490600586,
        277.8500061035156,
        134.14434814453125
      ],
      "max_font_size": 9.960000038146973,
      "text": "15 年",
      "is_heading": false
    },
    {
      "bbox": [
        261.5299987792969,
        139.18435668945312,
        276.4700012207031,
        149.14434814453125
      ],
      "max_font_size": 9.960000038146973,
      "text": "交",
      "is_heading": false
    },
    {
      "bbox": [
        288.8900146484375,
        124.1843490600586,
        311.4499816894531,
        134.14434814453125
      ],
      "max_font_size": 9.960000038146973,
      "text": "20 年",
      "is_heading": false
    },
    {
      "bbox": [
        295.1300048828125,
        139.18435668945312,
        310.07000732421875,
        149.14434814453125
      ],
      "max_font_size": 9.960000038146973,
      "text": "交",
      "is_heading": false
    },
    {
      "bbox": [
        322.489990234375,
        124.1843490600586,
        345.0699768066406,
        134.14434814453125
      ],
      "max_font_size": 9.960000038146973,
      "text": "30 年",
      "is_heading": false
    },
    {
      "bbox": [
        328.7300109863281,
        124.1843490600586,
        412.2699890136719,
        149.14434814453125
      ],
      "max_font_size": 9.960000038146973,
      "text": "交 5 年交 10 年",
      "is_heading": false
    },
    {
      "bbox": [
        395.95001220703125,
        139.18435668945312,
        410.8900146484375,
        149.14434814453125
      ],
      "max_font_size": 9.960000038146973,
      "text": "交",
      "is_heading": false
    },
    {
      "bbox": [
        423.30999755859375,
        124.1843490600586,
        445.8699951171875,
        134.14434814453125
      ],
      "max_font_size": 9.960000038146973,
      "text": "15 年",
      "is_heading": false
    },
    {
      "bbox": [
        429.54998779296875,
        139.18435668945312,
        444.4900207519531,
        149.14434814453125
      ],
      "max_font_size": 9.960000038146973,
      "text": "交",
      "is_heading": false
    },
    {
      "bbox": [
        456.9100036621094,
        124.1843490600586,
        479.5,
        134.14434814453125
      ],
      "max_font_size": 9.960000038146973,
      "text": "20 年",
      "is_heading": false
    },
    {
      "bbox": [
        463.1499938964844,
        139.18435668945312,
        478.1200256347656,
        149.14434814453125
      ],
      "max_font_size": 9.960000038146973,
      "text": "交",
      "is_heading": false
    },
    {
      "bbox": [
        490.6600036621094,
        124.1843490600586,
        513.2200317382812,
        134.14434814453125
      ],
      "max_font_size": 9.960000038146973,
      "text": "30 年",
      "is_heading": false
    },
    {
      "bbox": [
        127.0999984741211,
        139.18435668945312,
        511.8399963378906,
        163.90435791015625
      ],
      "max_font_size": 9.960000038146973,
      "text": "交 4 454 230 160 128 100 437 221 154 123 96",
      "is_heading": false
    },
    {
      "bbox": [
        127.0999984741211,
        170.02432250976562,
        511.8399963378906,
        179.98431396484375
      ],
      "max_font_size": 9.960000038146973,
      "text": "5 467 236 165 131 103 449 227 158 126 99",
      "is_heading": false
    },
    {
      "bbox": [
        127.0999984741211,
        186.10433959960938,
        514.3599853515625,
        196.0643310546875
      ],
      "max_font_size": 9.960000038146973,
      "text": "6 481 243 169 135 106 462 234 163 130 101",
      "is_heading": false
    },
    {
      "bbox": [
        127.0999984741211,
        202.18435668945312,
        514.3599853515625,
        212.14434814453125
      ],
      "max_font_size": 9.960000038146973,
      "text": "7 495 250 174 139 109 475 240 168 133 104",