{
  "page_no": 7,
  "width": 595.3200073242188,
  "height": 842.0399780273438,
  "text": " \n保险期间 \n终身 \n身故保险金的给付方式 \n方案二 \n性别 \n男性 \n女性 \n交费期间 \n年龄 \n5 年交 10 年\n交 \n15 年\n交 \n20 年\n交 \n30 年\n交 \n5 年交 10 年\n交 \n15 年\n交 \n20 年\n交 \n30 年\n交 \n9 \n574 \n291 \n202 \n161 \n126 \n542 \n274 \n191 \n152 \n119 \n10 \n591 \n299 \n208 \n166 \n130 \n558 \n282 \n197 \n157 \n123 \n11 \n608 \n308 \n214 \n171 \n134 \n574 \n290 \n202 \n161 \n126 \n12 \n625 \n317 \n221 \n176 \n138 \n591 \n299 \n208 \n166 \n130 \n13 \n643 \n326 \n227 \n181 \n142 \n608 \n307 \n214 \n171 \n134 \n14 \n662 \n335 \n234 \n186 \n146 \n625 \n316 \n221 \n176 \n138 \n15 \n681 \n345 \n241 \n192 \n151 \n643 \n326 \n227 \n181 \n142 \n16 \n701 \n355 \n248 \n198 \n155 \n662 \n335 \n234 \n186 \n147 \n17 \n721 \n365 \n255 \n203 \n160 \n681 \n345 \n241 \n192 \n151 \n18 \n742 \n376 \n262 \n209 \n165 \n700 \n355 \n248 \n198 \n156 \n19 \n762 \n386 \n270 \n215 \n170 \n720 \n365 \n255 \n203 \n160 \n20 \n784 \n397 \n277 \n222 \n175 \n740 \n375 \n262 \n209 \n165 \n21 \n805 \n408 \n285 \n228 \n180 \n760 \n385 \n269 \n215 \n170 \n22 \n828 \n420 \n293 \n234 \n185 \n781 \n396 \n277 \n221 \n175 \n23 \n851 \n431 \n302 \n241 \n191 \n803 \n407 \n285 \n228 \n180 \n24 \n874 \n444 \n310 \n248 \n197 \n825 \n419 \n293 \n234 \n186 \n25 \n899 \n456 \n319 \n255 \n203 \n848 \n430 \n301 \n241 \n192 \n26 \n923 \n469 \n328 \n262 \n209 \n871 \n442 \n309 \n248 \n197 \n27 \n949 \n482 \n337 \n270 \n215 \n895 \n454 \n318 \n255 \n203 \n28 \n975 \n495 \n347 \n278 \n222 \n919 \n467 \n327 \n263 \n210 \n29 \n1002 \n509 \n357 \n286 \n229 \n944 \n480 \n337 \n270 \n216 \n30 \n1029 \n523 \n367 \n294 \n236 \n970 \n493 \n346 \n278 \n223 \n31 \n1057 \n538 \n377 \n303 \n244 \n995 \n506 \n356 \n286 \n230 \n32 \n1086 \n553 \n388 \n312 \n252 \n1021 \n520 \n366 \n295 \n237 \n33 \n1115 \n568 \n399 \n321 \n260 \n1048 \n534 \n376 \n303 \n244 \n34 \n1146 \n584 \n411 \n331 \n269 \n1075 \n548 \n386 \n312 \n252 \n35 \n1177 \n600 \n423 \n341 \n278 \n1102 \n562 \n397 \n320 \n259 \n36 \n1208 \n617 \n435 \n352 \n287 \n1129 \n577 \n407 \n329 \n267 \n37 \n1241 \n634 \n447 \n362 \n297 \n1157 \n592 \n418 \n339 \n275 \n38 \n1274 \n651 \n460 \n373 \n308 \n1185 \n607 \n429 \n348 \n284 \n39 \n1307 \n669 \n474 \n385 \n318 \n1213 \n622 \n441 \n357 \n292 \n40 \n1341 \n688 \n487 \n397 \n330 \n1242 \n638 \n452 \n367 \n301 \n41 \n1375 \n706 \n501 \n409 \n \n1270 \n653 \n463 \n376 \n \n42 \n1410 \n725 \n516 \n422 \n \n1298 \n668 \n475 \n386 \n \n43 \n1446 \n745 \n531 \n435 \n \n1326 \n683 \n486 \n396 \n \n44 \n1482 \n765 \n546 \n449 \n \n1354 \n698 \n497 \n406 \n \n45 \n1519 \n785 \n562 \n463 \n \n1381 \n713 \n508 \n416 \n \n",
  "blocks": [
    {
      "bbox": [
        109.58000183105469,
        77.62435150146484,
        365.77001953125,
        87.5843505859375
      ],
      "max_font_size": 9.960000038146973,
      "text": "保险期间 终身",
      "is_heading": false
    },
    {
      "bbox": [
        79.58399963378906,
        93.10433197021484,
        370.69000244140625,
        103.0643310546875
      ],
      "max_font_size": 9.960000038146973,
      "text": "身故保险金的给付方式 方案二",
      "is_heading": false
    },
    {
      "bbox": [
        119.54000091552734,
        108.70430755615234,
        449.6500244140625,
        118.664306640625
      ],
      "max_font_size": 9.960000038146973,
      "text": "性别 男性 女性",
      "is_heading": false
    },
    {
      "bbox": [
        139.82000732421875,
        124.1843490600586,
        184.75999450683594,
        134.14434814453125
      ],
      "max_font_size": 9.960000038146973,
      "text": "交费期间",
      "is_heading": false
    },
    {
      "bbox": [
        79.46399688720703,
        124.1843490600586,
        244.25,
        149.14434814453125
      ],
      "max_font_size": 9.960000038146973,
      "text": "年龄 5 年交 10 年",
      "is_heading": false
    },
    {
      "bbox": [
        227.92999267578125,
        139.18435668945312,
        242.8699951171875,
        149.14434814453125
      ],
      "max_font_size": 9.960000038146973,
      "text": "交",
      "is_heading": false
    },
    {
      "bbox": [
        255.2899932861328,
        124.1843490600586,
        277.8500061035156,
        134.14434814453125
      ],
      "max_font_size": 9.960000038146973,
      "text": "15 年",
      "is_heading": false
    },
    {
      "bbox": [
        261.5299987792969,
        139.18435668945312,
        276.4700012207031,
        149.14434814453125
      ],
      "max_font_size": 9.960000038146973,
      "text": "交",
      "is_heading": false
    },
    {
      "bbox": [
        288.8900146484375,
        124.1843490600586,
        311.4499816894531,
        134.14434814453125
      ],
      "max_font_size": 9.960000038146973,
      "text": "20 年",
      "is_heading": false
    },
    {
      "bbox": [
        295.1300048828125,
        139.18435668945312,
        310.07000732421875,
        149.14434814453125
      ],
      "max_font_size": 9.960000038146973,
      "text": "交",
      "is_heading": false
    },
    {
      "bbox": [
        322.489990234375,
        124.1843490600586,
        345.0699768066406,
        134.14434814453125
      ],
      "max_font_size": 9.960000038146973,
      "text": "30 年",
      "is_heading": false
    },
    {
      "bbox": [
        328.7300109863281,
        124.1843490600586,
        412.2699890136719,
        149.14434814453125
      ],
      "max_font_size": 9.960000038146973,
      "text": "交 5 年交 10 年",
      "is_heading": false
    },
    {
      "bbox": [
        395.95001220703125,
        139.18435668945312,
        410.8900146484375,
        149.14434814453125
      ],
      "max_font_size": 9.960000038146973,
      "text": "交",
      "is_heading": false
    },
    {
      "bbox": [
        423.30999755859375,
        124.1843490600586,
        445.8699951171875,
        134.14434814453125
      ],
      "max_font_size": 9.960000038146973,
      "text": "15 年",
      "is_heading": false
    },
    {
      "bbox": [
        429.54998779296875,
        139.18435668945312,
        444.4900207519531,
        149.14434814453125
      ],
      "max_font_size": 9.960000038146973,
      "text": "交",
      "is_heading": false
    },
    {
      "bbox": [
        456.9100036621094,
        124.1843490600586,
        479.5,
        134.14434814453125
      ],
      "max_font_size": 9.960000038146973,
      "text": "20 年",
      "is_heading": false
    },
    {
      "bbox": [
        463.1499938964844,
        139.18435668945312,
        478.1200256347656,
        149.14434814453125
      ],
      "max_font_size": 9.960000038146973,
      "text": "交",
      "is_heading": false
    },
    {
      "bbox": [
        490.6600036621094,
        124.1843490600586,
        513.2200317382812,
        134.14434814453125
      ],
      "max_font_size": 9.960000038146973,
      "text": "30 年",
      "is_heading": false
    },
    {
      "bbox": [
        127.0999984741211,
        139.18435668945312,
        514.3599853515625,
        163.90435791015625
      ],
      "max_font_size": 9.960000038146973,
      "text": "交 9 574 291 202 161 126 542 274 191 152 119",
      "is_heading": false
    },
    {
      "bbox": [
        124.58000183105469,
        170.02432250976562,
        514.3599853515625,
        179.98431396484375
      ],
      "max_font_size": 9.960000038146973,
      "text": "10 591 299 208 166 130 558 282 197 157 123",
      "is_heading": false
    },
    {
      "bbox": [
        124.58000183105469,
        186.10433959960938,
        514.3599853515625,
        196.0643310546875
      ],
      "max_font_size": 9.960000038146973,
      "text": "11 608 308 214 171 134 574 290 202 161 126",
      "is_heading": false
    },
    {
      "bbox": [
        124.58000183105469,
        202.18435668945312,
        514.3599853515625,
        212.14434814453125
      ],
      "max_font_size": 9.960000038146973,
      "text": "12 625 317 221 176 138 591 299 208 166 130",