{
  "page_no": 3,
  "width": 595.3200073242188,
  "height": 842.0399780273438,
  "text": " \n单位：人民币元 \n保险期间 \n至70 周岁 \n身故保险金的给付方式 \n方案二 \n性别 \n男性 \n女性 \n交费期间 \n年龄 \n5 年交 10 年\n交 \n15 年\n交 \n20 年\n交 \n30 年\n交 \n5 年交 10 年\n交 \n15 年\n交 \n20 年\n交 \n30 年\n交 \n0 \n286 \n145 \n101 \n80 \n63 \n258 \n131 \n91 \n73 \n57 \n1 \n294 \n148 \n103 \n82 \n64 \n265 \n134 \n93 \n74 \n58 \n2 \n301 \n152 \n106 \n84 \n66 \n271 \n137 \n96 \n76 \n59 \n3 \n309 \n156 \n109 \n87 \n68 \n278 \n141 \n98 \n78 \n61 \n4 \n317 \n160 \n112 \n89 \n70 \n286 \n144 \n101 \n80 \n63 \n5 \n326 \n165 \n115 \n91 \n72 \n293 \n148 \n103 \n82 \n64 \n6 \n335 \n169 \n118 \n94 \n74 \n301 \n152 \n106 \n85 \n66 \n7 \n344 \n174 \n121 \n97 \n76 \n310 \n157 \n109 \n87 \n68 \n8 \n354 \n179 \n125 \n99 \n78 \n318 \n161 \n112 \n89 \n70 \n9 \n364 \n184 \n128 \n102 \n80 \n327 \n166 \n115 \n92 \n72 \n10 \n374 \n189 \n132 \n105 \n82 \n336 \n170 \n119 \n95 \n74 \n11 \n385 \n195 \n136 \n108 \n85 \n346 \n175 \n122 \n97 \n76 \n12 \n396 \n200 \n140 \n111 \n87 \n355 \n180 \n125 \n100 \n78 \n13 \n407 \n206 \n144 \n114 \n90 \n365 \n185 \n129 \n103 \n81 \n14 \n418 \n212 \n148 \n118 \n92 \n375 \n190 \n133 \n106 \n83 \n15 \n430 \n218 \n152 \n121 \n95 \n386 \n195 \n136 \n109 \n85 \n16 \n442 \n224 \n156 \n125 \n98 \n397 \n201 \n140 \n112 \n88 \n17 \n454 \n230 \n161 \n128 \n101 \n408 \n206 \n144 \n115 \n90 \n18 \n467 \n236 \n165 \n132 \n104 \n419 \n212 \n148 \n118 \n93 \n19 \n479 \n243 \n169 \n135 \n107 \n430 \n218 \n152 \n121 \n96 \n20 \n491 \n249 \n174 \n139 \n110 \n441 \n223 \n156 \n125 \n98 \n21 \n504 \n255 \n178 \n143 \n113 \n452 \n229 \n160 \n128 \n101 \n22 \n517 \n262 \n183 \n146 \n116 \n464 \n235 \n164 \n131 \n104 \n23 \n530 \n269 \n188 \n150 \n119 \n476 \n241 \n169 \n135 \n107 \n24 \n544 \n276 \n193 \n154 \n122 \n488 \n247 \n173 \n138 \n110 \n25 \n558 \n283 \n198 \n158 \n126 \n500 \n254 \n177 \n142 \n113 \n26 \n572 \n290 \n203 \n163 \n129 \n512 \n260 \n182 \n146 \n116 \n27 \n586 \n298 \n208 \n167 \n133 \n525 \n266 \n187 \n150 \n119 \n28 \n601 \n305 \n214 \n171 \n137 \n537 \n273 \n191 \n154 \n123 \n29 \n616 \n313 \n219 \n176 \n141 \n550 \n280 \n196 \n158 \n126 \n30 \n631 \n321 \n225 \n181 \n145 \n563 \n286 \n201 \n162 \n129 \n31 \n646 \n329 \n231 \n185 \n149 \n576 \n293 \n206 \n166 \n133 \n32 \n662 \n337 \n237 \n190 \n153 \n588 \n299 \n211 \n170 \n136 \n33 \n678 \n345 \n243 \n195 \n158 \n600 \n306 \n215 \n174 \n140 \n34 \n694 \n354 \n249 \n201 \n163 \n613 \n312 \n220 \n178 \n143 \n35 \n710 \n362 \n255 \n206 \n168 \n624 \n319 \n225 \n182 \n147 \n",
  "blocks": [
    {
      "bbox": [
        442.510009765625,
        81.5489501953125,
        521.3800048828125,
        92.10895538330078
      ],
      "max_font_size": 10.5600004196167,
      "text": "单位：人民币元",
      "is_heading": false
    },
    {
      "bbox": [
        109.58000183105469,
        97.6643295288086,
        378.25,
        107.62432861328125
      ],
      "max_font_size": 9.960000038146973,
      "text": "保险期间 至70 周岁",
      "is_heading": false
    },
    {
      "bbox": [
        79.58399963378906,
        113.1443099975586,
        370.69000244140625,
        123.10430908203125
      ],
      "max_font_size": 9.960000038146973,
      "text": "身故保险金的给付方式 方案二",
      "is_heading": false
    },
    {
      "bbox": [
        119.54000091552734,
        128.62435913085938,
        449.6500244140625,
        138.5843505859375
      ],
      "max_font_size": 9.960000038146973,
      "text": "性别 男性 女性",
      "is_heading": false
    },
    {
      "bbox": [
        139.82000732421875,
        144.10433959960938,
        184.75999450683594,
        154.0643310546875
      ],
      "max_font_size": 9.960000038146973,
      "text": "交费期间",
      "is_heading": false
    },
    {
      "bbox": [
        79.46399688720703,
        144.10433959960938,
        244.25,
        169.0643310546875
      ],
      "max_font_size": 9.960000038146973,
      "text": "年龄 5 年交 10 年",
      "is_heading": false
    },
    {
      "bbox": [
        227.92999267578125,
        159.10433959960938,
        242.8699951171875,
        169.0643310546875
      ],
      "max_font_size": 9.960000038146973,
      "text": "交",
      "is_heading": false
    },
    {
      "bbox": [
        255.2899932861328,
        144.10433959960938,
        277.8500061035156,
        154.0643310546875
      ],
      "max_font_size": 9.960000038146973,
      "text": "15 年",
      "is_heading": false
    },
    {
      "bbox": [
        261.5299987792969,
        159.10433959960938,
        276.4700012207031,
        169.0643310546875
      ],
      "max_font_size": 9.960000038146973,
      "text": "交",
      "is_heading": false
    },
    {
      "bbox": [
        288.8900146484375,
        144.10433959960938,
        311.4499816894531,
        154.0643310546875
      ],
      "max_font_size": 9.960000038146973,
      "text": "20 年",
      "is_heading": false
    },
    {
      "bbox": [
        295.1300048828125,
        159.10433959960938,
        310.07000732421875,
        169.0643310546875
      ],
      "max_font_size": 9.960000038146973,
      "text": "交",
      "is_heading": false
    },
    {
      "bbox": [
        322.489990234375,
        144.10433959960938,
        345.0699768066406,
        154.0643310546875
      ],
      "max_font_size": 9.960000038146973,
      "text": "30 年",
      "is_heading": false
    },
    {
      "bbox": [
        328.7300109863281,
        144.10433959960938,
        412.2699890136719,
        169.0643310546875
      ],
      "max_font_size": 9.960000038146973,
      "text": "交 5 年交 10 年",
      "is_heading": false
    },
    {
      "bbox": [
        395.95001220703125,
        159.10433959960938,
        410.8900146484375,
        169.0643310546875
      ],
      "max_font_size": 9.960000038146973,
      "text": "交",
      "is_heading": false
    },
    {
      "bbox": [
        423.30999755859375,
        144.10433959960938,
        445.8699951171875,
        154.0643310546875
      ],
      "max_font_size": 9.960000038146973,
      "text": "15 年",
      "is_heading": false
    },
    {
      "bbox": [
        429.54998779296875,
        159.10433959960938,
        444.4900207519531,
        169.0643310546875
      ],
      "max_font_size": 9.960000038146973,
      "text": "交",
      "is_heading": false
    },
    {
      "bbox": [
        456.9100036621094,
        144.10433959960938,
        479.5,
        154.0643310546875
      ],
      "max_font_size": 9.960000038146973,
      "text": "20 年",
      "is_heading": false
    },
    {
      "bbox": [
        463.1499938964844,
        159.10433959960938,
        478.1200256347656,
        169.0643310546875
      ],
      "max_font_size": 9.960000038146973,
      "text": "交",
      "is_heading": false
    },
    {
      "bbox": [
        490.6600036621094,
        144.10433959960938,
        513.2200317382812,
        154.0643310546875
      ],
      "max_font_size": 9.960000038146973,
      "text": "30 年",
      "is_heading": false
    },
    {
      "bbox": [
        127.0999984741211,
        159.10433959960938,
        511.8399963378906,
        183.9443359375
      ],
      "max_font_size": 9.960000038146973,
      "text": "交 0 286 145 101 80 63 258 131 91 73 57",
      "is_heading": false
    },
    {
      "bbox": [
        127.0999984741211,
        190.06436157226562,
        511.8399963378906,
        200.02435302734375
      ],
      "max_font_size": 9.960000038146973,
      "text": "1 294 148 103 82 64 265 134 93 74 58",
      "is_heading": false
    },
    {
      "bbox": [
        127.0999984741211,
        206.14431762695312,
        511.8399963378906,
        216.10430908203125
      ],
      "max_font_size": 9.960000038146973,
      "text": "2 301 152 106 84 66 271 137 96 76 59",
      "is_heading": false
    },
    {
      "bbox": [
        127.0999984741211,
        222.22433471679688,
        511.8399963378906,
        232.184326171875
      ],
      "max_font_size": 9.960000038146973,