{
  "page_no": 3,
  "width": 841.9199829101562,
  "height": 595.3200073242188,
  "text": "39 \n4202 \n1496 \n1135 \n922 \n783 \n682 \n608 \n550 \n504 \n368 \n304 \n251 \n467 \n352 \n298 \n266 \n40 \n4352 \n1550 \n1176 \n956 \n811 \n708 \n630 \n571 \n523 \n382 \n316 \n263 \n523 \n382 \n316 \n283 \n41 \n4507 \n1606 \n1218 \n990 \n841 \n734 \n654 \n592 \n543 \n397 \n329 \n \n592 \n417 \n339 \n301 \n42 \n4666 \n1663 \n1262 \n1026 \n872 \n761 \n678 \n614 \n564 \n413 \n343 \n \n678 \n458 \n365 \n321 \n43 \n4830 \n1722 \n1307 \n1063 \n903 \n788 \n703 \n637 \n585 \n430 \n357 \n \n788 \n506 \n395 \n343 \n44 \n4998 \n1783 \n1354 \n1101 \n936 \n817 \n729 \n661 \n607 \n447 \n373 \n \n936 \n562 \n427 \n367 \n45 \n5172 \n1846 \n1402 \n1141 \n970 \n847 \n756 \n685 \n630 \n465 \n389 \n \n1141 \n630 \n465 \n389 \n46 \n5350 \n1910 \n1452 \n1182 \n1005 \n878 \n784 \n711 \n654 \n483 \n405 \n \n1452 \n711 \n506 \n417 \n47 \n5534 \n1977 \n1503 \n1224 \n1041 \n910 \n813 \n737 \n678 \n503 \n423 \n \n1977 \n813 \n555 \n448 \n48 \n5722 \n2046 \n1556 \n1267 \n1079 \n943 \n843 \n765 \n704 \n523 \n441 \n \n \n943 \n612 \n483 \n49 \n5916 \n2116 \n1610 \n1312 \n1118 \n978 \n874 \n794 \n731 \n545 \n461 \n \n \n1118 \n679 \n523 \n50 \n6116 \n2190 \n1667 \n1359 \n1158 \n1013 \n906 \n824 \n759 \n568 \n482 \n \n \n1359 \n759 \n568 \n51 \n6322 \n2265 \n1725 \n1407 \n1199 \n1050 \n940 \n855 \n788 \n591 \n \n \n \n1725 \n855 \n618 \n52 \n6533 \n2343 \n1785 \n1457 \n1243 \n1089 \n975 \n887 \n818 \n616 \n \n \n \n2343 \n975 \n676 \n53 \n6749 \n2422 \n1847 \n1508 \n1287 \n1129 \n1011 \n921 \n850 \n643 \n \n \n \n \n1129 \n744 \n54 \n6971 \n2504 \n1910 \n1561 \n1333 \n1170 \n1049 \n956 \n883 \n670 \n \n \n \n \n1333 \n823 \n55 \n7197 \n2589 \n1976 \n1616 \n1381 \n1213 \n1088 \n993 \n918 \n699 \n \n \n \n \n1616 \n918 \n56 \n7429 \n2675 \n2043 \n1672 \n1431 \n1257 \n1129 \n1030 \n953 \n \n \n \n \n \n2043 \n1030 \n57 \n7665 \n2764 \n2113 \n1731 \n1482 \n1303 \n1171 \n1070 \n991 \n \n \n \n \n \n2764 \n1171 \n58 \n7904 \n2854 \n2184 \n1790 \n1534 \n1350 \n1214 \n1110 \n1029 \n \n \n \n \n \n \n1350 \n59 \n8147 \n2946 \n2256 \n1851 \n1587 \n1398 \n1259 \n1152 \n1069 \n \n \n \n \n \n \n1587 \n60 \n8393 \n3039 \n2329 \n1912 \n1641 \n1448 \n1305 \n1195 \n1110 \n \n \n \n \n \n \n1912 \n61 \n8642 \n3134 \n2404 \n1976 \n1697 \n1499 \n1352 \n1240 \n \n \n \n \n \n \n \n2404 \n62 \n8895 \n3231 \n2480 \n2041 \n1755 \n1551 \n1401 \n \n \n \n \n \n \n \n \n3231 \n63 \n9150 \n3329 \n2559 \n2107 \n1815 \n1606 \n \n \n \n \n \n \n \n \n \n \n",
  "blocks": [
    {
      "bbox": [
        98.66400146484375,
        92.19200134277344,
        770.6799926757812,
        490.6719970703125
      ],
      "max_font_size": 12.0,
      "text": "39 4202 1496 1135 922 783 682 608 550 504 368 304 251 467 352 298 266 40 4352 1550 1176 956 811 708 630 571 523 382 316 263 523 382 316 283 41 4507 1606 1218 990 841 734 654 592 543 397 329  592 417 339 301 42 4666 1663 1262 1026 872 761 678 614 564 413 343  678 458 365 321 43 4830 1722 1307 1063 903 788 703 637 585 430 357  788 506 395 343 44 4998 1783 1354 1101 936 817 729 661 607 447 373  936 562 427 367 45 5172 1846 1402 1141 970 847 756 685 630 465 389  1141 630 465 389 46 5350 1910 1452 1182 1005 878 784 711 654 483 405  1452 711 506 417 47 5534 1977 1503 1224 1041 910 813 737 678 503 423  1977 813 555 448 48 5722 2046 1556 1267 1079 943 843 765 704 523 441   943 612 483 49 5916 2116 1610 1312 1118 978 874 794 731 545 461   1118 679 523 50 6116 2190 1667 1359 1158 1013 906 824 759 568 482   1359 759 568 51 6322 2265 1725 1407 1199 1050 940 855 788 591    1725 855 618 52 6533 2343 1785 1457 1243 1089 975 887 818 616    2343 975 676 53 6749 2422 1847 1508 1287 1129 1011 921 850 643     1129 744 54 6971 2504 1910 1561 1333 1170 1049 956 883 670     1333 823 55 7197 2589 1976 1616 1381 1213 1088 993 918 699     1616 918 56 7429 2675 2043 1672 1431 1257 1129 1030 953      2043 1030 57 7665 2764 2113 1731 1482 1303 1171 1070 991      2764 1171 58 7904 2854 2184 1790 1534 1350 1214 1110 1029       1350 59 8147 2946 2256 1851 1587 1398 1259 1152 1069       1587 60 8393 3039 2329 1912 1641 1448 1305 1195 1110       1912 61 8642 3134 2404 1976 1697 1499 1352 1240        2404 62 8895 3231 2480 2041 1755 1551 1401         3231 63 9150 3329 2559 2107 1815 1606",
      "is_heading": false
    }
  ]
}