{
  "page_no": 6,
  "width": 841.9199829101562,
  "height": 595.3200073242188,
  "text": "36 \n3444 \n1226 \n930 \n756 \n642 \n560 \n498 \n451 \n414 \n301 \n248 \n201 \n317 \n256 \n224 \n203 \n37 \n3554 \n1266 \n961 \n781 \n663 \n578 \n515 \n466 \n427 \n312 \n256 \n208 \n347 \n274 \n238 \n214 \n38 \n3667 \n1307 \n992 \n806 \n684 \n597 \n532 \n482 \n442 \n322 \n265 \n216 \n381 \n295 \n253 \n226 \n39 \n3783 \n1348 \n1023 \n832 \n707 \n616 \n549 \n497 \n456 \n333 \n274 \n224 \n422 \n318 \n269 \n239 \n40 \n3900 \n1391 \n1056 \n858 \n729 \n636 \n567 \n514 \n471 \n344 \n284 \n232 \n471 \n344 \n284 \n252 \n41 \n4021 \n1434 \n1089 \n886 \n752 \n657 \n585 \n530 \n487 \n356 \n294 \n \n530 \n374 \n303 \n267 \n42 \n4143 \n1478 \n1123 \n913 \n776 \n677 \n604 \n547 \n502 \n368 \n303 \n \n604 \n408 \n324 \n283 \n43 \n4267 \n1523 \n1157 \n941 \n800 \n698 \n623 \n564 \n518 \n379 \n314 \n \n698 \n448 \n348 \n300 \n44 \n4394 \n1569 \n1192 \n970 \n824 \n720 \n642 \n582 \n534 \n392 \n324 \n \n824 \n495 \n374 \n318 \n45 \n4525 \n1616 \n1228 \n999 \n850 \n742 \n662 \n600 \n551 \n404 \n335 \n \n999 \n551 \n404 \n335 \n46 \n4659 \n1664 \n1265 \n1029 \n875 \n765 \n682 \n618 \n568 \n417 \n346 \n \n1265 \n618 \n438 \n357 \n47 \n4797 \n1714 \n1303 \n1060 \n902 \n788 \n703 \n637 \n586 \n431 \n358 \n \n1714 \n703 \n477 \n381 \n48 \n4940 \n1765 \n1342 \n1093 \n929 \n812 \n725 \n657 \n604 \n445 \n370 \n \n \n812 \n523 \n409 \n49 \n5089 \n1819 \n1383 \n1126 \n958 \n837 \n747 \n678 \n623 \n459 \n383 \n \n \n958 \n577 \n440 \n50 \n5244 \n1875 \n1426 \n1162 \n988 \n864 \n771 \n700 \n643 \n475 \n397 \n \n \n1162 \n643 \n475 \n51 \n5405 \n1933 \n1470 \n1198 \n1019 \n891 \n796 \n722 \n664 \n491 \n \n \n \n1470 \n722 \n515 \n52 \n5572 \n1994 \n1517 \n1236 \n1052 \n920 \n822 \n746 \n686 \n509 \n \n \n \n1994 \n822 \n562 \n53 \n5748 \n2057 \n1565 \n1276 \n1086 \n950 \n849 \n771 \n710 \n527 \n \n \n \n \n950 \n617 \n54 \n5932 \n2124 \n1617 \n1318 \n1123 \n983 \n878 \n798 \n735 \n547 \n \n \n \n \n1123 \n682 \n55 \n6124 \n2194 \n1670 \n1362 \n1161 \n1016 \n909 \n826 \n761 \n568 \n \n \n \n \n1362 \n761 \n56 \n6323 \n2267 \n1727 \n1409 \n1201 \n1052 \n941 \n856 \n789 \n \n \n \n \n \n1727 \n856 \n57 \n6530 \n2342 \n1785 \n1457 \n1243 \n1089 \n975 \n887 \n818 \n \n \n \n \n \n2342 \n975 \n58 \n6744 \n2421 \n1845 \n1507 \n1286 \n1128 \n1010 \n919 \n848 \n \n \n \n \n \n \n1128 \n59 \n6965 \n2502 \n1908 \n1559 \n1331 \n1168 \n1047 \n953 \n880 \n \n \n \n \n \n \n1331 \n60 \n7194 \n2587 \n1974 \n1614 \n1379 \n1210 \n1085 \n989 \n914 \n \n \n \n \n \n \n1614 \n",
  "blocks": [
    {
      "bbox": [
        98.66400146484375,
        92.19200134277344,
        770.5599975585938,
        490.6719970703125
      ],
      "max_font_size": 12.0,
      "text": "36 3444 1226 930 756 642 560 498 451 414 301 248 201 317 256 224 203 37 3554 1266 961 781 663 578 515 466 427 312 256 208 347 274 238 214 38 3667 1307 992 806 684 597 532 482 442 322 265 216 381 295 253 226 39 3783 1348 1023 832 707 616 549 497 456 333 274 224 422 318 269 239 40 3900 1391 1056 858 729 636 567 514 471 344 284 232 471 344 284 252 41 4021 1434 1089 886 752 657 585 530 487 356 294  530 374 303 267 42 4143 1478 1123 913 776 677 604 547 502 368 303  604 408 324 283 43 4267 1523 1157 941 800 698 623 564 518 379 314  698 448 348 300 44 4394 1569 1192 970 824 720 642 582 534 392 324  824 495 374 318 45 4525 1616 1228 999 850 742 662 600 551 404 335  999 551 404 335 46 4659 1664 1265 1029 875 765 682 618 568 417 346  1265 618 438 357 47 4797 1714 1303 1060 902 788 703 637 586 431 358  1714 703 477 381 48 4940 1765 1342 1093 929 812 725 657 604 445 370   812 523 409 49 5089 1819 1383 1126 958 837 747 678 623 459 383   958 577 440 50 5244 1875 1426 1162 988 864 771 700 643 475 397   1162 643 475 51 5405 1933 1470 1198 1019 891 796 722 664 491    1470 722 515 52 5572 1994 1517 1236 1052 920 822 746 686 509    1994 822 562 53 5748 2057 1565 1276 1086 950 849 771 710 527     950 617 54 5932 2124 1617 1318 1123 983 878 798 735 547     1123 682 55 6124 2194 1670 1362 1161 1016 909 826 761 568     1362 761 56 6323 2267 1727 1409 1201 1052 941 856 789      1727 856 57 6530 2342 1785 1457 1243 1089 975 887 818      2342 975 58 6744 2421 1845 1507 1286 1128 1010 919 848       1128 59 6965 2502 1908 1559 1331 1168 1047 953 880       1331 60 7194 2587 1974 1614 1379 1210 1085 989 914       1614",
      "is_heading": false
    }
  ]
}