{
  "page_no": 2,
  "width": 841.9199829101562,
  "height": 595.3200073242188,
  "text": "14 \n1773 \n629 \n476 \n386 \n327 \n285 \n253 \n228 \n209 \n150 \n122 \n96 \n88 \n83 \n79 \n77 \n15 \n1835 \n651 \n493 \n400 \n339 \n295 \n262 \n236 \n216 \n156 \n126 \n99 \n92 \n87 \n83 \n80 \n16 \n1900 \n674 \n511 \n414 \n351 \n305 \n271 \n245 \n224 \n161 \n131 \n103 \n97 \n91 \n87 \n84 \n17 \n1967 \n698 \n529 \n429 \n363 \n316 \n281 \n254 \n232 \n167 \n135 \n107 \n102 \n96 \n91 \n88 \n18 \n2036 \n723 \n547 \n444 \n376 \n327 \n291 \n263 \n240 \n173 \n140 \n111 \n108 \n100 \n95 \n92 \n19 \n2105 \n747 \n566 \n459 \n389 \n338 \n301 \n272 \n248 \n179 \n145 \n115 \n113 \n105 \n100 \n96 \n20 \n2176 \n773 \n585 \n475 \n402 \n350 \n311 \n281 \n257 \n185 \n150 \n119 \n119 \n111 \n105 \n100 \n21 \n2251 \n799 \n605 \n491 \n416 \n362 \n322 \n291 \n266 \n192 \n156 \n123 \n125 \n116 \n110 \n105 \n22 \n2328 \n827 \n626 \n508 \n430 \n375 \n333 \n301 \n275 \n198 \n161 \n128 \n132 \n122 \n115 \n110 \n23 \n2408 \n855 \n648 \n525 \n445 \n388 \n345 \n311 \n285 \n205 \n167 \n132 \n140 \n129 \n121 \n115 \n24 \n2492 \n885 \n670 \n544 \n461 \n401 \n357 \n322 \n295 \n213 \n173 \n137 \n148 \n136 \n127 \n121 \n25 \n2578 \n916 \n694 \n563 \n477 \n415 \n369 \n333 \n305 \n220 \n179 \n142 \n157 \n142 \n133 \n127 \n26 \n2667 \n948 \n718 \n582 \n494 \n430 \n382 \n345 \n316 \n228 \n185 \n148 \n167 \n150 \n140 \n133 \n27 \n2761 \n981 \n743 \n603 \n511 \n445 \n395 \n357 \n327 \n236 \n192 \n153 \n178 \n158 \n148 \n139 \n28 \n2857 \n1015 \n769 \n624 \n529 \n461 \n410 \n370 \n339 \n245 \n199 \n159 \n189 \n168 \n156 \n147 \n29 \n2958 \n1051 \n796 \n646 \n548 \n477 \n424 \n383 \n351 \n254 \n207 \n166 \n203 \n178 \n164 \n154 \n30 \n3063 \n1088 \n825 \n669 \n567 \n494 \n439 \n397 \n364 \n263 \n215 \n172 \n215 \n189 \n172 \n162 \n31 \n3171 \n1127 \n854 \n693 \n588 \n512 \n455 \n411 \n377 \n273 \n223 \n179 \n230 \n201 \n181 \n171 \n32 \n3284 \n1168 \n885 \n718 \n609 \n530 \n472 \n426 \n391 \n283 \n231 \n187 \n248 \n214 \n192 \n180 \n33 \n3401 \n1209 \n917 \n744 \n631 \n550 \n489 \n442 \n405 \n293 \n240 \n194 \n268 \n229 \n204 \n190 \n34 \n3523 \n1253 \n950 \n771 \n654 \n570 \n507 \n458 \n420 \n305 \n250 \n203 \n290 \n245 \n216 \n201 \n35 \n3649 \n1298 \n984 \n799 \n678 \n591 \n525 \n475 \n435 \n316 \n259 \n211 \n316 \n259 \n230 \n211 \n36 \n3780 \n1345 \n1020 \n828 \n702 \n612 \n545 \n493 \n452 \n328 \n270 \n220 \n345 \n278 \n245 \n223 \n37 \n3916 \n1394 \n1057 \n858 \n728 \n635 \n565 \n511 \n469 \n341 \n280 \n230 \n379 \n300 \n261 \n236 \n38 \n4057 \n1444 \n1095 \n890 \n755 \n658 \n586 \n530 \n486 \n354 \n292 \n240 \n419 \n324 \n279 \n250 \n",
  "blocks": [
    {
      "bbox": [
        98.66400146484375,
        92.19200134277344,
        768.1599731445312,
        490.6719970703125
      ],
      "max_font_size": 12.0,
      "text": "14 1773 629 476 386 327 285 253 228 209 150 122 96 88 83 79 77 15 1835 651 493 400 339 295 262 236 216 156 126 99 92 87 83 80 16 1900 674 511 414 351 305 271 245 224 161 131 103 97 91 87 84 17 1967 698 529 429 363 316 281 254 232 167 135 107 102 96 91 88 18 2036 723 547 444 376 327 291 263 240 173 140 111 108 100 95 92 19 2105 747 566 459 389 338 301 272 248 179 145 115 113 105 100 96 20 2176 773 585 475 402 350 311 281 257 185 150 119 119 111 105 100 21 2251 799 605 491 416 362 322 291 266 192 156 123 125 116 110 105 22 2328 827 626 508 430 375 333 301 275 198 161 128 132 122 115 110 23 2408 855 648 525 445 388 345 311 285 205 167 132 140 129 121 115 24 2492 885 670 544 461 401 357 322 295 213 173 137 148 136 127 121 25 2578 916 694 563 477 415 369 333 305 220 179 142 157 142 133 127 26 2667 948 718 582 494 430 382 345 316 228 185 148 167 150 140 133 27 2761 981 743 603 511 445 395 357 327 236 192 153 178 158 148 139 28 2857 1015 769 624 529 461 410 370 339 245 199 159 189 168 156 147 29 2958 1051 796 646 548 477 424 383 351 254 207 166 203 178 164 154 30 3063 1088 825 669 567 494 439 397 364 263 215 172 215 189 172 162 31 3171 1127 854 693 588 512 455 411 377 273 223 179 230 201 181 171 32 3284 1168 885 718 609 530 472 426 391 283 231 187 248 214 192 180 33 3401 1209 917 744 631 550 489 442 405 293 240 194 268 229 204 190 34 3523 1253 950 771 654 570 507 458 420 305 250 203 290 245 216 201 35 3649 1298 984 799 678 591 525 475 435 316 259 211 316 259 230 211 36 3780 1345 1020 828 702 612 545 493 452 328 270 220 345 278 245 223 37 3916 1394 1057 858 728 635 565 511 469 341 280 230 379 300 261 236 38 4057 1444 1095 890 755 658 586 530 486 354 292 240 419 324 279 250",
      "is_heading": false
    }
  ]
}