{
  "page_no": 4,
  "width": 595.3200073242188,
  "height": 842.0399780273438,
  "text": " \n年龄 \n男性 \n女性 \n趸交 \n3 年交 \n5 年交 \n10 年交 15 年交 20 年交 \n趸交 \n3 年交 \n5 年交 \n10 年交 15 年交 20 年交 \n6 \n289 \n808 \n1325 \n2529 \n3542 \n4425 \n280 \n783 \n1284 \n2450 \n3432 \n4288 \n7 \n280 \n785 \n1286 \n2455 \n3439 \n4296 \n272 \n760 \n1247 \n2379 \n3332 \n4163 \n8 \n272 \n762 \n1249 \n2384 \n3339 \n4171 \n264 \n738 \n1210 \n2310 \n3235 \n4042 \n9 \n264 \n740 \n1213 \n2314 \n3241 \n4050 \n256 \n717 \n1175 \n2242 \n3141 \n3924 \n10 \n257 \n718 \n1177 \n2247 \n3147 \n3932 \n249 \n696 \n1141 \n2177 \n3049 \n3810 \n11 \n249 \n697 \n1143 \n2181 \n3055 \n3817 \n241 \n676 \n1108 \n2114 \n2961 \n3699 \n12 \n242 \n677 \n1110 \n2118 \n2966 \n3706 \n234 \n656 \n1075 \n2052 \n2874 \n3591 \n13 \n235 \n657 \n1077 \n2056 \n2880 \n3598 \n228 \n637 \n1044 \n1992 \n2791 \n3486 \n14 \n228 \n638 \n1046 \n1996 \n2796 \n3494 \n221 \n618 \n1014 \n1934 \n2709 \n3385 \n15 \n221 \n620 \n1016 \n1938 \n2715 \n3392 \n215 \n600 \n984 \n1878 \n2630 \n3286 \n16 \n215 \n601 \n986 \n1882 \n2636 \n3293 \n208 \n583 \n955 \n1823 \n2554 \n3191 \n17 \n209 \n584 \n957 \n1827 \n2559 \n3197 \n202 \n566 \n928 \n1770 \n2479 \n3098 \n18 \n203 \n567 \n929 \n1774 \n2484 \n3104 \n196 \n549 \n901 \n1719 \n2407 \n3007 \n19 \n197 \n550 \n902 \n1722 \n2412 \n3014 \n191 \n533 \n874 \n1669 \n2337 \n2920 \n20 \n191 \n534 \n876 \n1672 \n2342 \n2926 \n185 \n518 \n849 \n1620 \n2269 \n2835 \n21 \n185 \n519 \n851 \n1623 \n2274 \n2841 \n180 \n503 \n824 \n1573 \n2203 \n2752 \n22 \n180 \n504 \n826 \n1576 \n2207 \n2758 \n174 \n488 \n800 \n1527 \n2139 \n2672 \n23 \n175 \n489 \n802 \n1530 \n2143 \n2678 \n169 \n474 \n777 \n1483 \n2077 \n2594 \n24 \n170 \n475 \n778 \n1486 \n2081 \n2600 \n164 \n460 \n754 \n1439 \n2016 \n2519 \n25 \n165 \n461 \n756 \n1442 \n2020 \n2524 \n160 \n447 \n732 \n1397 \n1957 \n2446 \n26 \n160 \n448 \n734 \n1400 \n1961 \n2451 \n155 \n434 \n711 \n1357 \n1900 \n2374 \n27 \n155 \n435 \n712 \n1360 \n1904 \n2379 \n150 \n421 \n690 \n1317 \n1845 \n2305 \n28 \n151 \n422 \n692 \n1320 \n1849 \n2310 \n146 \n409 \n670 \n1279 \n1791 \n2238 \n29 \n146 \n410 \n671 \n1282 \n1795 \n2243 \n142 \n397 \n651 \n1242 \n1739 \n2173 \n30 \n142 \n398 \n652 \n1244 \n1743 \n2178 \n138 \n385 \n632 \n1206 \n1688 \n2110 \n31 \n138 \n386 \n633 \n1208 \n1692 \n2114 \n134 \n374 \n613 \n1170 \n1639 \n2048 \n32 \n134 \n375 \n615 \n1173 \n1643 \n2053 \n130 \n363 \n595 \n1136 \n1592 \n1989 \n33 \n130 \n364 \n597 \n1139 \n1595 \n1993 \n126 \n353 \n578 \n1103 \n1545 \n1931 \n34 \n126 \n353 \n579 \n1106 \n1549 \n1935 \n122 \n342 \n561 \n1071 \n1500 \n1875 \n35 \n123 \n343 \n562 \n1073 \n1503 \n1879 \n119 \n332 \n545 \n1040 \n1457 \n1820 \n36 \n119 \n333 \n546 \n1042 \n1460 \n1824 \n115 \n323 \n529 \n1010 \n1414 \n1767 \n37 \n116 \n323 \n530 \n1012 \n1417 \n1771 \n112 \n313 \n514 \n980 \n1373 \n1716 \n38 \n112 \n314 \n515 \n982 \n1376 \n1720 \n109 \n304 \n499 \n952 \n1333 \n1666 \n39 \n109 \n305 \n500 \n954 \n1336 \n1670 \n106 \n295 \n484 \n924 \n1294 \n1617 \n40 \n106 \n296 \n485 \n926 \n1297 \n1621 \n102 \n287 \n470 \n897 \n1257 \n1570 \n41 \n103 \n287 \n471 \n899 \n1259 \n1574 \n100 \n278 \n456 \n871 \n1220 \n1525 \n42 \n100 \n279 \n457 \n873 \n1223 \n1528 \n97 \n270 \n443 \n846 \n1184 \n1480 \n43 \n97 \n271 \n444 \n847 \n1187 \n1484 \n94 \n262 \n430 \n821 \n1150 \n1437 \n44 \n94 \n263 \n431 \n823 \n1153 \n1441 \n91 \n255 \n418 \n797 \n1117 \n1395 \n45 \n91 \n255 \n419 \n799 \n1119 \n1399 \n88 \n247 \n405 \n774 \n1084 \n1355 \n46 \n89 \n248 \n406 \n776 \n1087 \n \n86 \n240 \n394 \n751 \n1053 \n \n47 \n86 \n241 \n394 \n753 \n1055 \n \n83 \n233 \n382 \n729 \n1022 \n \n48 \n84 \n234 \n383 \n731 \n1024 \n \n81 \n226 \n371 \n708 \n992 \n \n49 \n81 \n227 \n372 \n710 \n995 \n \n79 \n220 \n360 \n688 \n963 \n \n50 \n79 \n220 \n361 \n689 \n966 \n \n76 \n213 \n350 \n668 \n935 \n \n51 \n77 \n214 \n351 \n669 \n \n \n74 \n207 \n340 \n648 \n \n \n52 \n74 \n208 \n340 \n650 \n \n \n72 \n201 \n330 \n629 \n \n \n53 \n72 \n202 \n330 \n631 \n \n \n70 \n195 \n320 \n611 \n \n \n54 \n70 \n196 \n321 \n612 \n \n \n68 \n190 \n311 \n593 \n \n \n",
  "blocks": [
    {
      "bbox": [
        15.479999542236328,
        75.70430755615234,
        585.8999633789062,
        759.204345703125
      ],
      "max_font_size": 9.960000038146973,
      "text": "年龄 男性 女性 趸交 3 年交 5 年交 10 年交 15 年交 20 年交 趸交 3 年交 5 年交 10 年交 15 年交 20 年交 6 289 808 1325 2529 3542 4425 280 783 1284 2450 3432 4288 7 280 785 1286 2455 3439 4296 272 760 1247 2379 3332 4163 8 272 762 1249 2384 3339 4171 264 738 1210 2310 3235 4042 9 264 740 1213 2314 3241 4050 256 717 1175 2242 3141 3924 10 257 718 1177 2247 3147 3932 249 696 1141 2177 3049 3810 11 249 697 1143 2181 3055 3817 241 676 1108 2114 2961 3699 12 242 677 1110 2118 2966 3706 234 656 1075 2052 2874 3591 13 235 657 1077 2056 2880 3598 228 637 1044 1992 2791 3486 14 228 638 1046 1996 2796 3494 221 618 1014 1934 2709 3385 15 221 620 1016 1938 2715 3392 215 600 984 1878 2630 3286 16 215 601 986 1882 2636 3293 208 583 955 1823 2554 3191 17 209 584 957 1827 2559 3197 202 566 928 1770 2479 3098 18 203 567 929 1774 2484 3104 196 549 901 1719 2407 3007 19 197 550 902 1722 2412 3014 191 533 874 1669 2337 2920 20 191 534 876 1672 2342 2926 185 518 849 1620 2269 2835 21 185 519 851 1623 2274 2841 180 503 824 1573 2203 2752 22 180 504 826 1576 2207 2758 174 488 800 1527 2139 2672 23 175 489 802 1530 2143 2678 169 474 777 1483 2077 2594 24 170 475 778 1486 2081 2600 164 460 754 1439 2016 2519 25 165 461 756 1442 2020 2524 160 447 732 1397 1957 2446 26 160 448 734 1400 1961 2451 155 434 711 1357 1900 2374 27 155 435 712 1360 1904 2379 150 421 690 1317 1845 2305 28 151 422 692 1320 1849 2310 146 409 670 1279 1791 2238 29 146 410 671 1282 1795 2243 142 397 651 1242 1739 2173 30 142 398 652 1244 1743 2178 138 385 632 1206 1688 2110 31 138 386 633 1208 1692 2114 134 374 613 1170 1639 2048 32 134 375 615 1173 1643 2053 130 363 595 1136 1592 1989 33 130 364 597 1139 1595 1993 126 353 578 1103 1545 1931 34 126 353 579 1106 1549 1935 122 342 561 1071 1500 1875 35 123 343 562 1073 1503 1879 119 332 545 1040 1457 1820 36 119 333 546 1042 1460 1824 115 323 529 1010 1414 1767 37 116 323 530 1012 1417 1771 112 313 514 980 1373 1716 38 112 314 515 982 1376 1720 109 304 499 952 1333 1666 39 109 305 500 954 1336 1670 106 295 484 924 1294 1617 40 106 296 485 926 1297 1621 102 287 470 897 1257 1570 41 103 287 471 899 1259 1574 100 278 456 871 1220 1525 42 100 279 457 873 1223 1528 97 270 443 846 1184 1480 43 97 271 444 847 1187 1484 94 262 430 821 1150 1437 44 94 263 431 823 1153 1441 91 255 418 797 1117 1395 45 91 255 419 799 1119 1399 88 247 405 774 1084 1355 46 89 248 406 776 1087  86 240 394 751 1053  47 86 241 394 753 1055  83 233 382 729 1022  48 84 234 383 731 1024  81 226 371 708 992  49 81 227 372 710 995  79 220 360 688 963  50 79 220 361 689 966  76 213 350 668 935  51 77 214 351 669   74 207 340 648   52 74 208 340 650   72 201 330 629   53 72 202 330 631   70 195 320 611   54 70 196 321 612   68 190 311 593",
      "is_heading": false
    }
  ]
}