{
  "page_no": 2,
  "width": 595.3200073242188,
  "height": 842.0399780273438,
  "text": " \n年龄 \n女性 \n趸交 \n3 年交 \n5 年交 \n10 年交 \n15 年交 \n20 年交 \n39 \n70 \n196 \n322 \n614 \n859 \n \n40 \n68 \n190 \n312 \n596 \n834 \n \n41 \n66 \n185 \n303 \n578 \n \n \n42 \n64 \n179 \n294 \n562 \n \n \n43 \n62 \n174 \n286 \n545 \n \n \n44 \n60 \n169 \n277 \n529 \n \n \n45 \n59 \n164 \n269 \n514 \n \n \n46 \n57 \n159 \n261 \n \n \n \n47 \n55 \n155 \n254 \n \n \n \n48 \n54 \n150 \n246 \n \n \n \n49 \n52 \n146 \n239 \n \n \n \n50 \n51 \n142 \n232 \n \n \n \n51 \n49 \n138 \n \n \n \n \n52 \n48 \n134 \n \n \n \n \n53 \n46 \n \n \n \n \n \n54 \n45 \n \n \n \n \n \n注：月交保险费=年交保险费*0.085 \n \n养老保险金开始领取年龄：60 周岁 \n              单位：人民币元 \n年龄 \n男性 \n女性 \n趸交 \n3 年交 \n5 年交 \n10 年交 15 年交 20 年交 \n趸交 \n3 年交 \n5 年交 \n10 年交 15 年交 20 年交 \n0 \n286 \n799 \n1310 \n2500 \n3502 \n4375 \n274 \n766 \n1255 \n2395 \n3355 \n4191 \n1 \n277 \n776 \n1272 \n2427 \n3400 \n4248 \n266 \n743 \n1218 \n2325 \n3257 \n4069 \n2 \n269 \n753 \n1235 \n2357 \n3301 \n4124 \n258 \n722 \n1183 \n2258 \n3162 \n3951 \n3 \n261 \n731 \n1199 \n2288 \n3205 \n4004 \n250 \n701 \n1149 \n2192 \n3070 \n3836 \n4 \n254 \n710 \n1164 \n2221 \n3111 \n3887 \n243 \n680 \n1115 \n2128 \n2981 \n3724 \n5 \n246 \n689 \n1130 \n2157 \n3021 \n3774 \n236 \n660 \n1083 \n2066 \n2894 \n3615 \n6 \n239 \n669 \n1097 \n2094 \n2933 \n3664 \n229 \n641 \n1051 \n2006 \n2810 \n3510 \n7 \n232 \n650 \n1065 \n2033 \n2847 \n3558 \n222 \n622 \n1021 \n1948 \n2728 \n3408 \n8 \n225 \n631 \n1034 \n1974 \n2765 \n3454 \n216 \n604 \n991 \n1891 \n2648 \n3309 \n9 \n219 \n613 \n1004 \n1916 \n2684 \n3353 \n210 \n587 \n962 \n1836 \n2571 \n3212 \n10 \n213 \n595 \n975 \n1861 \n2606 \n3256 \n204 \n570 \n934 \n1782 \n2496 \n3119 \n11 \n206 \n577 \n947 \n1806 \n2530 \n3161 \n198 \n553 \n907 \n1730 \n2424 \n3028 \n12 \n200 \n561 \n919 \n1754 \n2456 \n3069 \n192 \n537 \n880 \n1680 \n2353 \n2940 \n13 \n195 \n544 \n892 \n1703 \n2385 \n2980 \n186 \n521 \n855 \n1631 \n2285 \n2854 \n14 \n189 \n528 \n866 \n1653 \n2315 \n2893 \n181 \n506 \n830 \n1584 \n2218 \n2771 \n15 \n183 \n513 \n841 \n1605 \n2248 \n2809 \n176 \n491 \n806 \n1537 \n2153 \n2690 \n16 \n178 \n498 \n816 \n1558 \n2182 \n2727 \n171 \n477 \n782 \n1493 \n2091 \n2612 \n17 \n173 \n484 \n793 \n1513 \n2119 \n2647 \n166 \n463 \n759 \n1449 \n2030 \n2536 \n18 \n168 \n469 \n770 \n1469 \n2057 \n2570 \n161 \n450 \n737 \n1407 \n1971 \n2462 \n19 \n163 \n456 \n747 \n1426 \n1997 \n2495 \n156 \n437 \n716 \n1366 \n1913 \n2390 \n20 \n158 \n443 \n725 \n1384 \n1939 \n2423 \n151 \n424 \n695 \n1326 \n1858 \n2321 \n21 \n154 \n430 \n704 \n1344 \n1883 \n2352 \n147 \n412 \n675 \n1288 \n1803 \n2253 \n22 \n149 \n417 \n684 \n1305 \n1828 \n2284 \n143 \n400 \n655 \n1250 \n1751 \n2188 \n23 \n145 \n405 \n664 \n1267 \n1775 \n2217 \n139 \n388 \n636 \n1214 \n1700 \n2124 \n24 \n141 \n393 \n645 \n1230 \n1723 \n2153 \n135 \n377 \n617 \n1178 \n1650 \n2062 \n",
  "blocks": [
    {
      "bbox": [
        91.2239990234375,
        75.70430755615234,
        508.0,
        314.65435791015625
      ],
      "max_font_size": 9.960000038146973,
      "text": "年龄 女性 趸交 3 年交 5 年交 10 年交 15 年交 20 年交 39 70 196 322 614 859  40 68 190 312 596 834  41 66 185 303 578   42 64 179 294 562   43 62 174 286 545   44 60 169 277 529   45 59 164 269 514   46 57 159 261    47 55 155 254    48 54 150 246    49 52 146 239    50 51 142 232    51 49 138     52 48 134     53 46      54 45",
      "is_heading": false
    },
    {
      "bbox": [
        116.18000030517578,
        324.57891845703125,
        284.2099914550781,
        335.138916015625
      ],
      "max_font_size": 10.5600004196167,
      "text": "注：月交保险费=年交保险费*0.085",
      "is_heading": false
    },
    {
      "bbox": [
        217.3699951171875,
        364.5389404296875,
        383.4700012207031,
        375.09893798828125
      ],
      "max_font_size": 10.5600004196167,
      "text": "养老保险金开始领取年龄：60 周岁",
      "is_heading": false
    },
    {
      "bbox": [
        368.95001220703125,
        384.57891845703125,
        521.3800048828125,
        395.138916015625
      ],
      "max_font_size": 10.5600004196167,
      "text": "单位：人民币元",
      "is_heading": false
    },
    {
      "bbox": [
        15.479999542236328,
        398.65435791015625,
        585.8999633789062,
        758.96435546875
      ],
      "max_font_size": 9.960000038146973,
      "text": "年龄 男性 女性 趸交 3 年交 5 年交 10 年交 15 年交 20 年交 趸交 3 年交 5 年交 10 年交 15 年交 20 年交 0 286 799 1310 2500 3502 4375 274 766 1255 2395 3355 4191 1 277 776 1272 2427 3400 4248 266 743 1218 2325 3257 4069 2 269 753 1235 2357 3301 4124 258 722 1183 2258 3162 3951 3 261 731 1199 2288 3205 4004 250 701 1149 2192 3070 3836 4 254 710 1164 2221 3111 3887 243 680 1115 2128 2981 3724 5 246 689 1130 2157 3021 3774 236 660 1083 2066 2894 3615 6 239 669 1097 2094 2933 3664 229 641 1051 2006 2810 3510 7 232 650 1065 2033 2847 3558 222 622 1021 1948 2728 3408 8 225 631 1034 1974 2765 3454 216 604 991 1891 2648 3309 9 219 613 1004 1916 2684 3353 210 587 962 1836 2571 3212 10 213 595 975 1861 2606 3256 204 570 934 1782 2496 3119 11 206 577 947 1806 2530 3161 198 553 907 1730 2424 3028 12 200 561 919 1754 2456 3069 192 537 880 1680 2353 2940 13 195 544 892 1703 2385 2980 186 521 855 1631 2285 2854 14 189 528 866 1653 2315 2893 181 506 830 1584 2218 2771 15 183 513 841 1605 2248 2809 176 491 806 1537 2153 2690 16 178 498 816 1558 2182 2727 171 477 782 1493 2091 2612 17 173 484 793 1513 2119 2647 166 463 759 1449 2030 2536 18 168 469 770 1469 2057 2570 161 450 737 1407 1971 2462 19 163 456 747 1426 1997 2495 156 437 716 1366 1913 2390 20 158 443 725 1384 1939 2423 151 424 695 1326 1858 2321 21 154 430 704 1344 1883 2352 147 412 675 1288 1803 2253 22 149 417 684 1305 1828 2284 143 400 655 1250 1751 2188 23 145 405 664 1267 1775 2217 139 388 636 1214 1700 2124 24 141 393 645 1230 1723 2153 135 377 617 1178 1650 2062",
      "is_heading": false
    }
  ]
}