{
  "page_no": 6,
  "width": 595.3200073242188,
  "height": 842.0399780273438,
  "text": " \n年龄 \n男性 \n女性 \n趸交 \n3 年交 \n5 年交 \n10 年交 15 年交 20 年交 \n趸交 \n3 年交 \n5 年交 \n10 年交 15 年交 20 年交 \n31 \n162 \n453 \n743 \n1419 \n1987 \n2483 \n160 \n447 \n732 \n1398 \n1958 \n2446 \n32 \n157 \n440 \n722 \n1377 \n1929 \n2411 \n155 \n434 \n711 \n1357 \n1901 \n2375 \n33 \n153 \n427 \n701 \n1337 \n1873 \n2341 \n151 \n421 \n690 \n1318 \n1845 \n2306 \n34 \n148 \n415 \n680 \n1298 \n1819 \n2273 \n146 \n409 \n670 \n1279 \n1792 \n2239 \n35 \n144 \n403 \n661 \n1261 \n1766 \n2207 \n142 \n397 \n651 \n1242 \n1740 \n2174 \n36 \n140 \n391 \n641 \n1224 \n1714 \n2143 \n138 \n385 \n632 \n1206 \n1689 \n2110 \n37 \n136 \n380 \n623 \n1188 \n1665 \n2080 \n134 \n374 \n613 \n1171 \n1640 \n2049 \n38 \n132 \n369 \n604 \n1154 \n1616 \n2020 \n130 \n363 \n596 \n1137 \n1592 \n1989 \n39 \n128 \n358 \n587 \n1120 \n1569 \n1961 \n126 \n353 \n578 \n1103 \n1546 \n1931 \n40 \n124 \n348 \n570 \n1087 \n1523 \n1904 \n122 \n342 \n561 \n1071 \n1501 \n1875 \n41 \n121 \n337 \n553 \n1056 \n1479 \n1849 \n119 \n332 \n545 \n1040 \n1457 \n1821 \n42 \n117 \n328 \n537 \n1025 \n1436 \n1795 \n115 \n323 \n529 \n1010 \n1415 \n1768 \n43 \n114 \n318 \n521 \n995 \n1394 \n1743 \n112 \n313 \n514 \n980 \n1373 \n1716 \n44 \n110 \n309 \n506 \n966 \n1354 \n1692 \n109 \n304 \n499 \n952 \n1333 \n1667 \n45 \n107 \n300 \n492 \n938 \n1314 \n1643 \n106 \n295 \n484 \n924 \n1295 \n1618 \n46 \n104 \n291 \n477 \n911 \n1276 \n1596 \n103 \n287 \n470 \n897 \n1257 \n1571 \n47 \n101 \n283 \n463 \n884 \n1239 \n1549 \n100 \n278 \n456 \n871 \n1220 \n1526 \n48 \n98 \n274 \n450 \n859 \n1203 \n1505 \n97 \n270 \n443 \n846 \n1185 \n1481 \n49 \n95 \n266 \n437 \n834 \n1168 \n1461 \n94 \n262 \n430 \n821 \n1151 \n1438 \n50 \n93 \n259 \n424 \n809 \n1134 \n1419 \n91 \n255 \n418 \n797 \n1117 \n1397 \n51 \n90 \n251 \n412 \n786 \n1101 \n \n88 \n247 \n406 \n774 \n1085 \n \n52 \n87 \n244 \n400 \n763 \n1069 \n \n86 \n240 \n394 \n752 \n1053 \n \n53 \n85 \n237 \n388 \n741 \n1038 \n \n83 \n233 \n382 \n730 \n1023 \n \n54 \n82 \n230 \n377 \n719 \n1008 \n \n81 \n226 \n371 \n708 \n993 \n \n55 \n80 \n223 \n366 \n698 \n979 \n \n79 \n220 \n360 \n688 \n964 \n \n56 \n78 \n217 \n355 \n678 \n \n \n76 \n213 \n350 \n668 \n \n \n57 \n75 \n210 \n345 \n658 \n \n \n74 \n207 \n340 \n648 \n \n \n58 \n73 \n204 \n335 \n639 \n \n \n72 \n201 \n330 \n630 \n \n \n59 \n71 \n198 \n325 \n621 \n \n \n70 \n195 \n320 \n611 \n \n \n60 \n69 \n192 \n315 \n603 \n \n \n68 \n190 \n311 \n593 \n \n \n61 \n67 \n187 \n306 \n \n \n \n66 \n184 \n302 \n \n \n \n62 \n65 \n181 \n297 \n \n \n \n64 \n179 \n293 \n \n \n \n63 \n63 \n176 \n289 \n \n \n \n62 \n174 \n284 \n \n \n \n64 \n61 \n171 \n280 \n \n \n \n60 \n168 \n276 \n \n \n \n65 \n60 \n166 \n272 \n \n \n \n59 \n163 \n268 \n \n \n \n66 \n58 \n161 \n \n \n \n \n57 \n159 \n \n \n \n \n67 \n56 \n156 \n \n \n \n \n55 \n154 \n \n \n \n \n68 \n54 \n \n \n \n \n \n54 \n \n \n \n \n \n69 \n53 \n \n \n \n \n \n52 \n \n \n \n \n \n注：月交保险费=年交保险费*0.085 \n \n本合同提供的首次养老保险金领取日为被保险人年满本合同约定的养老保险金开始领取年龄后\n的首个合同生效日对应日。 \n",
  "blocks": [
    {
      "bbox": [
        15.479999542236328,
        75.70430755615234,
        585.8999633789062,
        624.5443725585938
      ],
      "max_font_size": 9.960000038146973,
      "text": "年龄 男性 女性 趸交 3 年交 5 年交 10 年交 15 年交 20 年交 趸交 3 年交 5 年交 10 年交 15 年交 20 年交 31 162 453 743 1419 1987 2483 160 447 732 1398 1958 2446 32 157 440 722 1377 1929 2411 155 434 711 1357 1901 2375 33 153 427 701 1337 1873 2341 151 421 690 1318 1845 2306 34 148 415 680 1298 1819 2273 146 409 670 1279 1792 2239 35 144 403 661 1261 1766 2207 142 397 651 1242 1740 2174 36 140 391 641 1224 1714 2143 138 385 632 1206 1689 2110 37 136 380 623 1188 1665 2080 134 374 613 1171 1640 2049 38 132 369 604 1154 1616 2020 130 363 596 1137 1592 1989 39 128 358 587 1120 1569 1961 126 353 578 1103 1546 1931 40 124 348 570 1087 1523 1904 122 342 561 1071 1501 1875 41 121 337 553 1056 1479 1849 119 332 545 1040 1457 1821 42 117 328 537 1025 1436 1795 115 323 529 1010 1415 1768 43 114 318 521 995 1394 1743 112 313 514 980 1373 1716 44 110 309 506 966 1354 1692 109 304 499 952 1333 1667 45 107 300 492 938 1314 1643 106 295 484 924 1295 1618 46 104 291 477 911 1276 1596 103 287 470 897 1257 1571 47 101 283 463 884 1239 1549 100 278 456 871 1220 1526 48 98 274 450 859 1203 1505 97 270 443 846 1185 1481 49 95 266 437 834 1168 1461 94 262 430 821 1151 1438 50 93 259 424 809 1134 1419 91 255 418 797 1117 1397 51 90 251 412 786 1101  88 247 406 774 1085  52 87 244 400 763 1069  86 240 394 752 1053  53 85 237 388 741 1038  83 233 382 730 1023  54 82 230 377 719 1008  81 226 371 708 993  55 80 223 366 698 979  79 220 360 688 964  56 78 217 355 678   76 213 350 668   57 75 210 345 658   74 207 340 648   58 73 204 335 639   72 201 330 630   59 71 198 325 621   70 195 320 611   60 69 192 315 603   68 190 311 593   61 67 187 306    66 184 302    62 65 181 297    64 179 293    63 63 176 289    62 174 284    64 61 171 280    60 168 276    65 60 166 272    59 163 268    66 58 161     57 159     67 56 156     55 154     68 54      54      69 53      52",
      "is_heading": false
    },
    {
      "bbox": [
        79.46399688720703,
        634.3489379882812,
        247.49000549316406,
        644.908935546875
      ],
      "max_font_size": 10.5600004196167,
      "text": "注：月交保险费=年交保险费*0.085",
      "is_heading": false
    },
    {
      "bbox": [
        79.46399688720703,
        674.3089599609375,
        515.591796875,
        684.8689575195312
      ],
      "max_font_size": 10.5600004196167,
      "text": "本合同提供的首次养老保险金领取日为被保险人年满本合同约定的养老保险金开始领取年龄后",
      "is_heading": false
    },
    {
      "bbox": [
        79.46399688720703,
        694.3489379882812,
        210.88999938964844,
        704.908935546875
      ],
      "max_font_size": 10.5600004196167,
      "text": "的首个合同生效日对应日。",
      "is_heading": false
    }
  ]
}