{
  "page_no": 3,
  "width": 595.3200073242188,
  "height": 842.0399780273438,
  "text": " \n年龄 \n男性 \n女性 \n趸交 \n3 年交 \n5 年交 \n10 年交 15 年交 20 年交 \n趸交 \n3 年交 \n5 年交 \n10 年交 15 年交 20 年交 \n25 \n136 \n382 \n626 \n1194 \n1673 \n2090 \n131 \n366 \n599 \n1144 \n1602 \n2002 \n26 \n132 \n371 \n608 \n1160 \n1624 \n2029 \n127 \n355 \n582 \n1111 \n1556 \n1944 \n27 \n129 \n360 \n590 \n1126 \n1577 \n1970 \n123 \n345 \n565 \n1078 \n1510 \n1887 \n28 \n125 \n349 \n573 \n1093 \n1531 \n1913 \n120 \n335 \n549 \n1047 \n1466 \n1832 \n29 \n121 \n339 \n556 \n1061 \n1486 \n1857 \n116 \n325 \n533 \n1016 \n1424 \n1779 \n30 \n118 \n329 \n540 \n1030 \n1443 \n1803 \n113 \n315 \n517 \n987 \n1382 \n1727 \n31 \n114 \n320 \n524 \n1000 \n1401 \n1751 \n109 \n306 \n502 \n958 \n1342 \n1677 \n32 \n111 \n310 \n509 \n971 \n1360 \n1700 \n106 \n297 \n487 \n930 \n1303 \n1628 \n33 \n108 \n301 \n494 \n943 \n1321 \n1650 \n103 \n289 \n473 \n903 \n1265 \n1581 \n34 \n105 \n293 \n480 \n915 \n1282 \n1602 \n100 \n280 \n459 \n877 \n1228 \n1535 \n35 \n102 \n284 \n466 \n889 \n1245 \n1556 \n97 \n272 \n446 \n851 \n1192 \n1490 \n36 \n99 \n276 \n452 \n863 \n1209 \n1511 \n94 \n264 \n433 \n827 \n1158 \n1447 \n37 \n96 \n268 \n439 \n838 \n1174 \n1467 \n92 \n256 \n420 \n802 \n1124 \n1405 \n38 \n93 \n260 \n426 \n813 \n1139 \n1424 \n89 \n249 \n408 \n779 \n1091 \n1364 \n39 \n90 \n252 \n414 \n790 \n1106 \n1383 \n86 \n242 \n396 \n756 \n1060 \n1324 \n40 \n88 \n245 \n402 \n767 \n1074 \n1342 \n84 \n235 \n385 \n734 \n1029 \n1285 \n41 \n85 \n238 \n390 \n744 \n1043 \n \n81 \n228 \n374 \n713 \n999 \n \n42 \n83 \n231 \n379 \n723 \n1012 \n \n79 \n221 \n363 \n692 \n970 \n \n43 \n80 \n224 \n368 \n702 \n983 \n \n77 \n215 \n352 \n672 \n941 \n \n44 \n78 \n218 \n357 \n681 \n954 \n \n75 \n209 \n342 \n653 \n914 \n \n45 \n76 \n211 \n347 \n661 \n927 \n \n72 \n202 \n332 \n634 \n887 \n \n46 \n73 \n205 \n336 \n642 \n \n \n70 \n197 \n322 \n615 \n \n \n47 \n71 \n199 \n327 \n623 \n \n \n68 \n191 \n313 \n597 \n \n \n48 \n69 \n193 \n317 \n605 \n \n \n66 \n185 \n304 \n580 \n \n \n49 \n67 \n188 \n308 \n588 \n \n \n64 \n180 \n295 \n563 \n \n \n50 \n65 \n182 \n299 \n571 \n \n \n62 \n175 \n286 \n547 \n \n \n51 \n63 \n177 \n290 \n \n \n \n61 \n170 \n278 \n \n \n \n52 \n62 \n172 \n282 \n \n \n \n59 \n165 \n270 \n \n \n \n53 \n60 \n167 \n274 \n \n \n \n57 \n160 \n262 \n \n \n \n54 \n58 \n162 \n266 \n \n \n \n56 \n155 \n254 \n \n \n \n55 \n56 \n157 \n258 \n \n \n \n54 \n151 \n247 \n \n \n \n56 \n55 \n153 \n \n \n \n \n52 \n146 \n \n \n \n \n57 \n53 \n148 \n \n \n \n \n51 \n142 \n \n \n \n \n58 \n51 \n \n \n \n \n \n49 \n \n \n \n \n \n59 \n50 \n \n \n \n \n \n48 \n \n \n \n \n \n注：月交保险费=年交保险费*0.085 \n \n养老保险金开始领取年龄：65 周岁 \n单位：人民币元 \n年龄 \n男性 \n女性 \n趸交 \n3 年交 \n5 年交 \n10 年交 15 年交 20 年交 \n趸交 \n3 年交 \n5 年交 \n10 年交 15 年交 20 年交 \n0 \n345 \n965 \n1582 \n3019 \n4229 \n5283 \n334 \n935 \n1533 \n2926 \n4098 \n5119 \n1 \n335 \n937 \n1536 \n2931 \n4106 \n5130 \n324 \n908 \n1488 \n2840 \n3978 \n4970 \n2 \n325 \n910 \n1491 \n2846 \n3986 \n4980 \n315 \n881 \n1445 \n2758 \n3863 \n4826 \n3 \n316 \n883 \n1448 \n2763 \n3870 \n4835 \n306 \n856 \n1403 \n2678 \n3750 \n4685 \n4 \n306 \n857 \n1406 \n2683 \n3758 \n4695 \n297 \n831 \n1362 \n2600 \n3641 \n4549 \n5 \n298 \n833 \n1365 \n2605 \n3648 \n4558 \n288 \n807 \n1322 \n2524 \n3535 \n4416 \n",
  "blocks": [
    {
      "bbox": [
        15.479999542236328,
        75.70430755615234,
        585.8999633789062,
        570.6343383789062
      ],
      "max_font_size": 9.960000038146973,
      "text": "年龄 男性 女性 趸交 3 年交 5 年交 10 年交 15 年交 20 年交 趸交 3 年交 5 年交 10 年交 15 年交 20 年交 25 136 382 626 1194 1673 2090 131 366 599 1144 1602 2002 26 132 371 608 1160 1624 2029 127 355 582 1111 1556 1944 27 129 360 590 1126 1577 1970 123 345 565 1078 1510 1887 28 125 349 573 1093 1531 1913 120 335 549 1047 1466 1832 29 121 339 556 1061 1486 1857 116 325 533 1016 1424 1779 30 118 329 540 1030 1443 1803 113 315 517 987 1382 1727 31 114 320 524 1000 1401 1751 109 306 502 958 1342 1677 32 111 310 509 971 1360 1700 106 297 487 930 1303 1628 33 108 301 494 943 1321 1650 103 289 473 903 1265 1581 34 105 293 480 915 1282 1602 100 280 459 877 1228 1535 35 102 284 466 889 1245 1556 97 272 446 851 1192 1490 36 99 276 452 863 1209 1511 94 264 433 827 1158 1447 37 96 268 439 838 1174 1467 92 256 420 802 1124 1405 38 93 260 426 813 1139 1424 89 249 408 779 1091 1364 39 90 252 414 790 1106 1383 86 242 396 756 1060 1324 40 88 245 402 767 1074 1342 84 235 385 734 1029 1285 41 85 238 390 744 1043  81 228 374 713 999  42 83 231 379 723 1012  79 221 363 692 970  43 80 224 368 702 983  77 215 352 672 941  44 78 218 357 681 954  75 209 342 653 914  45 76 211 347 661 927  72 202 332 634 887  46 73 205 336 642   70 197 322 615   47 71 199 327 623   68 191 313 597   48 69 193 317 605   66 185 304 580   49 67 188 308 588   64 180 295 563   50 65 182 299 571   62 175 286 547   51 63 177 290    61 170 278    52 62 172 282    59 165 270    53 60 167 274    57 160 262    54 58 162 266    56 155 254    55 56 157 258    54 151 247    56 55 153     52 146     57 53 148     51 142     58 51      49      59 50      48",
      "is_heading": false
    },
    {
      "bbox": [
        79.46399688720703,
        580.4689331054688,
        247.49000549316406,
        591.0289306640625
      ],
      "max_font_size": 10.5600004196167,
      "text": "注：月交保险费=年交保险费*0.085",
      "is_heading": false
    },
    {
      "bbox": [
        217.3699951171875,
        620.5489501953125,
        383.4700012207031,
        631.1089477539062
      ],
      "max_font_size": 10.5600004196167,
      "text": "养老保险金开始领取年龄：65 周岁",
      "is_heading": false
    },
    {
      "bbox": [
        442.5400085449219,
        640.4689331054688,
        521.3800048828125,
        651.0289306640625
      ],
      "max_font_size": 10.5600004196167,
      "text": "单位：人民币元",
      "is_heading": false
    },
    {
      "bbox": [
        15.479999542236328,
        654.664306640625,
        585.8999633789062,
        758.96435546875
      ],
      "max_font_size": 9.960000038146973,
      "text": "年龄 男性 女性 趸交 3 年交 5 年交 10 年交 15 年交 20 年交 趸交 3 年交 5 年交 10 年交 15 年交 20 年交 0 345 965 1582 3019 4229 5283 334 935 1533 2926 4098 5119 1 335 937 1536 2931 4106 5130 324 908 1488 2840 3978 4970 2 325 910 1491 2846 3986 4980 315 881 1445 2758 3863 4826 3 316 883 1448 2763 3870 4835 306 856 1403 2678 3750 4685 4 306 857 1406 2683 3758 4695 297 831 1362 2600 3641 4549 5 298 833 1365 2605 3648 4558 288 807 1322 2524 3535 4416",
      "is_heading": false
    }
  ]
}