{
  "page_no": 5,
  "width": 595.3200073242188,
  "height": 842.0399780273438,
  "text": " \n年龄 \n男性 \n女性 \n趸交 \n3 年交 \n5 年交 \n10 年交 15 年交 20 年交 \n趸交 \n3 年交 \n5 年交 \n10 年交 15 年交 20 年交 \n55 \n68 \n190 \n311 \n595 \n \n \n66 \n184 \n302 \n576 \n \n \n56 \n66 \n184 \n302 \n \n \n \n64 \n179 \n293 \n \n \n \n57 \n64 \n179 \n294 \n \n \n \n62 \n173 \n284 \n \n \n \n58 \n62 \n174 \n285 \n \n \n \n60 \n168 \n276 \n \n \n \n59 \n60 \n169 \n277 \n \n \n \n59 \n164 \n268 \n \n \n \n60 \n59 \n164 \n268 \n \n \n \n57 \n159 \n260 \n \n \n \n61 \n57 \n159 \n \n \n \n \n55 \n154 \n \n \n \n \n62 \n55 \n154 \n \n \n \n \n54 \n150 \n \n \n \n \n63 \n54 \n \n \n \n \n \n52 \n \n \n \n \n \n64 \n52 \n \n \n \n \n \n50 \n \n \n \n \n \n注：月交保险费=年交保险费*0.085 \n \n养老保险金开始领取年龄：70 周岁 \n单位：人民币元 \n年龄 \n男性 \n女性 \n趸交 \n3 年交 \n5 年交 \n10 年交 15 年交 20 年交 \n趸交 \n3 年交 \n5 年交 \n10 年交 15 年交 20 年交 \n0 \n405 \n1133 \n1858 \n3546 \n4967 \n6205 \n399 \n1117 \n1831 \n3494 \n4894 \n6114 \n1 \n393 \n1100 \n1804 \n3443 \n4822 \n6025 \n387 \n1084 \n1778 \n3392 \n4751 \n5936 \n2 \n382 \n1068 \n1752 \n3343 \n4682 \n5849 \n376 \n1053 \n1726 \n3294 \n4613 \n5763 \n3 \n371 \n1037 \n1701 \n3245 \n4545 \n5679 \n365 \n1022 \n1676 \n3198 \n4479 \n5595 \n4 \n360 \n1007 \n1651 \n3151 \n4413 \n5514 \n355 \n992 \n1627 \n3105 \n4348 \n5432 \n5 \n349 \n978 \n1603 \n3059 \n4285 \n5353 \n344 \n963 \n1579 \n3014 \n4222 \n5274 \n6 \n339 \n949 \n1556 \n2970 \n4160 \n5197 \n334 \n935 \n1533 \n2926 \n4099 \n5121 \n7 \n329 \n922 \n1511 \n2884 \n4039 \n5046 \n325 \n908 \n1489 \n2841 \n3979 \n4972 \n8 \n320 \n895 \n1467 \n2800 \n3921 \n4899 \n315 \n882 \n1445 \n2758 \n3863 \n4827 \n9 \n310 \n869 \n1424 \n2718 \n3807 \n4756 \n306 \n856 \n1403 \n2678 \n3751 \n4686 \n10 \n301 \n843 \n1383 \n2639 \n3696 \n4618 \n297 \n831 \n1362 \n2600 \n3642 \n4550 \n11 \n293 \n819 \n1342 \n2562 \n3589 \n4484 \n288 \n807 \n1323 \n2524 \n3536 \n4417 \n12 \n284 \n795 \n1303 \n2487 \n3484 \n4353 \n280 \n783 \n1284 \n2451 \n3433 \n4289 \n13 \n276 \n772 \n1265 \n2415 \n3383 \n4226 \n272 \n761 \n1247 \n2379 \n3333 \n4164 \n14 \n268 \n749 \n1229 \n2345 \n3284 \n4103 \n264 \n738 \n1211 \n2310 \n3236 \n4043 \n15 \n260 \n728 \n1193 \n2276 \n3188 \n3984 \n256 \n717 \n1175 \n2243 \n3141 \n3925 \n16 \n252 \n706 \n1158 \n2210 \n3096 \n3868 \n249 \n696 \n1141 \n2178 \n3050 \n3810 \n17 \n245 \n686 \n1124 \n2146 \n3005 \n3755 \n241 \n676 \n1108 \n2114 \n2961 \n3700 \n18 \n238 \n666 \n1092 \n2083 \n2918 \n3646 \n234 \n656 \n1076 \n2053 \n2875 \n3592 \n19 \n231 \n646 \n1060 \n2023 \n2833 \n3540 \n228 \n637 \n1044 \n1993 \n2791 \n3487 \n20 \n224 \n628 \n1029 \n1964 \n2750 \n3436 \n221 \n618 \n1014 \n1935 \n2710 \n3386 \n21 \n218 \n609 \n999 \n1906 \n2670 \n3336 \n215 \n600 \n984 \n1878 \n2631 \n3287 \n22 \n211 \n592 \n970 \n1851 \n2593 \n3239 \n208 \n583 \n956 \n1824 \n2554 \n3191 \n23 \n205 \n574 \n942 \n1797 \n2517 \n3145 \n202 \n566 \n928 \n1771 \n2480 \n3098 \n24 \n199 \n558 \n914 \n1745 \n2444 \n3053 \n196 \n549 \n901 \n1719 \n2408 \n3008 \n25 \n194 \n541 \n888 \n1694 \n2373 \n2965 \n191 \n533 \n875 \n1669 \n2338 \n2921 \n26 \n188 \n526 \n862 \n1645 \n2304 \n2878 \n185 \n518 \n849 \n1620 \n2270 \n2836 \n27 \n182 \n510 \n837 \n1597 \n2237 \n2795 \n180 \n503 \n824 \n1573 \n2203 \n2753 \n28 \n177 \n495 \n812 \n1550 \n2171 \n2713 \n174 \n488 \n800 \n1527 \n2139 \n2673 \n29 \n172 \n481 \n789 \n1505 \n2108 \n2634 \n169 \n474 \n777 \n1483 \n2077 \n2595 \n30 \n167 \n467 \n766 \n1461 \n2047 \n2558 \n164 \n460 \n754 \n1440 \n2017 \n2520 \n",
  "blocks": [
    {
      "bbox": [
        15.479999542236328,
        75.70430755615234,
        585.8999633789062,
        233.86431884765625
      ],
      "max_font_size": 9.960000038146973,
      "text": "年龄 男性 女性 趸交 3 年交 5 年交 10 年交 15 年交 20 年交 趸交 3 年交 5 年交 10 年交 15 年交 20 年交 55 68 190 311 595   66 184 302 576   56 66 184 302    64 179 293    57 64 179 294    62 173 284    58 62 174 285    60 168 276    59 60 169 277    59 164 268    60 59 164 268    57 159 260    61 57 159     55 154     62 55 154     54 150     63 54      52      64 52      50",
      "is_heading": false
    },
    {
      "bbox": [
        79.46399688720703,
        243.69891357421875,
        247.49000549316406,
        254.2589111328125
      ],
      "max_font_size": 10.5600004196167,
      "text": "注：月交保险费=年交保险费*0.085",
      "is_heading": false
    },
    {
      "bbox": [
        217.3699951171875,
        283.7789306640625,
        383.4700012207031,
        294.33892822265625
      ],
      "max_font_size": 10.5600004196167,
      "text": "养老保险金开始领取年龄：70 周岁",
      "is_heading": false
    },
    {
      "bbox": [
        442.5400085449219,
        303.69891357421875,
        521.3800048828125,
        314.2589111328125
      ],
      "max_font_size": 10.5600004196167,
      "text": "单位：人民币元",
      "is_heading": false
    },
    {
      "bbox": [
        15.479999542236328,
        317.8943176269531,
        585.8999633789062,
        758.96435546875
      ],
      "max_font_size": 9.960000038146973,
      "text": "年龄 男性 女性 趸交 3 年交 5 年交 10 年交 15 年交 20 年交 趸交 3 年交 5 年交 10 年交 15 年交 20 年交 0 405 1133 1858 3546 4967 6205 399 1117 1831 3494 4894 6114 1 393 1100 1804 3443 4822 6025 387 1084 1778 3392 4751 5936 2 382 1068 1752 3343 4682 5849 376 1053 1726 3294 4613 5763 3 371 1037 1701 3245 4545 5679 365 1022 1676 3198 4479 5595 4 360 1007 1651 3151 4413 5514 355 992 1627 3105 4348 5432 5 349 978 1603 3059 4285 5353 344 963 1579 3014 4222 5274 6 339 949 1556 2970 4160 5197 334 935 1533 2926 4099 5121 7 329 922 1511 2884 4039 5046 325 908 1489 2841 3979 4972 8 320 895 1467 2800 3921 4899 315 882 1445 2758 3863 4827 9 310 869 1424 2718 3807 4756 306 856 1403 2678 3751 4686 10 301 843 1383 2639 3696 4618 297 831 1362 2600 3642 4550 11 293 819 1342 2562 3589 4484 288 807 1323 2524 3536 4417 12 284 795 1303 2487 3484 4353 280 783 1284 2451 3433 4289 13 276 772 1265 2415 3383 4226 272 761 1247 2379 3333 4164 14 268 749 1229 2345 3284 4103 264 738 1211 2310 3236 4043 15 260 728 1193 2276 3188 3984 256 717 1175 2243 3141 3925 16 252 706 1158 2210 3096 3868 249 696 1141 2178 3050 3810 17 245 686 1124 2146 3005 3755 241 676 1108 2114 2961 3700 18 238 666 1092 2083 2918 3646 234 656 1076 2053 2875 3592 19 231 646 1060 2023 2833 3540 228 637 1044 1993 2791 3487 20 224 628 1029 1964 2750 3436 221 618 1014 1935 2710 3386 21 218 609 999 1906 2670 3336 215 600 984 1878 2631 3287 22 211 592 970 1851 2593 3239 208 583 956 1824 2554 3191 23 205 574 942 1797 2517 3145 202 566 928 1771 2480 3098 24 199 558 914 1745 2444 3053 196 549 901 1719 2408 3008 25 194 541 888 1694 2373 2965 191 533 875 1669 2338 2921 26 188 526 862 1645 2304 2878 185 518 849 1620 2270 2836 27 182 510 837 1597 2237 2795 180 503 824 1573 2203 2753 28 177 495 812 1550 2171 2713 174 488 800 1527 2139 2673 29 172 481 789 1505 2108 2634 169 474 777 1483 2077 2595 30 167 467 766 1461 2047 2558 164 460 754 1440 2017 2520",
      "is_heading": false
    }
  ]
}