{
  "page_no": 12,
  "width": 595.3200073242188,
  "height": 842.0399780273438,
  "text": " \n保障方案 \n保障方案二 \n性别 \n男性 \n女性 \n交费期间 \n年龄 \n3 年交 \n5 年交 \n10 年交 \n15 年交 \n20 年交 \n3 年交 \n5 年交 \n10 年交 \n15 年交 \n20 年交 \n23 \n711 \n1146 \n2190 \n3037 \n3838 \n689 \n1110 \n2122 \n2943 \n3718 \n24 \n694 \n1118 \n2137 \n2963 \n3744 \n672 \n1083 \n2070 \n2871 \n3627 \n25 \n677 \n1091 \n2085 \n2891 \n3653 \n656 \n1057 \n2020 \n2801 \n3539 \n26 \n660 \n1064 \n2034 \n2821 \n3564 \n640 \n1031 \n1970 \n2733 \n3452 \n27 \n644 \n1038 \n1984 \n2752 \n3477 \n624 \n1006 \n1922 \n2666 \n3368 \n28 \n629 \n1013 \n1936 \n2685 \n3392 \n609 \n981 \n1875 \n2601 \n3286 \n29 \n613 \n988 \n1889 \n2619 \n3309 \n594 \n957 \n1830 \n2537 \n3206 \n30 \n598 \n964 \n1843 \n2555 \n3229 \n579 \n934 \n1785 \n2475 \n3128 \n31 \n584 \n940 \n1798 \n2493 \n3150 \n565 \n911 \n1742 \n2415 \n3051 \n32 \n569 \n917 \n1754 \n2432 \n3073 \n552 \n889 \n1699 \n2356 \n2977 \n33 \n556 \n895 \n1711 \n2373 \n2998 \n538 \n867 \n1658 \n2299 \n2904 \n34 \n542 \n873 \n1669 \n2315 \n2925 \n525 \n846 \n1617 \n2243 \n2834 \n35 \n529 \n852 \n1629 \n2258 \n2854 \n512 \n825 \n1578 \n2188 \n2764 \n36 \n516 \n831 \n1589 \n2203 \n2784 \n500 \n805 \n1539 \n2135 \n2697 \n37 \n503 \n811 \n1550 \n2149 \n2716 \n487 \n786 \n1502 \n2082 \n2631 \n38 \n491 \n791 \n1512 \n2097 \n2650 \n476 \n766 \n1465 \n2032 \n2567 \n39 \n479 \n772 \n1475 \n2046 \n2585 \n464 \n748 \n1429 \n1982 \n2504 \n40 \n467 \n753 \n1439 \n1996 \n2522 \n453 \n729 \n1394 \n1934 \n2443 \n41 \n456 \n735 \n1404 \n1947 \n2461 \n442 \n712 \n1360 \n1886 \n2384 \n42 \n445 \n717 \n1370 \n1899 \n2400 \n431 \n694 \n1327 \n1840 \n2326 \n43 \n434 \n699 \n1336 \n1853 \n2342 \n420 \n677 \n1295 \n1795 \n2269 \n44 \n423 \n682 \n1304 \n1808 \n2285 \n410 \n661 \n1263 \n1752 \n2214 \n45 \n413 \n665 \n1272 \n1764 \n2229 \n400 \n645 \n1232 \n1709 \n2160 \n46 \n403 \n649 \n1241 \n1720 \n2175 \n390 \n629 \n1202 \n1667 \n2107 \n47 \n393 \n633 \n1210 \n1678 \n2122 \n381 \n614 \n1173 \n1626 \n2055 \n48 \n383 \n618 \n1181 \n1637 \n2070 \n372 \n599 \n1144 \n1587 \n2005 \n49 \n374 \n603 \n1152 \n1597 \n2019 \n362 \n584 \n1116 \n1548 \n1948 \n50 \n365 \n588 \n1124 \n1558 \n1962 \n354 \n570 \n1089 \n1510 \n1892 \n51 \n356 \n574 \n1096 \n1520 \n \n345 \n556 \n1062 \n1468 \n \n52 \n347 \n559 \n1069 \n1478 \n \n337 \n542 \n1036 \n1426 \n \n53 \n339 \n546 \n1043 \n1431 \n \n328 \n529 \n1011 \n1384 \n \n54 \n331 \n532 \n1018 \n1386 \n \n320 \n516 \n984 \n1343 \n \n55 \n323 \n519 \n991 \n1341 \n \n312 \n503 \n955 \n1302 \n \n56 \n315 \n507 \n959 \n \n \n305 \n489 \n927 \n \n \n57 \n307 \n492 \n929 \n \n \n297 \n475 \n900 \n \n \n58 \n299 \n477 \n899 \n \n \n288 \n461 \n873 \n \n \n59 \n290 \n462 \n869 \n \n \n280 \n448 \n846 \n \n \n60 \n281 \n447 \n839 \n \n \n272 \n434 \n820 \n \n \n61 \n272 \n432 \n \n \n \n264 \n421 \n \n \n \n62 \n263 \n417 \n \n \n \n256 \n407 \n \n \n \n63 \n254 \n402 \n \n \n \n248 \n394 \n \n \n \n64 \n245 \n387 \n \n \n \n240 \n382 \n \n \n \n65 \n236 \n373 \n \n \n \n232 \n369 \n \n \n \n注：半年交保险费=年交保险费*0.505，季交保险费=年交保险费*0.255，月交保险费=年交保险\n费*0.085 \n本合同提供的首次养老保险金领取日为被保险人年满本合同约定的养老保险金开始领取年龄后\n的首个合同生效日对应日。 \n",
  "blocks": [
    {
      "bbox": [
        32.400001525878906,
        75.70430755615234,
        563.9199829101562,
        126.78894805908203
      ],
      "max_font_size": 10.5600004196167,
      "text": "保障方案 保障方案二 性别 男性 女性 交费期间 年龄 3 年交 5 年交 10 年交 15 年交 20 年交 3 年交 5 年交 10 年交 15 年交 20 年交",
      "is_heading": false
    },
    {
      "bbox": [
        57.2400016784668,
        130.42434692382812,
        557.5599975585938,
        761.06494140625
      ],
      "max_font_size": 10.5600004196167,
      "text": "23 711 1146 2190 3037 3838 689 1110 2122 2943 3718 24 694 1118 2137 2963 3744 672 1083 2070 2871 3627 25 677 1091 2085 2891 3653 656 1057 2020 2801 3539 26 660 1064 2034 2821 3564 640 1031 1970 2733 3452 27 644 1038 1984 2752 3477 624 1006 1922 2666 3368 28 629 1013 1936 2685 3392 609 981 1875 2601 3286 29 613 988 1889 2619 3309 594 957 1830 2537 3206 30 598 964 1843 2555 3229 579 934 1785 2475 3128 31 584 940 1798 2493 3150 565 911 1742 2415 3051 32 569 917 1754 2432 3073 552 889 1699 2356 2977 33 556 895 1711 2373 2998 538 867 1658 2299 2904 34 542 873 1669 2315 2925 525 846 1617 2243 2834 35 529 852 1629 2258 2854 512 825 1578 2188 2764 36 516 831 1589 2203 2784 500 805 1539 2135 2697 37 503 811 1550 2149 2716 487 786 1502 2082 2631 38 491 791 1512 2097 2650 476 766 1465 2032 2567 39 479 772 1475 2046 2585 464 748 1429 1982 2504 40 467 753 1439 1996 2522 453 729 1394 1934 2443 41 456 735 1404 1947 2461 442 712 1360 1886 2384 42 445 717 1370 1899 2400 431 694 1327 1840 2326 43 434 699 1336 1853 2342 420 677 1295 1795 2269 44 423 682 1304 1808 2285 410 661 1263 1752 2214 45 413 665 1272 1764 2229 400 645 1232 1709 2160 46 403 649 1241 1720 2175 390 629 1202 1667 2107 47 393 633 1210 1678 2122 381 614 1173 1626 2055 48 383 618 1181 1637 2070 372 599 1144 1587 2005 49 374 603 1152 1597 2019 362 584 1116 1548 1948 50 365 588 1124 1558 1962 354 570 1089 1510 1892 51 356 574 1096 1520  345 556 1062 1468  52 347 559 1069 1478  337 542 1036 1426  53 339 546 1043 1431  328 529 1011 1384  54 331 532 1018 1386  320 516 984 1343  55 323 519 991 1341  312 503 955 1302  56 315 507 959   305 489 927   57 307 492 929   297 475 900   58 299 477 899   288 461 873   59 290 462 869   280 448 846   60 281 447 839   272 434 820   61 272 432    264 421    62 263 417    256 407    63 254 402    248 394    64 245 387    240 382    65 236 373    232 369    注：半年交保险费=年交保险费*0.505，季交保险费=年交保险费*0.255，月交保险费=年交保险费*0.085 本合同提供的首次养老保险金领取日为被保险人年满本合同约定的养老保险金开始领取年龄后的首个合同生效日对应日。",
      "is_heading": false
    }
  ]
}