{
  "page_no": 4,
  "width": 595.3200073242188,
  "height": 842.0399780273438,
  "text": " \n \n养老保险金开始领取年龄：60 周岁 \n单位：人民币元 \n保障方案 \n保障方案一 \n性别 \n男性 \n女性 \n交费期间 \n年龄 \n3 年交 \n5 年交 \n10 年交 \n15 年交 \n20 年交 \n3 年交 \n5 年交 \n10 年交 \n15 年交 \n20 年交 \n0 \n653 \n1053 \n2013 \n2791 \n3527 \n605 \n976 \n1865 \n2586 \n3268 \n1 \n638 \n1027 \n1964 \n2723 \n3441 \n591 \n952 \n1819 \n2523 \n3188 \n2 \n622 \n1002 \n1916 \n2657 \n3357 \n576 \n929 \n1775 \n2462 \n3110 \n3 \n607 \n978 \n1869 \n2592 \n3275 \n562 \n906 \n1732 \n2402 \n3034 \n4 \n592 \n954 \n1824 \n2529 \n3196 \n548 \n884 \n1690 \n2343 \n2961 \n5 \n578 \n931 \n1779 \n2467 \n3118 \n535 \n862 \n1648 \n2286 \n2888 \n6 \n564 \n908 \n1736 \n2407 \n3042 \n522 \n841 \n1608 \n2230 \n2818 \n7 \n550 \n886 \n1694 \n2349 \n2967 \n509 \n821 \n1569 \n2176 \n2749 \n8 \n536 \n864 \n1652 \n2291 \n2895 \n497 \n801 \n1531 \n2123 \n2682 \n9 \n523 \n843 \n1612 \n2235 \n2824 \n485 \n781 \n1493 \n2071 \n2617 \n10 \n511 \n823 \n1573 \n2181 \n2756 \n473 \n762 \n1457 \n2021 \n2553 \n11 \n498 \n803 \n1534 \n2128 \n2688 \n461 \n744 \n1421 \n1971 \n2491 \n12 \n486 \n783 \n1497 \n2076 \n2623 \n450 \n725 \n1387 \n1923 \n2430 \n13 \n474 \n764 \n1460 \n2025 \n2559 \n439 \n708 \n1353 \n1876 \n2371 \n14 \n463 \n745 \n1425 \n1976 \n2496 \n428 \n690 \n1320 \n1831 \n2313 \n15 \n451 \n727 \n1390 \n1928 \n2435 \n418 \n674 \n1288 \n1786 \n2256 \n16 \n440 \n709 \n1356 \n1880 \n2376 \n408 \n657 \n1256 \n1742 \n2201 \n17 \n429 \n692 \n1323 \n1835 \n2318 \n398 \n641 \n1226 \n1700 \n2148 \n18 \n419 \n675 \n1291 \n1790 \n2261 \n388 \n626 \n1196 \n1658 \n2095 \n19 \n409 \n659 \n1259 \n1746 \n2206 \n379 \n610 \n1167 \n1618 \n2044 \n20 \n399 \n643 \n1228 \n1704 \n2152 \n369 \n595 \n1138 \n1578 \n1994 \n21 \n389 \n627 \n1198 \n1662 \n2100 \n360 \n581 \n1110 \n1540 \n1944 \n22 \n380 \n612 \n1169 \n1621 \n2049 \n352 \n567 \n1083 \n1502 \n1895 \n23 \n370 \n597 \n1141 \n1582 \n1999 \n343 \n553 \n1057 \n1465 \n1847 \n24 \n361 \n582 \n1113 \n1543 \n1947 \n335 \n539 \n1031 \n1428 \n1800 \n25 \n352 \n568 \n1086 \n1506 \n1897 \n327 \n526 \n1006 \n1391 \n1754 \n26 \n344 \n554 \n1059 \n1467 \n1848 \n319 \n513 \n981 \n1356 \n1709 \n27 \n336 \n541 \n1033 \n1429 \n1800 \n311 \n501 \n956 \n1322 \n1666 \n28 \n327 \n527 \n1008 \n1392 \n1752 \n303 \n488 \n932 \n1288 \n1623 \n29 \n319 \n515 \n983 \n1356 \n1706 \n296 \n476 \n908 \n1255 \n1581 \n30 \n312 \n502 \n957 \n1320 \n1661 \n288 \n464 \n885 \n1223 \n1540 \n31 \n304 \n489 \n932 \n1286 \n1617 \n281 \n452 \n863 \n1191 \n1500 \n32 \n296 \n477 \n908 \n1252 \n1574 \n274 \n441 \n841 \n1161 \n1461 \n33 \n289 \n464 \n884 \n1219 \n1532 \n267 \n429 \n819 \n1131 \n1423 \n34 \n281 \n452 \n861 \n1186 \n1490 \n260 \n418 \n798 \n1101 \n1385 \n35 \n274 \n440 \n839 \n1154 \n1449 \n253 \n408 \n777 \n1072 \n1349 \n36 \n267 \n429 \n816 \n1123 \n1409 \n247 \n397 \n757 \n1044 \n1313 \n37 \n260 \n417 \n794 \n1092 \n1370 \n241 \n387 \n737 \n1016 \n1277 \n38 \n253 \n406 \n773 \n1062 \n1332 \n234 \n377 \n718 \n989 \n1243 \n39 \n246 \n395 \n752 \n1033 \n1294 \n228 \n367 \n699 \n963 \n1209 \n40 \n240 \n385 \n732 \n1004 \n1257 \n222 \n357 \n681 \n937 \n1176 \n41 \n233 \n374 \n712 \n975 \n \n217 \n348 \n663 \n911 \n \n",
  "blocks": [
    {
      "bbox": [
        79.46399688720703,
        101.58892822265625,
        245.5699920654297,
        112.14893341064453
      ],
      "max_font_size": 10.5600004196167,
      "text": "养老保险金开始领取年龄：60 周岁",
      "is_heading": false
    },
    {
      "bbox": [
        32.400001525878906,
        121.62890625,
        563.9199829101562,
        186.7889404296875
      ],
      "max_font_size": 10.5600004196167,
      "text": "单位：人民币元 保障方案 保障方案一 性别 男性 女性 交费期间 年龄 3 年交 5 年交 10 年交 15 年交 20 年交 3 年交 5 年交 10 年交 15 年交 20 年交",
      "is_heading": false
    },
    {
      "bbox": [
        57.2400016784668,
        190.42434692382812,
        557.5599975585938,
        752.7003173828125
      ],
      "max_font_size": 9.960000038146973,
      "text": "0 653 1053 2013 2791 3527 605 976 1865 2586 3268 1 638 1027 1964 2723 3441 591 952 1819 2523 3188 2 622 1002 1916 2657 3357 576 929 1775 2462 3110 3 607 978 1869 2592 3275 562 906 1732 2402 3034 4 592 954 1824 2529 3196 548 884 1690 2343 2961 5 578 931 1779 2467 3118 535 862 1648 2286 2888 6 564 908 1736 2407 3042 522 841 1608 2230 2818 7 550 886 1694 2349 2967 509 821 1569 2176 2749 8 536 864 1652 2291 2895 497 801 1531 2123 2682 9 523 843 1612 2235 2824 485 781 1493 2071 2617 10 511 823 1573 2181 2756 473 762 1457 2021 2553 11 498 803 1534 2128 2688 461 744 1421 1971 2491 12 486 783 1497 2076 2623 450 725 1387 1923 2430 13 474 764 1460 2025 2559 439 708 1353 1876 2371 14 463 745 1425 1976 2496 428 690 1320 1831 2313 15 451 727 1390 1928 2435 418 674 1288 1786 2256 16 440 709 1356 1880 2376 408 657 1256 1742 2201 17 429 692 1323 1835 2318 398 641 1226 1700 2148 18 419 675 1291 1790 2261 388 626 1196 1658 2095 19 409 659 1259 1746 2206 379 610 1167 1618 2044 20 399 643 1228 1704 2152 369 595 1138 1578 1994 21 389 627 1198 1662 2100 360 581 1110 1540 1944 22 380 612 1169 1621 2049 352 567 1083 1502 1895 23 370 597 1141 1582 1999 343 553 1057 1465 1847 24 361 582 1113 1543 1947 335 539 1031 1428 1800 25 352 568 1086 1506 1897 327 526 1006 1391 1754 26 344 554 1059 1467 1848 319 513 981 1356 1709 27 336 541 1033 1429 1800 311 501 956 1322 1666 28 327 527 1008 1392 1752 303 488 932 1288 1623 29 319 515 983 1356 1706 296 476 908 1255 1581 30 312 502 957 1320 1661 288 464 885 1223 1540 31 304 489 932 1286 1617 281 452 863 1191 1500 32 296 477 908 1252 1574 274 441 841 1161 1461 33 289 464 884 1219 1532 267 429 819 1131 1423 34 281 452 861 1186 1490 260 418 798 1101 1385 35 274 440 839 1154 1449 253 408 777 1072 1349 36 267 429 816 1123 1409 247 397 757 1044 1313 37 260 417 794 1092 1370 241 387 737 1016 1277 38 253 406 773 1062 1332 234 377 718 989 1243 39 246 395 752 1033 1294 228 367 699 963 1209 40 240 385 732 1004 1257 222 357 681 937 1176 41 233 374 712 975  217 348 663 911",
      "is_heading": false
    }
  ]
}