{
  "page_no": 8,
  "width": 595.3200073242188,
  "height": 842.0399780273438,
  "text": " \n保障方案 \n保障方案一 \n性别 \n男性 \n女性 \n交费期间 \n年龄 \n3 年交 \n5 年交 \n10 年交 \n15 年交 \n20 年交 \n3 年交 \n5 年交 \n10 年交 \n15 年交 \n20 年交 \n42 \n298 \n478 \n909 \n1246 \n1558 \n274 \n440 \n837 \n1150 \n1442 \n43 \n290 \n465 \n884 \n1210 \n1512 \n266 \n428 \n814 \n1118 \n1401 \n44 \n282 \n452 \n859 \n1175 \n1467 \n259 \n416 \n792 \n1087 \n1361 \n45 \n274 \n440 \n835 \n1140 \n1423 \n252 \n405 \n770 \n1056 \n1322 \n46 \n267 \n427 \n811 \n1106 \n \n246 \n394 \n749 \n1026 \n \n47 \n259 \n415 \n787 \n1072 \n \n239 \n383 \n728 \n996 \n \n48 \n252 \n403 \n764 \n1039 \n \n232 \n373 \n708 \n967 \n \n49 \n245 \n392 \n741 \n1006 \n \n226 \n362 \n687 \n938 \n \n50 \n238 \n380 \n719 \n974 \n \n220 \n352 \n668 \n909 \n \n51 \n231 \n369 \n696 \n \n \n213 \n342 \n648 \n \n \n52 \n224 \n357 \n675 \n \n \n207 \n332 \n629 \n \n \n53 \n217 \n346 \n653 \n \n \n201 \n322 \n610 \n \n \n54 \n210 \n335 \n631 \n \n \n196 \n313 \n591 \n \n \n55 \n204 \n325 \n610 \n \n \n190 \n303 \n572 \n \n \n56 \n197 \n314 \n \n \n \n184 \n294 \n \n \n \n57 \n191 \n303 \n \n \n \n178 \n284 \n \n \n \n58 \n184 \n292 \n \n \n \n173 \n275 \n \n \n \n59 \n178 \n282 \n \n \n \n167 \n266 \n \n \n \n60 \n172 \n271 \n \n \n \n162 \n257 \n \n \n \n注：半年交保险费=年交保险费*0.505，季交保险费=年交保险费*0.255，月交保险费=年交保险\n费*0.085 \n \n保障方案 \n保障方案二 \n性别 \n男性 \n女性 \n交费期间 \n年龄 \n3 年交 \n5 年交 \n10 年交 \n15 年交 \n20 年交 \n3 年交 \n5 年交 \n10 年交 \n15 年交 \n20 年交 \n0 \n927 \n1494 \n2856 \n3961 \n5005 \n886 \n1428 \n2730 \n3786 \n4783 \n1 \n905 \n1458 \n2787 \n3865 \n4883 \n865 \n1393 \n2664 \n3694 \n4667 \n2 \n883 \n1422 \n2719 \n3771 \n4764 \n844 \n1359 \n2599 \n3604 \n4553 \n3 \n861 \n1388 \n2653 \n3679 \n4648 \n823 \n1326 \n2535 \n3516 \n4442 \n4 \n840 \n1354 \n2588 \n3589 \n4535 \n803 \n1294 \n2474 \n3430 \n4334 \n5 \n820 \n1321 \n2525 \n3501 \n4424 \n783 \n1262 \n2413 \n3347 \n4228 \n6 \n800 \n1289 \n2463 \n3416 \n4316 \n764 \n1232 \n2354 \n3265 \n4125 \n7 \n780 \n1257 \n2403 \n3333 \n4211 \n746 \n1202 \n2297 \n3185 \n4025 \n8 \n761 \n1226 \n2345 \n3251 \n4108 \n727 \n1172 \n2241 \n3108 \n3926 \n9 \n743 \n1197 \n2287 \n3172 \n4008 \n710 \n1144 \n2186 \n3032 \n3831 \n10 \n724 \n1167 \n2232 \n3095 \n3910 \n692 \n1116 \n2133 \n2958 \n3737 \n11 \n707 \n1139 \n2177 \n3019 \n3815 \n675 \n1089 \n2081 \n2886 \n3646 \n12 \n690 \n1111 \n2124 \n2946 \n3722 \n659 \n1062 \n2030 \n2815 \n3557 \n13 \n673 \n1084 \n2072 \n2874 \n3631 \n643 \n1036 \n1981 \n2747 \n3470 \n14 \n656 \n1058 \n2022 \n2804 \n3542 \n627 \n1011 \n1932 \n2680 \n3386 \n15 \n640 \n1032 \n1972 \n2735 \n3456 \n612 \n986 \n1885 \n2614 \n3303 \n16 \n625 \n1007 \n1924 \n2668 \n3372 \n597 \n962 \n1839 \n2551 \n3223 \n17 \n609 \n982 \n1877 \n2603 \n3289 \n582 \n939 \n1794 \n2488 \n3144 \n18 \n595 \n958 \n1831 \n2540 \n3209 \n568 \n916 \n1751 \n2428 \n3067 \n",
  "blocks": [
    {
      "bbox": [
        32.400001525878906,
        75.70430755615234,
        563.9199829101562,
        126.78894805908203
      ],
      "max_font_size": 10.5600004196167,
      "text": "保障方案 保障方案一 性别 男性 女性 交费期间 年龄 3 年交 5 年交 10 年交 15 年交 20 年交 3 年交 5 年交 10 年交 15 年交 20 年交",
      "is_heading": false
    },
    {
      "bbox": [
        57.2400016784668,
        130.42434692382812,
        557.5599975585938,
        382.8143310546875
      ],
      "max_font_size": 9.960000038146973,
      "text": "42 298 478 909 1246 1558 274 440 837 1150 1442 43 290 465 884 1210 1512 266 428 814 1118 1401 44 282 452 859 1175 1467 259 416 792 1087 1361 45 274 440 835 1140 1423 252 405 770 1056 1322 46 267 427 811 1106  246 394 749 1026  47 259 415 787 1072  239 383 728 996  48 252 403 764 1039  232 373 708 967  49 245 392 741 1006  226 362 687 938  50 238 380 719 974  220 352 668 909  51 231 369 696   213 342 648   52 224 357 675   207 332 629   53 217 346 653   201 322 610   54 210 335 631   196 313 591   55 204 325 610   190 303 572   56 197 314    184 294    57 191 303    178 284    58 184 292    173 275    59 178 282    167 266    60 172 271    162 257",
      "is_heading": false
    },
    {
      "bbox": [
        79.46399688720703,
        392.7389221191406,
        516.223876953125,
        403.2989196777344
      ],
      "max_font_size": 10.5600004196167,
      "text": "注：半年交保险费=年交保险费*0.505，季交保险费=年交保险费*0.255，月交保险费=年交保险",
      "is_heading": false
    },
    {
      "bbox": [
        79.46399688720703,
        412.7789306640625,
        126.73999786376953,
        423.33892822265625
      ],
      "max_font_size": 10.5600004196167,
      "text": "费*0.085",
      "is_heading": false
    },
    {
      "bbox": [
        32.400001525878906,
        432.71893310546875,
        563.9199829101562,
        497.9989318847656
      ],
      "max_font_size": 10.5600004196167,
      "text": "保障方案 保障方案二 性别 男性 女性 交费期间 年龄 3 年交 5 年交 10 年交 15 年交 20 年交 3 年交 5 年交 10 年交 15 年交 20 年交",
      "is_heading": false
    },
    {
      "bbox": [
        57.2400016784668,
        501.51434326171875,
        557.5599975585938,
        754.0203247070312
      ],
      "max_font_size": 9.960000038146973,
      "text": "0 927 1494 2856 3961 5005 886 1428 2730 3786 4783 1 905 1458 2787 3865 4883 865 1393 2664 3694 4667 2 883 1422 2719 3771 4764 844 1359 2599 3604 4553 3 861 1388 2653 3679 4648 823 1326 2535 3516 4442 4 840 1354 2588 3589 4535 803 1294 2474 3430 4334 5 820 1321 2525 3501 4424 783 1262 2413 3347 4228 6 800 1289 2463 3416 4316 764 1232 2354 3265 4125 7 780 1257 2403 3333 4211 746 1202 2297 3185 4025 8 761 1226 2345 3251 4108 727 1172 2241 3108 3926 9 743 1197 2287 3172 4008 710 1144 2186 3032 3831 10 724 1167 2232 3095 3910 692 1116 2133 2958 3737 11 707 1139 2177 3019 3815 675 1089 2081 2886 3646 12 690 1111 2124 2946 3722 659 1062 2030 2815 3557 13 673 1084 2072 2874 3631 643 1036 1981 2747 3470 14 656 1058 2022 2804 3542 627 1011 1932 2680 3386 15 640 1032 1972 2735 3456 612 986 1885 2614 3303 16 625 1007 1924 2668 3372 597 962 1839 2551 3223 17 609 982 1877 2603 3289 582 939 1794 2488 3144 18 595 958 1831 2540 3209 568 916 1751 2428 3067",
      "is_heading": false
    }
  ]
}