{
  "page_no": 11,
  "width": 595.3200073242188,
  "height": 842.0399780273438,
  "text": " \n保障方案 \n保障方案一 \n性别 \n男性 \n女性 \n交费期间 \n年龄 \n3 年交 \n5 年交 \n10 年交 \n15 年交 \n20 年交 \n3 年交 \n5 年交 \n10 年交 \n15 年交 \n20 年交 \n45 \n359 \n579 \n1107 \n1535 \n1926 \n333 \n536 \n1024 \n1409 \n1764 \n46 \n351 \n565 \n1080 \n1497 \n1868 \n324 \n523 \n999 \n1369 \n1713 \n47 \n342 \n551 \n1054 \n1452 \n1811 \n316 \n510 \n971 \n1329 \n1663 \n48 \n334 \n538 \n1028 \n1408 \n1754 \n309 \n497 \n944 \n1291 \n1613 \n49 \n326 \n525 \n1003 \n1365 \n1698 \n301 \n483 \n917 \n1253 \n1564 \n50 \n318 \n512 \n973 \n1322 \n1642 \n293 \n470 \n891 \n1215 \n1515 \n51 \n310 \n499 \n944 \n1279 \n \n285 \n456 \n865 \n1179 \n \n52 \n302 \n484 \n915 \n1238 \n \n277 \n443 \n840 \n1142 \n \n53 \n294 \n469 \n886 \n1196 \n \n269 \n430 \n815 \n1106 \n \n54 \n285 \n455 \n858 \n1155 \n \n261 \n418 \n790 \n1071 \n \n55 \n276 \n440 \n830 \n1114 \n \n253 \n405 \n766 \n1035 \n \n56 \n268 \n426 \n \n \n \n246 \n393 \n \n \n \n57 \n259 \n412 \n \n \n \n238 \n381 \n \n \n \n58 \n251 \n398 \n \n \n \n231 \n369 \n \n \n \n59 \n242 \n385 \n \n \n \n224 \n357 \n \n \n \n60 \n234 \n371 \n \n \n \n217 \n345 \n \n \n \n注：半年交保险费=年交保险费*0.505，季交保险费=年交保险费*0.255，月交保险费=年交保险\n费*0.085 \n \n保障方案 \n保障方案二 \n性别 \n男性 \n女性 \n交费期间 \n年龄 \n3 年交 \n5 年交 \n10 年交 \n15 年交 \n20 年交 \n3 年交 \n5 年交 \n10 年交 \n15 年交 \n20 年交 \n0 \n1255 \n2022 \n3865 \n5360 \n6772 \n1215 \n1959 \n3744 \n5192 \n6560 \n1 \n1224 \n1973 \n3771 \n5230 \n6607 \n1186 \n1911 \n3653 \n5066 \n6400 \n2 \n1194 \n1925 \n3679 \n5102 \n6446 \n1157 \n1864 \n3564 \n4942 \n6244 \n3 \n1165 \n1878 \n3589 \n4978 \n6289 \n1129 \n1819 \n3477 \n4822 \n6092 \n4 \n1137 \n1832 \n3502 \n4856 \n6136 \n1101 \n1775 \n3392 \n4704 \n5944 \n5 \n1109 \n1787 \n3417 \n4738 \n5986 \n1074 \n1731 \n3310 \n4590 \n5799 \n6 \n1082 \n1744 \n3333 \n4622 \n5840 \n1048 \n1689 \n3229 \n4478 \n5657 \n7 \n1056 \n1701 \n3252 \n4510 \n5698 \n1023 \n1648 \n3150 \n4368 \n5519 \n8 \n1030 \n1660 \n3173 \n4400 \n5559 \n998 \n1608 \n3073 \n4262 \n5385 \n9 \n1005 \n1619 \n3095 \n4292 \n5423 \n973 \n1568 \n2998 \n4158 \n5253 \n10 \n980 \n1580 \n3020 \n4188 \n5291 \n950 \n1530 \n2925 \n4057 \n5125 \n11 \n956 \n1541 \n2946 \n4086 \n5162 \n926 \n1493 \n2854 \n3958 \n5000 \n12 \n933 \n1504 \n2874 \n3986 \n5036 \n904 \n1456 \n2784 \n3861 \n4878 \n13 \n910 \n1467 \n2804 \n3889 \n4913 \n882 \n1421 \n2716 \n3767 \n4759 \n14 \n888 \n1431 \n2736 \n3794 \n4793 \n860 \n1386 \n2650 \n3675 \n4643 \n15 \n866 \n1396 \n2669 \n3701 \n4676 \n839 \n1352 \n2585 \n3585 \n4530 \n16 \n845 \n1362 \n2604 \n3611 \n4562 \n819 \n1319 \n2522 \n3498 \n4419 \n17 \n825 \n1329 \n2540 \n3523 \n4451 \n799 \n1287 \n2461 \n3413 \n4312 \n18 \n805 \n1296 \n2478 \n3437 \n4342 \n779 \n1256 \n2401 \n3329 \n4206 \n19 \n785 \n1265 \n2418 \n3353 \n4236 \n760 \n1225 \n2342 \n3248 \n4104 \n20 \n766 \n1234 \n2359 \n3271 \n4133 \n742 \n1195 \n2285 \n3169 \n4004 \n21 \n747 \n1204 \n2301 \n3191 \n4032 \n724 \n1166 \n2229 \n3092 \n3906 \n22 \n729 \n1174 \n2245 \n3113 \n3934 \n706 \n1138 \n2175 \n3016 \n3811 \n",
  "blocks": [
    {
      "bbox": [
        32.400001525878906,
        75.70430755615234,
        563.9199829101562,
        126.78894805908203
      ],
      "max_font_size": 10.5600004196167,
      "text": "保障方案 保障方案一 性别 男性 女性 交费期间 年龄 3 年交 5 年交 10 年交 15 年交 20 年交 3 年交 5 年交 10 年交 15 年交 20 年交",
      "is_heading": false
    },
    {
      "bbox": [
        32.400001525878906,
        130.42434692382812,
        563.9199829101562,
        438.33892822265625
      ],
      "max_font_size": 10.5600004196167,
      "text": "45 359 579 1107 1535 1926 333 536 1024 1409 1764 46 351 565 1080 1497 1868 324 523 999 1369 1713 47 342 551 1054 1452 1811 316 510 971 1329 1663 48 334 538 1028 1408 1754 309 497 944 1291 1613 49 326 525 1003 1365 1698 301 483 917 1253 1564 50 318 512 973 1322 1642 293 470 891 1215 1515 51 310 499 944 1279  285 456 865 1179  52 302 484 915 1238  277 443 840 1142  53 294 469 886 1196  269 430 815 1106  54 285 455 858 1155  261 418 790 1071  55 276 440 830 1114  253 405 766 1035  56 268 426    246 393    57 259 412    238 381    58 251 398    231 369    59 242 385    224 357    60 234 371    217 345    注：半年交保险费=年交保险费*0.505，季交保险费=年交保险费*0.255，月交保险费=年交保险费*0.085  保障方案 保障方案二 性别 男性 女性 交费期间 年龄 3 年交 5 年交 10 年交 15 年交 20 年交 3 年交 5 年交 10 年交 15 年交 20 年交",
      "is_heading": false
    },
    {
      "bbox": [
        57.2400016784668,
        441.9943542480469,
        557.5599975585938,
        748.2603149414062
      ],
      "max_font_size": 9.960000038146973,
      "text": "0 1255 2022 3865 5360 6772 1215 1959 3744 5192 6560 1 1224 1973 3771 5230 6607 1186 1911 3653 5066 6400 2 1194 1925 3679 5102 6446 1157 1864 3564 4942 6244 3 1165 1878 3589 4978 6289 1129 1819 3477 4822 6092 4 1137 1832 3502 4856 6136 1101 1775 3392 4704 5944 5 1109 1787 3417 4738 5986 1074 1731 3310 4590 5799 6 1082 1744 3333 4622 5840 1048 1689 3229 4478 5657 7 1056 1701 3252 4510 5698 1023 1648 3150 4368 5519 8 1030 1660 3173 4400 5559 998 1608 3073 4262 5385 9 1005 1619 3095 4292 5423 973 1568 2998 4158 5253 10 980 1580 3020 4188 5291 950 1530 2925 4057 5125 11 956 1541 2946 4086 5162 926 1493 2854 3958 5000 12 933 1504 2874 3986 5036 904 1456 2784 3861 4878 13 910 1467 2804 3889 4913 882 1421 2716 3767 4759 14 888 1431 2736 3794 4793 860 1386 2650 3675 4643 15 866 1396 2669 3701 4676 839 1352 2585 3585 4530 16 845 1362 2604 3611 4562 819 1319 2522 3498 4419 17 825 1329 2540 3523 4451 799 1287 2461 3413 4312 18 805 1296 2478 3437 4342 779 1256 2401 3329 4206 19 785 1265 2418 3353 4236 760 1225 2342 3248 4104 20 766 1234 2359 3271 4133 742 1195 2285 3169 4004 21 747 1204 2301 3191 4032 724 1166 2229 3092 3906 22 729 1174 2245 3113 3934 706 1138 2175 3016 3811",
      "is_heading": false
    }
  ]
}