{
  "page_no": 7,
  "width": 595.3200073242188,
  "height": 842.0399780273438,
  "text": " \n \n养老保险金开始领取年龄：65 周岁 \n单位：人民币元 \n保障方案 \n保障方案一 \n性别 \n男性 \n女性 \n交费期间 \n年龄 \n3 年交 \n5 年交 \n10 年交 \n15 年交 \n20 年交 \n3 年交 \n5 年交 \n10 年交 \n15 年交 \n20 年交 \n0 \n841 \n1356 \n2592 \n3595 \n4542 \n777 \n1251 \n2392 \n3318 \n4192 \n1 \n821 \n1323 \n2529 \n3507 \n4431 \n758 \n1221 \n2334 \n3237 \n4090 \n2 \n801 \n1291 \n2467 \n3421 \n4323 \n739 \n1191 \n2277 \n3158 \n3990 \n3 \n781 \n1259 \n2407 \n3338 \n4218 \n721 \n1162 \n2222 \n3081 \n3893 \n4 \n762 \n1228 \n2348 \n3257 \n4115 \n704 \n1134 \n2168 \n3006 \n3798 \n5 \n744 \n1199 \n2291 \n3177 \n4014 \n686 \n1106 \n2115 \n2933 \n3705 \n6 \n726 \n1169 \n2235 \n3100 \n3917 \n670 \n1079 \n2063 \n2861 \n3615 \n7 \n708 \n1141 \n2181 \n3024 \n3821 \n653 \n1053 \n2013 \n2791 \n3527 \n8 \n691 \n1113 \n2128 \n2950 \n3728 \n637 \n1027 \n1964 \n2723 \n3441 \n9 \n674 \n1086 \n2076 \n2879 \n3637 \n622 \n1002 \n1916 \n2657 \n3357 \n10 \n657 \n1059 \n2025 \n2808 \n3548 \n607 \n978 \n1869 \n2592 \n3275 \n11 \n641 \n1033 \n1976 \n2740 \n3462 \n592 \n954 \n1824 \n2529 \n3195 \n12 \n626 \n1008 \n1927 \n2673 \n3377 \n578 \n931 \n1779 \n2467 \n3117 \n13 \n610 \n984 \n1880 \n2608 \n3295 \n563 \n908 \n1736 \n2407 \n3041 \n14 \n596 \n960 \n1835 \n2544 \n3214 \n550 \n886 \n1693 \n2348 \n2967 \n15 \n581 \n936 \n1790 \n2482 \n3136 \n536 \n864 \n1652 \n2291 \n2895 \n16 \n567 \n913 \n1746 \n2421 \n3059 \n523 \n843 \n1612 \n2235 \n2824 \n17 \n553 \n891 \n1704 \n2362 \n2985 \n510 \n823 \n1572 \n2181 \n2755 \n18 \n540 \n869 \n1662 \n2305 \n2912 \n498 \n802 \n1534 \n2127 \n2688 \n19 \n526 \n848 \n1621 \n2248 \n2841 \n486 \n783 \n1497 \n2075 \n2622 \n20 \n514 \n827 \n1582 \n2194 \n2772 \n474 \n764 \n1460 \n2025 \n2558 \n21 \n501 \n807 \n1543 \n2140 \n2704 \n462 \n745 \n1425 \n1975 \n2496 \n22 \n489 \n788 \n1506 \n2088 \n2638 \n451 \n727 \n1390 \n1927 \n2435 \n23 \n477 \n768 \n1469 \n2037 \n2574 \n440 \n709 \n1356 \n1880 \n2376 \n24 \n465 \n750 \n1433 \n1987 \n2511 \n429 \n692 \n1323 \n1834 \n2318 \n25 \n454 \n731 \n1398 \n1939 \n2450 \n419 \n675 \n1291 \n1790 \n2261 \n26 \n443 \n714 \n1364 \n1892 \n2390 \n409 \n659 \n1259 \n1746 \n2206 \n27 \n432 \n696 \n1331 \n1845 \n2332 \n399 \n643 \n1228 \n1703 \n2152 \n28 \n421 \n679 \n1298 \n1800 \n2275 \n389 \n627 \n1198 \n1662 \n2100 \n29 \n411 \n663 \n1267 \n1756 \n2219 \n380 \n612 \n1169 \n1621 \n2049 \n30 \n401 \n646 \n1236 \n1714 \n2165 \n370 \n597 \n1141 \n1582 \n1998 \n31 \n391 \n631 \n1206 \n1672 \n2112 \n361 \n582 \n1113 \n1543 \n1946 \n32 \n382 \n615 \n1176 \n1631 \n2061 \n352 \n568 \n1086 \n1506 \n1895 \n33 \n373 \n600 \n1147 \n1591 \n2011 \n344 \n554 \n1059 \n1467 \n1846 \n34 \n363 \n586 \n1119 \n1552 \n1957 \n335 \n541 \n1033 \n1428 \n1797 \n35 \n355 \n571 \n1092 \n1514 \n1904 \n327 \n527 \n1008 \n1391 \n1749 \n36 \n346 \n557 \n1065 \n1475 \n1852 \n319 \n514 \n982 \n1354 \n1703 \n37 \n337 \n544 \n1039 \n1435 \n1801 \n311 \n502 \n957 \n1318 \n1657 \n38 \n329 \n530 \n1014 \n1395 \n1750 \n304 \n489 \n932 \n1283 \n1612 \n39 \n321 \n518 \n988 \n1357 \n1701 \n296 \n476 \n907 \n1249 \n1568 \n40 \n313 \n505 \n961 \n1319 \n1653 \n289 \n464 \n883 \n1215 \n1526 \n41 \n306 \n492 \n935 \n1282 \n1605 \n281 \n452 \n860 \n1182 \n1483 \n",
  "blocks": [
    {
      "bbox": [
        79.46399688720703,
        101.58892822265625,
        245.5699920654297,
        112.14893341064453
      ],
      "max_font_size": 10.5600004196167,
      "text": "养老保险金开始领取年龄：65 周岁",
      "is_heading": false
    },
    {
      "bbox": [
        32.400001525878906,
        121.62890625,
        563.9199829101562,
        186.7889404296875
      ],
      "max_font_size": 10.5600004196167,
      "text": "单位：人民币元 保障方案 保障方案一 性别 男性 女性 交费期间 年龄 3 年交 5 年交 10 年交 15 年交 20 年交 3 年交 5 年交 10 年交 15 年交 20 年交",
      "is_heading": false
    },
    {
      "bbox": [
        57.2400016784668,
        190.42434692382812,
        557.5599975585938,
        752.7003173828125
      ],
      "max_font_size": 9.960000038146973,
      "text": "0 841 1356 2592 3595 4542 777 1251 2392 3318 4192 1 821 1323 2529 3507 4431 758 1221 2334 3237 4090 2 801 1291 2467 3421 4323 739 1191 2277 3158 3990 3 781 1259 2407 3338 4218 721 1162 2222 3081 3893 4 762 1228 2348 3257 4115 704 1134 2168 3006 3798 5 744 1199 2291 3177 4014 686 1106 2115 2933 3705 6 726 1169 2235 3100 3917 670 1079 2063 2861 3615 7 708 1141 2181 3024 3821 653 1053 2013 2791 3527 8 691 1113 2128 2950 3728 637 1027 1964 2723 3441 9 674 1086 2076 2879 3637 622 1002 1916 2657 3357 10 657 1059 2025 2808 3548 607 978 1869 2592 3275 11 641 1033 1976 2740 3462 592 954 1824 2529 3195 12 626 1008 1927 2673 3377 578 931 1779 2467 3117 13 610 984 1880 2608 3295 563 908 1736 2407 3041 14 596 960 1835 2544 3214 550 886 1693 2348 2967 15 581 936 1790 2482 3136 536 864 1652 2291 2895 16 567 913 1746 2421 3059 523 843 1612 2235 2824 17 553 891 1704 2362 2985 510 823 1572 2181 2755 18 540 869 1662 2305 2912 498 802 1534 2127 2688 19 526 848 1621 2248 2841 486 783 1497 2075 2622 20 514 827 1582 2194 2772 474 764 1460 2025 2558 21 501 807 1543 2140 2704 462 745 1425 1975 2496 22 489 788 1506 2088 2638 451 727 1390 1927 2435 23 477 768 1469 2037 2574 440 709 1356 1880 2376 24 465 750 1433 1987 2511 429 692 1323 1834 2318 25 454 731 1398 1939 2450 419 675 1291 1790 2261 26 443 714 1364 1892 2390 409 659 1259 1746 2206 27 432 696 1331 1845 2332 399 643 1228 1703 2152 28 421 679 1298 1800 2275 389 627 1198 1662 2100 29 411 663 1267 1756 2219 380 612 1169 1621 2049 30 401 646 1236 1714 2165 370 597 1141 1582 1998 31 391 631 1206 1672 2112 361 582 1113 1543 1946 32 382 615 1176 1631 2061 352 568 1086 1506 1895 33 373 600 1147 1591 2011 344 554 1059 1467 1846 34 363 586 1119 1552 1957 335 541 1033 1428 1797 35 355 571 1092 1514 1904 327 527 1008 1391 1749 36 346 557 1065 1475 1852 319 514 982 1354 1703 37 337 544 1039 1435 1801 311 502 957 1318 1657 38 329 530 1014 1395 1750 304 489 932 1283 1612 39 321 518 988 1357 1701 296 476 907 1249 1568 40 313 505 961 1319 1653 289 464 883 1215 1526 41 306 492 935 1282 1605 281 452 860 1182 1483",
      "is_heading": false
    }
  ]
}