{
  "page_no": 5,
  "width": 595.3200073242188,
  "height": 842.0399780273438,
  "text": " \n保障方案 \n保障方案一 \n性别 \n男性 \n女性 \n交费期间 \n年龄 \n3 年交 \n5 年交 \n10 年交 \n15 年交 \n20 年交 \n3 年交 \n5 年交 \n10 年交 \n15 年交 \n20 年交 \n42 \n227 \n364 \n692 \n947 \n \n211 \n339 \n645 \n886 \n \n43 \n221 \n354 \n673 \n920 \n \n205 \n330 \n627 \n861 \n \n44 \n215 \n344 \n653 \n892 \n \n200 \n321 \n610 \n837 \n \n45 \n209 \n335 \n635 \n866 \n \n195 \n312 \n594 \n813 \n \n46 \n203 \n325 \n616 \n \n \n189 \n304 \n577 \n \n \n47 \n197 \n316 \n598 \n \n \n184 \n295 \n561 \n \n \n48 \n192 \n307 \n580 \n \n \n179 \n287 \n545 \n \n \n49 \n186 \n298 \n563 \n \n \n174 \n279 \n529 \n \n \n50 \n181 \n289 \n545 \n \n \n169 \n271 \n514 \n \n \n51 \n175 \n280 \n \n \n \n164 \n263 \n \n \n \n52 \n170 \n271 \n \n \n \n160 \n256 \n \n \n \n53 \n165 \n262 \n \n \n \n155 \n248 \n \n \n \n54 \n159 \n254 \n \n \n \n150 \n240 \n \n \n \n55 \n154 \n245 \n \n \n \n146 \n233 \n \n \n \n注：半年交保险费=年交保险费*0.505，季交保险费=年交保险费*0.255，月交保险费=年交保险\n费*0.085 \n \n \n保障方案 \n保障方案二 \n性别 \n男性 \n女性 \n交费期间 \n年龄 \n3 年交 \n5 年交 \n10 年交 \n15 年交 \n20 年交 \n3 年交 \n5 年交 \n10 年交 \n15 年交 \n20 年交 \n0 \n702 \n1131 \n2162 \n2998 \n3787 \n668 \n1077 \n2058 \n2854 \n3606 \n1 \n685 \n1103 \n2109 \n2925 \n3695 \n652 \n1050 \n2008 \n2784 \n3518 \n2 \n668 \n1076 \n2057 \n2853 \n3605 \n636 \n1025 \n1959 \n2717 \n3432 \n3 \n652 \n1050 \n2007 \n2784 \n3517 \n620 \n1000 \n1911 \n2650 \n3349 \n4 \n636 \n1024 \n1958 \n2716 \n3431 \n605 \n975 \n1865 \n2586 \n3267 \n5 \n620 \n999 \n1911 \n2650 \n3348 \n591 \n952 \n1819 \n2523 \n3187 \n6 \n605 \n975 \n1864 \n2585 \n3266 \n576 \n928 \n1775 \n2461 \n3110 \n7 \n590 \n951 \n1819 \n2522 \n3186 \n562 \n906 \n1731 \n2401 \n3034 \n8 \n576 \n928 \n1774 \n2460 \n3109 \n548 \n884 \n1689 \n2343 \n2960 \n9 \n562 \n905 \n1731 \n2400 \n3033 \n535 \n862 \n1648 \n2285 \n2888 \n10 \n548 \n883 \n1689 \n2342 \n2959 \n522 \n841 \n1608 \n2230 \n2817 \n11 \n535 \n862 \n1648 \n2285 \n2887 \n509 \n821 \n1569 \n2175 \n2748 \n12 \n522 \n841 \n1607 \n2229 \n2816 \n497 \n801 \n1530 \n2122 \n2681 \n13 \n509 \n820 \n1568 \n2175 \n2748 \n485 \n781 \n1493 \n2071 \n2616 \n14 \n497 \n800 \n1530 \n2122 \n2681 \n473 \n762 \n1457 \n2020 \n2552 \n15 \n485 \n781 \n1493 \n2070 \n2615 \n461 \n743 \n1421 \n1971 \n2490 \n16 \n473 \n762 \n1456 \n2019 \n2551 \n450 \n725 \n1386 \n1923 \n2429 \n17 \n461 \n743 \n1421 \n1970 \n2489 \n439 \n708 \n1353 \n1876 \n2370 \n18 \n450 \n725 \n1386 \n1922 \n2428 \n428 \n690 \n1320 \n1830 \n2312 \n19 \n439 \n707 \n1352 \n1875 \n2369 \n418 \n673 \n1287 \n1785 \n2256 \n20 \n428 \n690 \n1319 \n1829 \n2311 \n408 \n657 \n1256 \n1742 \n2201 \n21 \n418 \n673 \n1287 \n1785 \n2255 \n398 \n641 \n1225 \n1699 \n2147 \n22 \n408 \n657 \n1256 \n1741 \n2200 \n388 \n625 \n1195 \n1658 \n2095 \n",
  "blocks": [
    {
      "bbox": [
        32.400001525878906,
        75.70430755615234,
        563.9199829101562,
        126.78894805908203
      ],
      "max_font_size": 10.5600004196167,
      "text": "保障方案 保障方案一 性别 男性 女性 交费期间 年龄 3 年交 5 年交 10 年交 15 年交 20 年交 3 年交 5 年交 10 年交 15 年交 20 年交",
      "is_heading": false
    },
    {
      "bbox": [
        57.2400016784668,
        130.42434692382812,
        547.5999755859375,
        315.49432373046875
      ],
      "max_font_size": 9.960000038146973,
      "text": "42 227 364 692 947  211 339 645 886  43 221 354 673 920  205 330 627 861  44 215 344 653 892  200 321 610 837  45 209 335 635 866  195 312 594 813  46 203 325 616   189 304 577   47 197 316 598   184 295 561   48 192 307 580   179 287 545   49 186 298 563   174 279 529   50 181 289 545   169 271 514   51 175 280    164 263    52 170 271    160 256    53 165 262    155 248    54 159 254    150 240    55 154 245    146 233",
      "is_heading": false
    },
    {
      "bbox": [
        79.46399688720703,
        325.4189453125,
        516.223876953125,
        335.97894287109375
      ],
      "max_font_size": 10.5600004196167,
      "text": "注：半年交保险费=年交保险费*0.505，季交保险费=年交保险费*0.255，月交保险费=年交保险",
      "is_heading": false
    },
    {
      "bbox": [
        79.46399688720703,
        345.45892333984375,
        126.73999786376953,
        356.0189208984375
      ],
      "max_font_size": 10.5600004196167,
      "text": "费*0.085",
      "is_heading": false
    },
    {
      "bbox": [
        32.400001525878906,
        385.4189453125,
        563.9199829101562,
        450.59893798828125
      ],
      "max_font_size": 10.5600004196167,
      "text": "保障方案 保障方案二 性别 男性 女性 交费期间 年龄 3 年交 5 年交 10 年交 15 年交 20 年交 3 年交 5 年交 10 年交 15 年交 20 年交",
      "is_heading": false
    },
    {
      "bbox": [
        57.2400016784668,
        454.2343444824219,
        557.5599975585938,
        760.5003051757812
      ],
      "max_font_size": 9.960000038146973,
      "text": "0 702 1131 2162 2998 3787 668 1077 2058 2854 3606 1 685 1103 2109 2925 3695 652 1050 2008 2784 3518 2 668 1076 2057 2853 3605 636 1025 1959 2717 3432 3 652 1050 2007 2784 3517 620 1000 1911 2650 3349 4 636 1024 1958 2716 3431 605 975 1865 2586 3267 5 620 999 1911 2650 3348 591 952 1819 2523 3187 6 605 975 1864 2585 3266 576 928 1775 2461 3110 7 590 951 1819 2522 3186 562 906 1731 2401 3034 8 576 928 1774 2460 3109 548 884 1689 2343 2960 9 562 905 1731 2400 3033 535 862 1648 2285 2888 10 548 883 1689 2342 2959 522 841 1608 2230 2817 11 535 862 1648 2285 2887 509 821 1569 2175 2748 12 522 841 1607 2229 2816 497 801 1530 2122 2681 13 509 820 1568 2175 2748 485 781 1493 2071 2616 14 497 800 1530 2122 2681 473 762 1457 2020 2552 15 485 781 1493 2070 2615 461 743 1421 1971 2490 16 473 762 1456 2019 2551 450 725 1386 1923 2429 17 461 743 1421 1970 2489 439 708 1353 1876 2370 18 450 725 1386 1922 2428 428 690 1320 1830 2312 19 439 707 1352 1875 2369 418 673 1287 1785 2256 20 428 690 1319 1829 2311 408 657 1256 1742 2201 21 418 673 1287 1785 2255 398 641 1225 1699 2147 22 408 657 1256 1741 2200 388 625 1195 1658 2095",
      "is_heading": false
    }
  ]
}