{
  "page_no": 9,
  "width": 595.3200073242188,
  "height": 842.0399780273438,
  "text": " \n保障方案 \n保障方案二 \n性别 \n男性 \n女性 \n交费期间 \n年龄 \n3 年交 \n5 年交 \n10 年交 \n15 年交 \n20 年交 \n3 年交 \n5 年交 \n10 年交 \n15 年交 \n20 年交 \n19 \n580 \n935 \n1787 \n2478 \n3131 \n554 \n893 \n1708 \n2368 \n2992 \n20 \n566 \n912 \n1743 \n2417 \n3054 \n541 \n872 \n1666 \n2311 \n2919 \n21 \n552 \n890 \n1701 \n2358 \n2980 \n528 \n850 \n1626 \n2254 \n2848 \n22 \n539 \n868 \n1659 \n2301 \n2907 \n515 \n830 \n1586 \n2199 \n2779 \n23 \n526 \n847 \n1619 \n2245 \n2836 \n502 \n809 \n1547 \n2146 \n2711 \n24 \n513 \n826 \n1579 \n2190 \n2767 \n490 \n790 \n1510 \n2093 \n2645 \n25 \n500 \n806 \n1541 \n2137 \n2700 \n478 \n770 \n1473 \n2042 \n2580 \n26 \n488 \n786 \n1503 \n2084 \n2634 \n466 \n752 \n1437 \n1992 \n2517 \n27 \n476 \n767 \n1466 \n2034 \n2570 \n455 \n733 \n1402 \n1944 \n2456 \n28 \n464 \n748 \n1431 \n1984 \n2507 \n444 \n715 \n1368 \n1896 \n2396 \n29 \n453 \n730 \n1396 \n1936 \n2446 \n433 \n698 \n1334 \n1850 \n2338 \n30 \n442 \n712 \n1362 \n1888 \n2386 \n423 \n681 \n1302 \n1805 \n2281 \n31 \n431 \n695 \n1329 \n1842 \n2328 \n412 \n664 \n1270 \n1761 \n2225 \n32 \n421 \n678 \n1296 \n1797 \n2271 \n402 \n648 \n1239 \n1718 \n2171 \n33 \n411 \n661 \n1264 \n1753 \n2216 \n392 \n632 \n1209 \n1676 \n2118 \n34 \n401 \n645 \n1234 \n1711 \n2162 \n383 \n617 \n1179 \n1635 \n2066 \n35 \n391 \n630 \n1204 \n1669 \n2109 \n373 \n602 \n1150 \n1595 \n2016 \n36 \n381 \n614 \n1174 \n1628 \n2057 \n364 \n587 \n1122 \n1556 \n1964 \n37 \n372 \n599 \n1145 \n1588 \n2007 \n355 \n573 \n1095 \n1518 \n1912 \n38 \n363 \n585 \n1118 \n1550 \n1953 \n347 \n559 \n1068 \n1480 \n1862 \n39 \n354 \n570 \n1090 \n1512 \n1899 \n338 \n545 \n1042 \n1441 \n1812 \n40 \n345 \n556 \n1064 \n1472 \n1846 \n330 \n532 \n1017 \n1403 \n1763 \n41 \n337 \n543 \n1038 \n1431 \n1795 \n322 \n519 \n991 \n1366 \n1716 \n42 \n329 \n530 \n1012 \n1391 \n1744 \n314 \n506 \n965 \n1329 \n1670 \n43 \n321 \n517 \n986 \n1352 \n1694 \n307 \n493 \n940 \n1293 \n1624 \n44 \n313 \n504 \n959 \n1314 \n1645 \n299 \n480 \n915 \n1258 \n1579 \n45 \n305 \n491 \n932 \n1276 \n1596 \n291 \n468 \n890 \n1224 \n1535 \n46 \n297 \n477 \n906 \n1240 \n \n283 \n455 \n866 \n1190 \n \n47 \n289 \n464 \n880 \n1203 \n \n276 \n443 \n843 \n1157 \n \n48 \n281 \n451 \n855 \n1167 \n \n269 \n431 \n820 \n1124 \n \n49 \n273 \n438 \n831 \n1132 \n \n261 \n419 \n797 \n1092 \n \n50 \n266 \n426 \n806 \n1097 \n \n254 \n408 \n775 \n1061 \n \n51 \n258 \n413 \n782 \n \n \n247 \n397 \n753 \n \n \n52 \n251 \n401 \n759 \n \n \n240 \n386 \n732 \n \n \n53 \n243 \n389 \n735 \n \n \n234 \n375 \n711 \n \n \n54 \n236 \n377 \n712 \n \n \n227 \n364 \n690 \n \n \n55 \n229 \n366 \n689 \n \n \n221 \n353 \n669 \n \n \n56 \n222 \n354 \n \n \n \n214 \n343 \n \n \n \n57 \n215 \n343 \n \n \n \n208 \n333 \n \n \n \n58 \n208 \n331 \n \n \n \n202 \n323 \n \n \n \n59 \n202 \n320 \n \n \n \n196 \n313 \n \n \n \n60 \n195 \n309 \n \n \n \n190 \n303 \n \n \n \n注：半年交保险费=年交保险费*0.505，季交保险费=年交保险费*0.255，月交保险费=年交保险\n费*0.085 \n",
  "blocks": [
    {
      "bbox": [
        32.400001525878906,
        75.70430755615234,
        563.9199829101562,
        126.78894805908203
      ],
      "max_font_size": 10.5600004196167,
      "text": "保障方案 保障方案二 性别 男性 女性 交费期间 年龄 3 年交 5 年交 10 年交 15 年交 20 年交 3 年交 5 年交 10 年交 15 年交 20 年交",
      "is_heading": false
    },
    {
      "bbox": [
        57.2400016784668,
        130.42434692382812,
        557.5599975585938,
        692.704345703125
      ],
      "max_font_size": 9.960000038146973,
      "text": "19 580 935 1787 2478 3131 554 893 1708 2368 2992 20 566 912 1743 2417 3054 541 872 1666 2311 2919 21 552 890 1701 2358 2980 528 850 1626 2254 2848 22 539 868 1659 2301 2907 515 830 1586 2199 2779 23 526 847 1619 2245 2836 502 809 1547 2146 2711 24 513 826 1579 2190 2767 490 790 1510 2093 2645 25 500 806 1541 2137 2700 478 770 1473 2042 2580 26 488 786 1503 2084 2634 466 752 1437 1992 2517 27 476 767 1466 2034 2570 455 733 1402 1944 2456 28 464 748 1431 1984 2507 444 715 1368 1896 2396 29 453 730 1396 1936 2446 433 698 1334 1850 2338 30 442 712 1362 1888 2386 423 681 1302 1805 2281 31 431 695 1329 1842 2328 412 664 1270 1761 2225 32 421 678 1296 1797 2271 402 648 1239 1718 2171 33 411 661 1264 1753 2216 392 632 1209 1676 2118 34 401 645 1234 1711 2162 383 617 1179 1635 2066 35 391 630 1204 1669 2109 373 602 1150 1595 2016 36 381 614 1174 1628 2057 364 587 1122 1556 1964 37 372 599 1145 1588 2007 355 573 1095 1518 1912 38 363 585 1118 1550 1953 347 559 1068 1480 1862 39 354 570 1090 1512 1899 338 545 1042 1441 1812 40 345 556 1064 1472 1846 330 532 1017 1403 1763 41 337 543 1038 1431 1795 322 519 991 1366 1716 42 329 530 1012 1391 1744 314 506 965 1329 1670 43 321 517 986 1352 1694 307 493 940 1293 1624 44 313 504 959 1314 1645 299 480 915 1258 1579 45 305 491 932 1276 1596 291 468 890 1224 1535 46 297 477 906 1240  283 455 866 1190  47 289 464 880 1203  276 443 843 1157  48 281 451 855 1167  269 431 820 1124  49 273 438 831 1132  261 419 797 1092  50 266 426 806 1097  254 408 775 1061  51 258 413 782   247 397 753   52 251 401 759   240 386 732   53 243 389 735   234 375 711   54 236 377 712   227 364 690   55 229 366 689   221 353 669   56 222 354    214 343    57 215 343    208 333    58 208 331    202 323    59 202 320    196 313    60 195 309    190 303",
      "is_heading": false
    },
    {
      "bbox": [
        79.46399688720703,
        702.62890625,
        516.223876953125,
        713.1889038085938
      ],
      "max_font_size": 10.5600004196167,
      "text": "注：半年交保险费=年交保险费*0.505，季交保险费=年交保险费*0.255，月交保险费=年交保险",
      "is_heading": false
    },
    {
      "bbox": [
        79.46399688720703,
        722.5489501953125,
        126.73999786376953,
        733.1089477539062
      ],
      "max_font_size": 10.5600004196167,
      "text": "费*0.085",
      "is_heading": false
    }
  ]
}