{
  "page_no": 10,
  "width": 595.3200073242188,
  "height": 842.0399780273438,
  "text": " \n养老保险金开始领取年龄：70 周岁 \n单位：人民币元 \n保障方案 \n保障方案一 \n性别 \n男性 \n女性 \n交费期间 \n年龄 \n3 年交 \n5 年交 \n10 年交 \n15 年交 \n20 年交 \n3 年交 \n5 年交 \n10 年交 \n15 年交 \n20 年交 \n0 \n1092 \n1760 \n3364 \n4665 \n5895 \n1010 \n1628 \n3112 \n4315 \n5452 \n1 \n1065 \n1717 \n3282 \n4552 \n5751 \n985 \n1588 \n3036 \n4210 \n5319 \n2 \n1040 \n1675 \n3202 \n4441 \n5611 \n961 \n1549 \n2962 \n4108 \n5190 \n3 \n1014 \n1634 \n3124 \n4333 \n5474 \n938 \n1512 \n2890 \n4007 \n5063 \n4 \n989 \n1594 \n3048 \n4227 \n5341 \n915 \n1475 \n2819 \n3910 \n4940 \n5 \n965 \n1556 \n2974 \n4124 \n5210 \n893 \n1439 \n2751 \n3814 \n4819 \n6 \n942 \n1518 \n2901 \n4023 \n5083 \n871 \n1404 \n2684 \n3721 \n4702 \n7 \n919 \n1481 \n2830 \n3925 \n4959 \n850 \n1370 \n2618 \n3631 \n4587 \n8 \n896 \n1445 \n2761 \n3829 \n4838 \n829 \n1336 \n2554 \n3542 \n4475 \n9 \n875 \n1409 \n2694 \n3736 \n4720 \n809 \n1304 \n2492 \n3456 \n4366 \n10 \n853 \n1375 \n2628 \n3645 \n4605 \n789 \n1272 \n2431 \n3371 \n4260 \n11 \n832 \n1341 \n2564 \n3556 \n4493 \n770 \n1241 \n2372 \n3289 \n4156 \n12 \n812 \n1309 \n2502 \n3469 \n4383 \n751 \n1210 \n2314 \n3209 \n4054 \n13 \n792 \n1277 \n2441 \n3385 \n4276 \n733 \n1181 \n2258 \n3131 \n3955 \n14 \n773 \n1246 \n2381 \n3302 \n4172 \n715 \n1152 \n2202 \n3054 \n3859 \n15 \n754 \n1215 \n2323 \n3221 \n4070 \n698 \n1124 \n2149 \n2980 \n3765 \n16 \n736 \n1186 \n2266 \n3143 \n3971 \n681 \n1097 \n2096 \n2907 \n3673 \n17 \n718 \n1157 \n2211 \n3066 \n3874 \n664 \n1070 \n2045 \n2836 \n3583 \n18 \n700 \n1128 \n2157 \n2991 \n3779 \n648 \n1044 \n1995 \n2767 \n3496 \n19 \n683 \n1101 \n2104 \n2918 \n3687 \n632 \n1018 \n1947 \n2700 \n3411 \n20 \n667 \n1074 \n2053 \n2847 \n3597 \n616 \n993 \n1899 \n2634 \n3328 \n21 \n650 \n1048 \n2003 \n2778 \n3510 \n601 \n969 \n1853 \n2569 \n3246 \n22 \n634 \n1022 \n1954 \n2710 \n3424 \n587 \n946 \n1808 \n2507 \n3167 \n23 \n619 \n997 \n1906 \n2644 \n3341 \n572 \n923 \n1764 \n2446 \n3090 \n24 \n604 \n973 \n1860 \n2579 \n3259 \n559 \n900 \n1721 \n2386 \n3015 \n25 \n589 \n949 \n1815 \n2516 \n3180 \n545 \n878 \n1679 \n2328 \n2941 \n26 \n575 \n926 \n1770 \n2455 \n3102 \n532 \n857 \n1638 \n2271 \n2869 \n27 \n561 \n904 \n1727 \n2395 \n3026 \n519 \n836 \n1598 \n2216 \n2799 \n28 \n547 \n881 \n1685 \n2337 \n2953 \n506 \n815 \n1559 \n2162 \n2731 \n29 \n534 \n860 \n1644 \n2280 \n2881 \n494 \n795 \n1521 \n2109 \n2664 \n30 \n521 \n839 \n1604 \n2224 \n2810 \n482 \n776 \n1484 \n2057 \n2599 \n31 \n508 \n819 \n1565 \n2170 \n2742 \n470 \n757 \n1447 \n2007 \n2536 \n32 \n496 \n799 \n1527 \n2117 \n2675 \n458 \n739 \n1412 \n1958 \n2474 \n33 \n484 \n779 \n1489 \n2065 \n2610 \n447 \n721 \n1378 \n1910 \n2414 \n34 \n472 \n760 \n1453 \n2015 \n2546 \n436 \n703 \n1344 \n1864 \n2355 \n35 \n460 \n742 \n1417 \n1966 \n2484 \n426 \n686 \n1311 \n1818 \n2298 \n36 \n449 \n723 \n1383 \n1918 \n2423 \n415 \n669 \n1279 \n1774 \n2242 \n37 \n438 \n706 \n1349 \n1871 \n2364 \n405 \n653 \n1248 \n1731 \n2187 \n38 \n427 \n689 \n1316 \n1825 \n2306 \n395 \n637 \n1218 \n1688 \n2134 \n39 \n417 \n672 \n1284 \n1781 \n2250 \n386 \n621 \n1188 \n1647 \n2081 \n40 \n407 \n655 \n1253 \n1737 \n2195 \n376 \n606 \n1159 \n1607 \n2031 \n41 \n397 \n639 \n1222 \n1695 \n2142 \n367 \n591 \n1131 \n1568 \n1978 \n42 \n387 \n624 \n1192 \n1653 \n2089 \n358 \n577 \n1103 \n1530 \n1923 \n43 \n378 \n608 \n1163 \n1613 \n2038 \n349 \n563 \n1076 \n1491 \n1869 \n44 \n368 \n594 \n1135 \n1573 \n1986 \n341 \n549 \n1050 \n1449 \n1816 \n",
  "blocks": [
    {
      "bbox": [
        79.46399688720703,
        75.18890380859375,
        245.5699920654297,
        85.74890899658203
      ],
      "max_font_size": 10.5600004196167,
      "text": "养老保险金开始领取年龄：70 周岁",
      "is_heading": false
    },
    {
      "bbox": [
        32.400001525878906,
        88.86895751953125,
        563.9199829101562,
        154.0289306640625
      ],
      "max_font_size": 10.5600004196167,
      "text": "单位：人民币元 保障方案 保障方案一 性别 男性 女性 交费期间 年龄 3 年交 5 年交 10 年交 15 年交 20 年交 3 年交 5 年交 10 年交 15 年交 20 年交",
      "is_heading": false
    },
    {
      "bbox": [
        57.2400016784668,
        157.66433715820312,
        557.5599975585938,
        760.2603149414062
      ],
      "max_font_size": 9.960000038146973,
      "text": "0 1092 1760 3364 4665 5895 1010 1628 3112 4315 5452 1 1065 1717 3282 4552 5751 985 1588 3036 4210 5319 2 1040 1675 3202 4441 5611 961 1549 2962 4108 5190 3 1014 1634 3124 4333 5474 938 1512 2890 4007 5063 4 989 1594 3048 4227 5341 915 1475 2819 3910 4940 5 965 1556 2974 4124 5210 893 1439 2751 3814 4819 6 942 1518 2901 4023 5083 871 1404 2684 3721 4702 7 919 1481 2830 3925 4959 850 1370 2618 3631 4587 8 896 1445 2761 3829 4838 829 1336 2554 3542 4475 9 875 1409 2694 3736 4720 809 1304 2492 3456 4366 10 853 1375 2628 3645 4605 789 1272 2431 3371 4260 11 832 1341 2564 3556 4493 770 1241 2372 3289 4156 12 812 1309 2502 3469 4383 751 1210 2314 3209 4054 13 792 1277 2441 3385 4276 733 1181 2258 3131 3955 14 773 1246 2381 3302 4172 715 1152 2202 3054 3859 15 754 1215 2323 3221 4070 698 1124 2149 2980 3765 16 736 1186 2266 3143 3971 681 1097 2096 2907 3673 17 718 1157 2211 3066 3874 664 1070 2045 2836 3583 18 700 1128 2157 2991 3779 648 1044 1995 2767 3496 19 683 1101 2104 2918 3687 632 1018 1947 2700 3411 20 667 1074 2053 2847 3597 616 993 1899 2634 3328 21 650 1048 2003 2778 3510 601 969 1853 2569 3246 22 634 1022 1954 2710 3424 587 946 1808 2507 3167 23 619 997 1906 2644 3341 572 923 1764 2446 3090 24 604 973 1860 2579 3259 559 900 1721 2386 3015 25 589 949 1815 2516 3180 545 878 1679 2328 2941 26 575 926 1770 2455 3102 532 857 1638 2271 2869 27 561 904 1727 2395 3026 519 836 1598 2216 2799 28 547 881 1685 2337 2953 506 815 1559 2162 2731 29 534 860 1644 2280 2881 494 795 1521 2109 2664 30 521 839 1604 2224 2810 482 776 1484 2057 2599 31 508 819 1565 2170 2742 470 757 1447 2007 2536 32 496 799 1527 2117 2675 458 739 1412 1958 2474 33 484 779 1489 2065 2610 447 721 1378 1910 2414 34 472 760 1453 2015 2546 436 703 1344 1864 2355 35 460 742 1417 1966 2484 426 686 1311 1818 2298 36 449 723 1383 1918 2423 415 669 1279 1774 2242 37 438 706 1349 1871 2364 405 653 1248 1731 2187 38 427 689 1316 1825 2306 395 637 1218 1688 2134 39 417 672 1284 1781 2250 386 621 1188 1647 2081 40 407 655 1253 1737 2195 376 606 1159 1607 2031 41 397 639 1222 1695 2142 367 591 1131 1568 1978 42 387 624 1192 1653 2089 358 577 1103 1530 1923 43 378 608 1163 1613 2038 349 563 1076 1491 1869 44 368 594 1135 1573 1986 341 549 1050 1449 1816",
      "is_heading": false
    }
  ]
}