{
  "page_no": 1,
  "width": 595.3200073242188,
  "height": 842.0399780273438,
  "text": " \n利安人寿保险股份有限公司 \n利安利利爱家守护两全保险 \n费率表 \n (每万元基本保险金额对应的年交保险费) \n单位：人民币元 \n年龄 \n男性 \n女性 \n5 年交 10 年交 14 年交 19 年交 29 年交 5 年交 10 年交 14 年交 19 年交 29 年交 \n0 \n373 \n198 \n145 \n112 \n82 \n343 \n182 \n133 \n103 \n75 \n1 \n383 \n203 \n148 \n115 \n84 \n351 \n186 \n136 \n105 \n77 \n2 \n392 \n208 \n152 \n118 \n86 \n360 \n191 \n140 \n108 \n79 \n3 \n402 \n213 \n156 \n120 \n88 \n369 \n196 \n143 \n111 \n81 \n4 \n412 \n218 \n160 \n123 \n90 \n378 \n200 \n147 \n113 \n83 \n5 \n422 \n224 \n164 \n127 \n92 \n388 \n205 \n150 \n116 \n85 \n6 \n433 \n229 \n168 \n130 \n95 \n398 \n211 \n154 \n119 \n87 \n7 \n444 \n235 \n172 \n133 \n97 \n407 \n216 \n158 \n122 \n89 \n8 \n455 \n241 \n176 \n136 \n100 \n418 \n221 \n162 \n125 \n91 \n9 \n466 \n247 \n181 \n140 \n102 \n428 \n227 \n166 \n128 \n94 \n10 \n478 \n253 \n185 \n143 \n105 \n439 \n232 \n170 \n132 \n96 \n11 \n490 \n260 \n190 \n147 \n107 \n450 \n238 \n174 \n135 \n98 \n12 \n502 \n266 \n195 \n151 \n110 \n461 \n244 \n179 \n138 \n101 \n13 \n515 \n273 \n200 \n154 \n113 \n473 \n250 \n183 \n142 \n104 \n14 \n528 \n280 \n205 \n158 \n116 \n484 \n257 \n188 \n145 \n106 \n15 \n541 \n287 \n210 \n162 \n119 \n496 \n263 \n193 \n149 \n109 \n16 \n554 \n294 \n215 \n167 \n122 \n509 \n270 \n198 \n153 \n112 \n17 \n568 \n301 \n221 \n171 \n125 \n522 \n277 \n203 \n156 \n114 \n18 \n582 \n309 \n226 \n175 \n128 \n535 \n283 \n208 \n160 \n117 \n19 \n596 \n316 \n232 \n179 \n131 \n548 \n290 \n213 \n164 \n120 \n20 \n611 \n324 \n237 \n184 \n135 \n561 \n297 \n218 \n168 \n123 \n21 \n625 \n332 \n243 \n188 \n138 \n575 \n305 \n223 \n172 \n126 \n22 \n640 \n340 \n249 \n193 \n141 \n589 \n312 \n229 \n177 \n129 \n23 \n656 \n348 \n255 \n197 \n145 \n603 \n320 \n234 \n181 \n132 \n24 \n671 \n356 \n261 \n202 \n148 \n618 \n328 \n240 \n186 \n136 \n25 \n687 \n365 \n267 \n207 \n152 \n633 \n336 \n246 \n190 \n139 \n26 \n704 \n373 \n274 \n212 \n156 \n649 \n344 \n252 \n195 \n143 \n27 \n720 \n382 \n280 \n217 \n159 \n664 \n352 \n258 \n200 \n146 \n28 \n738 \n391 \n287 \n222 \n163 \n681 \n361 \n264 \n204 \n150 \n29 \n755 \n401 \n294 \n228 \n168 \n697 \n370 \n271 \n209 \n153 \n30 \n773 \n410 \n301 \n233 \n172 \n714 \n379 \n278 \n215 \n157 \n31 \n792 \n420 \n308 \n239 \n176 \n732 \n388 \n284 \n220 \n161 \n32 \n810 \n430 \n316 \n245 \n180 \n750 \n398 \n291 \n225 \n165 \n33 \n829 \n441 \n323 \n251 \n185 \n768 \n407 \n299 \n231 \n169 \n34 \n849 \n451 \n331 \n257 \n190 \n787 \n417 \n306 \n237 \n174 \n35 \n869 \n462 \n339 \n263 \n195 \n806 \n428 \n313 \n243 \n178 \n36 \n890 \n473 \n347 \n270 \n \n825 \n438 \n321 \n249 \n \n",
  "blocks": [
    {
      "bbox": [
        189.25999450683594,
        79.9579849243164,
        415.2699890136719,
        97.9579849243164
      ],
      "max_font_size": 18.0,
      "text": "利安人寿保险股份有限公司",
      "is_heading": false
    },
    {
      "bbox": [
        213.41000366210938,
        104.599609375,
        389.16998291015625,
        118.63961029052734
      ],
      "max_font_size": 14.039999961853027,
      "text": "利安利利爱家守护两全保险",
      "is_heading": false
    },
    {
      "bbox": [
        276.6499938964844,
        122.87031555175781,
        326.75,
        138.830322265625
      ],
      "max_font_size": 15.960000038146973,
      "text": "费率表",
      "is_heading": false
    },
    {
      "bbox": [
        200.57000732421875,
        148.62890625,
        400.1499938964844,
        159.18890380859375
      ],
      "max_font_size": 10.5600004196167,
      "text": "(每万元基本保险金额对应的年交保险费)",
      "is_heading": false
    },
    {
      "bbox": [
        442.510009765625,
        168.6689453125,
        521.3800048828125,
        179.22894287109375
      ],
      "max_font_size": 10.5600004196167,
      "text": "单位：人民币元",
      "is_heading": false
    },
    {
      "bbox": [
        84.74400329589844,
        183.34432983398438,
        520.9599609375,
        753.9003295898438
      ],
      "max_font_size": 9.960000038146973,
      "text": "年龄 男性 女性 5 年交 10 年交 14 年交 19 年交 29 年交 5 年交 10 年交 14 年交 19 年交 29 年交 0 373 198 145 112 82 343 182 133 103 75 1 383 203 148 115 84 351 186 136 105 77 2 392 208 152 118 86 360 191 140 108 79 3 402 213 156 120 88 369 196 143 111 81 4 412 218 160 123 90 378 200 147 113 83 5 422 224 164 127 92 388 205 150 116 85 6 433 229 168 130 95 398 211 154 119 87 7 444 235 172 133 97 407 216 158 122 89 8 455 241 176 136 100 418 221 162 125 91 9 466 247 181 140 102 428 227 166 128 94 10 478 253 185 143 105 439 232 170 132 96 11 490 260 190 147 107 450 238 174 135 98 12 502 266 195 151 110 461 244 179 138 101 13 515 273 200 154 113 473 250 183 142 104 14 528 280 205 158 116 484 257 188 145 106 15 541 287 210 162 119 496 263 193 149 109 16 554 294 215 167 122 509 270 198 153 112 17 568 301 221 171 125 522 277 203 156 114 18 582 309 226 175 128 535 283 208 160 117 19 596 316 232 179 131 548 290 213 164 120 20 611 324 237 184 135 561 297 218 168 123 21 625 332 243 188 138 575 305 223 172 126 22 640 340 249 193 141 589 312 229 177 129 23 656 348 255 197 145 603 320 234 181 132 24 671 356 261 202 148 618 328 240 186 136 25 687 365 267 207 152 633 336 246 190 139 26 704 373 274 212 156 649 344 252 195 143 27 720 382 280 217 159 664 352 258 200 146 28 738 391 287 222 163 681 361 264 204 150 29 755 401 294 228 168 697 370 271 209 153 30 773 410 301 233 172 714 379 278 215 157 31 792 420 308 239 176 732 388 284 220 161 32 810 430 316 245 180 750 398 291 225 165 33 829 441 323 251 185 768 407 299 231 169 34 849 451 331 257 190 787 417 306 237 174 35 869 462 339 263 195 806 428 313 243 178 36 890 473 347 270  825 438 321 249",
      "is_heading": false
    }
  ]
}