{
  "page_no": 1,
  "width": 595.3200073242188,
  "height": 842.0399780273438,
  "text": " \n利安人寿保险股份有限公司 \n利安颐养金生（尊享版）养老年金保险（分红型） \n基本保险金额表 \n (每1000 元年交保险费) \n单位：人民币元 \n年龄 \n男性 \n女性 \n3 年交 \n5 年交 \n10 年交 \n15 年交 \n20 年交 \n3 年交 \n5 年交 \n10 年交 \n15 年交 \n20 年交 \n0 \n233 \n384 \n755 \n1065 \n1349 \n198 \n327 \n643 \n907 \n1149 \n1 \n227 \n376 \n737 \n1040 \n1317 \n194 \n320 \n628 \n886 \n1122 \n2 \n222 \n367 \n720 \n1016 \n1286 \n189 \n313 \n613 \n866 \n1095 \n3 \n217 \n358 \n703 \n992 \n1256 \n185 \n305 \n599 \n845 \n1069 \n4 \n212 \n350 \n687 \n969 \n1226 \n180 \n298 \n585 \n825 \n1044 \n5 \n207 \n342 \n671 \n946 \n1196 \n176 \n291 \n571 \n806 \n1019 \n6 \n202 \n334 \n655 \n924 \n1168 \n172 \n284 \n558 \n787 \n995 \n7 \n197 \n326 \n640 \n901 \n1140 \n168 \n278 \n545 \n768 \n971 \n8 \n193 \n318 \n625 \n880 \n1112 \n164 \n271 \n532 \n750 \n947 \n9 \n188 \n311 \n610 \n859 \n1085 \n160 \n265 \n519 \n731 \n924 \n10 \n184 \n303 \n595 \n838 \n1059 \n156 \n258 \n507 \n714 \n902 \n11 \n179 \n296 \n581 \n818 \n1033 \n153 \n252 \n495 \n696 \n880 \n12 \n175 \n289 \n567 \n798 \n1007 \n149 \n246 \n483 \n679 \n858 \n13 \n171 \n282 \n553 \n778 \n982 \n145 \n240 \n471 \n663 \n837 \n14 \n167 \n275 \n540 \n759 \n958 \n142 \n234 \n460 \n646 \n816 \n15 \n163 \n269 \n526 \n740 \n934 \n138 \n229 \n448 \n630 \n795 \n16 \n159 \n262 \n513 \n722 \n910 \n135 \n223 \n437 \n615 \n775 \n17 \n155 \n256 \n501 \n704 \n887 \n132 \n218 \n427 \n599 \n756 \n18 \n151 \n249 \n488 \n686 \n864 \n128 \n212 \n416 \n584 \n736 \n19 \n147 \n243 \n476 \n668 \n842 \n125 \n207 \n406 \n569 \n717 \n20 \n143 \n237 \n464 \n651 \n820 \n122 \n202 \n395 \n555 \n699 \n21 \n140 \n231 \n453 \n635 \n799 \n119 \n197 \n385 \n541 \n681 \n22 \n136 \n225 \n441 \n618 \n778 \n116 \n192 \n376 \n527 \n663 \n23 \n133 \n219 \n430 \n602 \n758 \n113 \n187 \n366 \n513 \n645 \n24 \n129 \n214 \n419 \n587 \n738 \n110 \n182 \n357 \n500 \n628 \n25 \n126 \n208 \n408 \n571 \n718 \n107 \n177 \n347 \n487 \n612 \n26 \n123 \n203 \n397 \n556 \n699 \n105 \n173 \n338 \n474 \n595 \n27 \n120 \n198 \n387 \n541 \n680 \n102 \n168 \n330 \n461 \n579 \n28 \n117 \n192 \n377 \n527 \n661 \n99 \n164 \n321 \n449 \n563 \n29 \n113 \n187 \n367 \n512 \n643 \n97 \n160 \n312 \n437 \n548 \n30 \n110 \n182 \n357 \n498 \n625 \n94 \n155 \n304 \n425 \n533 \n31 \n107 \n177 \n347 \n485 \n608 \n92 \n151 \n296 \n413 \n518 \n32 \n105 \n173 \n338 \n471 \n590 \n89 \n147 \n288 \n402 \n503 \n33 \n102 \n168 \n329 \n458 \n574 \n87 \n143 \n280 \n390 \n489 \n34 \n99 \n163 \n319 \n445 \n557 \n84 \n139 \n272 \n379 \n475 \n35 \n96 \n159 \n311 \n432 \n541 \n82 \n135 \n265 \n369 \n461 \n36 \n94 \n154 \n302 \n420 \n525 \n80 \n132 \n257 \n358 \n447 \n37 \n91 \n150 \n293 \n408 \n510 \n77 \n128 \n250 \n348 \n434 \n38 \n88 \n146 \n285 \n396 \n494 \n75 \n124 \n243 \n337 \n421 \n39 \n86 \n142 \n277 \n384 \n479 \n73 \n121 \n236 \n327 \n408 \n40 \n83 \n138 \n269 \n373 \n465 \n71 \n117 \n229 \n318 \n396 \n",
  "blocks": [
    {
      "bbox": [
        189.25999450683594,
        79.9579849243164,
        415.2699890136719,
        97.9579849243164
      ],
      "max_font_size": 18.0,
      "text": "利安人寿保险股份有限公司",
      "is_heading": false
    },
    {
      "bbox": [
        143.05999755859375,
        104.599609375,
        459.3699951171875,
        118.63961029052734
      ],
      "max_font_size": 14.039999961853027,
      "text": "利安颐养金生（尊享版）养老年金保险（分红型）",
      "is_heading": false
    },
    {
      "bbox": [
        248.57000732421875,
        124.51959228515625,
        354.0099792480469,
        138.55960083007812
      ],
      "max_font_size": 14.039999961853027,
      "text": "基本保险金额表",
      "is_heading": false
    },
    {
      "bbox": [
        239.92999267578125,
        148.62890625,
        360.7900085449219,
        159.18890380859375
      ],
      "max_font_size": 10.5600004196167,
      "text": "(每1000 元年交保险费)",
      "is_heading": false
    },
    {
      "bbox": [
        442.510009765625,
        168.6689453125,
        521.3800048828125,
        179.22894287109375
      ],
      "max_font_size": 10.5600004196167,
      "text": "单位：人民币元",
      "is_heading": false
    },
    {
      "bbox": [
        45.47999954223633,
        182.74435424804688,
        556.9599609375,
        758.4603271484375
      ],
      "max_font_size": 9.960000038146973,
      "text": "年龄 男性 女性 3 年交 5 年交 10 年交 15 年交 20 年交 3 年交 5 年交 10 年交 15 年交 20 年交 0 233 384 755 1065 1349 198 327 643 907 1149 1 227 376 737 1040 1317 194 320 628 886 1122 2 222 367 720 1016 1286 189 313 613 866 1095 3 217 358 703 992 1256 185 305 599 845 1069 4 212 350 687 969 1226 180 298 585 825 1044 5 207 342 671 946 1196 176 291 571 806 1019 6 202 334 655 924 1168 172 284 558 787 995 7 197 326 640 901 1140 168 278 545 768 971 8 193 318 625 880 1112 164 271 532 750 947 9 188 311 610 859 1085 160 265 519 731 924 10 184 303 595 838 1059 156 258 507 714 902 11 179 296 581 818 1033 153 252 495 696 880 12 175 289 567 798 1007 149 246 483 679 858 13 171 282 553 778 982 145 240 471 663 837 14 167 275 540 759 958 142 234 460 646 816 15 163 269 526 740 934 138 229 448 630 795 16 159 262 513 722 910 135 223 437 615 775 17 155 256 501 704 887 132 218 427 599 756 18 151 249 488 686 864 128 212 416 584 736 19 147 243 476 668 842 125 207 406 569 717 20 143 237 464 651 820 122 202 395 555 699 21 140 231 453 635 799 119 197 385 541 681 22 136 225 441 618 778 116 192 376 527 663 23 133 219 430 602 758 113 187 366 513 645 24 129 214 419 587 738 110 182 357 500 628 25 126 208 408 571 718 107 177 347 487 612 26 123 203 397 556 699 105 173 338 474 595 27 120 198 387 541 680 102 168 330 461 579 28 117 192 377 527 661 99 164 321 449 563 29 113 187 367 512 643 97 160 312 437 548 30 110 182 357 498 625 94 155 304 425 533 31 107 177 347 485 608 92 151 296 413 518 32 105 173 338 471 590 89 147 288 402 503 33 102 168 329 458 574 87 143 280 390 489 34 99 163 319 445 557 84 139 272 379 475 35 96 159 311 432 541 82 135 265 369 461 36 94 154 302 420 525 80 132 257 358 447 37 91 150 293 408 510 77 128 250 348 434 38 88 146 285 396 494 75 124 243 337 421 39 86 142 277 384 479 73 121 236 327 408 40 83 138 269 373 465 71 117 229 318 396",
      "is_heading": false
    }
  ]
}