{
  "page_no": 3,
  "width": 595.3200073242188,
  "height": 842.0399780273438,
  "text": " \n年龄 \n男性 \n女性 \n趸交 \n3 年交 \n5 年交 \n10 年交 15 年交 20 年交 \n趸交 \n3 年交 \n5 年交 \n10 年交 15 年交 20 年交 \n25 \n109 \n307 \n505 \n976 \n1383 \n1745 \n104 \n293 \n482 \n931 \n1318 \n1664 \n26 \n106 \n299 \n493 \n952 \n1349 \n1703 \n101 \n285 \n470 \n908 \n1286 \n1624 \n27 \n104 \n292 \n481 \n929 \n1316 \n1661 \n99 \n278 \n459 \n886 \n1255 \n1584 \n28 \n101 \n285 \n469 \n906 \n1284 \n1621 \n97 \n272 \n448 \n864 \n1224 \n1545 \n29 \n99 \n278 \n458 \n884 \n1253 \n1581 \n94 \n265 \n437 \n843 \n1194 \n1508 \n30 \n96 \n271 \n447 \n863 \n1222 \n1543 \n92 \n259 \n426 \n823 \n1165 \n1471 \n31 \n94 \n265 \n436 \n842 \n1192 \n1505 \n90 \n252 \n416 \n803 \n1137 \n1435 \n32 \n92 \n258 \n425 \n821 \n1163 \n1469 \n88 \n246 \n406 \n783 \n1109 \n1400 \n33 \n90 \n252 \n415 \n801 \n1135 \n1433 \n85 \n240 \n396 \n764 \n1082 \n1366 \n34 \n87 \n246 \n405 \n782 \n1107 \n1398 \n83 \n234 \n386 \n745 \n1056 \n1333 \n35 \n85 \n240 \n395 \n763 \n1080 \n1364 \n81 \n229 \n377 \n727 \n1030 \n1300 \n36 \n83 \n234 \n385 \n744 \n1054 \n1331 \n79 \n223 \n367 \n709 \n1005 \n1268 \n37 \n81 \n228 \n376 \n726 \n1028 \n1298 \n77 \n218 \n358 \n692 \n980 \n1238 \n38 \n79 \n223 \n367 \n708 \n1003 \n1267 \n75 \n212 \n350 \n675 \n956 \n1207 \n39 \n77 \n217 \n358 \n691 \n979 \n1236 \n74 \n207 \n341 \n659 \n933 \n1178 \n40 \n75 \n212 \n349 \n674 \n955 \n1206 \n72 \n202 \n333 \n643 \n910 \n1149 \n41 \n74 \n207 \n341 \n658 \n932 \n \n70 \n197 \n325 \n627 \n888 \n \n42 \n72 \n202 \n332 \n642 \n909 \n \n68 \n192 \n317 \n612 \n867 \n \n43 \n70 \n197 \n324 \n626 \n887 \n \n67 \n188 \n309 \n597 \n845 \n \n44 \n68 \n192 \n316 \n611 \n865 \n \n65 \n183 \n302 \n582 \n825 \n \n45 \n67 \n187 \n309 \n596 \n844 \n \n63 \n179 \n294 \n568 \n805 \n \n46 \n65 \n183 \n301 \n581 \n \n \n62 \n174 \n287 \n554 \n \n \n47 \n63 \n178 \n294 \n567 \n \n \n60 \n170 \n280 \n541 \n \n \n48 \n62 \n174 \n286 \n553 \n \n \n59 \n166 \n273 \n527 \n \n \n49 \n60 \n170 \n279 \n540 \n \n \n58 \n162 \n266 \n515 \n \n \n50 \n59 \n165 \n273 \n527 \n \n \n56 \n158 \n260 \n502 \n \n \n51 \n57 \n161 \n266 \n \n \n \n55 \n154 \n254 \n \n \n \n52 \n56 \n158 \n260 \n \n \n \n53 \n150 \n247 \n \n \n \n53 \n55 \n154 \n253 \n \n \n \n52 \n147 \n241 \n \n \n \n54 \n53 \n150 \n247 \n \n \n \n51 \n143 \n235 \n \n \n \n55 \n52 \n146 \n241 \n \n \n \n50 \n139 \n230 \n \n \n \n56 \n51 \n143 \n \n \n \n \n48 \n136 \n \n \n \n \n57 \n50 \n139 \n \n \n \n \n47 \n133 \n \n \n \n \n58 \n48 \n \n \n \n \n \n46 \n \n \n \n \n \n59 \n47 \n \n \n \n \n \n45 \n \n \n \n \n \n注：月交保险费=年交保险费*0.085 \n \n养老保险金开始领取年龄：65 周岁 \n单位：人民币元 \n年龄 \n男性 \n女性 \n趸交 \n3 年交 \n5 年交 \n10 年交 15 年交 20 年交 \n趸交 \n3 年交 \n5 年交 \n10 年交 15 年交 20 年交 \n0 \n240 \n676 \n1114 \n2150 \n3046 \n3844 \n232 \n652 \n1074 \n2075 \n2939 \n3709 \n1 \n234 \n659 \n1086 \n2098 \n2971 \n3751 \n226 \n636 \n1048 \n2024 \n2867 \n3619 \n2 \n229 \n643 \n1060 \n2047 \n2899 \n3659 \n221 \n621 \n1023 \n1975 \n2797 \n3531 \n3 \n223 \n628 \n1034 \n1997 \n2828 \n3570 \n215 \n606 \n998 \n1927 \n2729 \n3445 \n4 \n218 \n612 \n1009 \n1948 \n2759 \n3483 \n210 \n591 \n973 \n1880 \n2662 \n3361 \n5 \n212 \n597 \n984 \n1901 \n2692 \n3398 \n205 \n576 \n950 \n1834 \n2598 \n3279 \n",
  "blocks": [
    {
      "bbox": [
        15.479999542236328,
        75.70430755615234,
        585.8800048828125,
        570.6343383789062
      ],
      "max_font_size": 9.960000038146973,
      "text": "年龄 男性 女性 趸交 3 年交 5 年交 10 年交 15 年交 20 年交 趸交 3 年交 5 年交 10 年交 15 年交 20 年交 25 109 307 505 976 1383 1745 104 293 482 931 1318 1664 26 106 299 493 952 1349 1703 101 285 470 908 1286 1624 27 104 292 481 929 1316 1661 99 278 459 886 1255 1584 28 101 285 469 906 1284 1621 97 272 448 864 1224 1545 29 99 278 458 884 1253 1581 94 265 437 843 1194 1508 30 96 271 447 863 1222 1543 92 259 426 823 1165 1471 31 94 265 436 842 1192 1505 90 252 416 803 1137 1435 32 92 258 425 821 1163 1469 88 246 406 783 1109 1400 33 90 252 415 801 1135 1433 85 240 396 764 1082 1366 34 87 246 405 782 1107 1398 83 234 386 745 1056 1333 35 85 240 395 763 1080 1364 81 229 377 727 1030 1300 36 83 234 385 744 1054 1331 79 223 367 709 1005 1268 37 81 228 376 726 1028 1298 77 218 358 692 980 1238 38 79 223 367 708 1003 1267 75 212 350 675 956 1207 39 77 217 358 691 979 1236 74 207 341 659 933 1178 40 75 212 349 674 955 1206 72 202 333 643 910 1149 41 74 207 341 658 932  70 197 325 627 888  42 72 202 332 642 909  68 192 317 612 867  43 70 197 324 626 887  67 188 309 597 845  44 68 192 316 611 865  65 183 302 582 825  45 67 187 309 596 844  63 179 294 568 805  46 65 183 301 581   62 174 287 554   47 63 178 294 567   60 170 280 541   48 62 174 286 553   59 166 273 527   49 60 170 279 540   58 162 266 515   50 59 165 273 527   56 158 260 502   51 57 161 266    55 154 254    52 56 158 260    53 150 247    53 55 154 253    52 147 241    54 53 150 247    51 143 235    55 52 146 241    50 139 230    56 51 143     48 136     57 50 139     47 133     58 48      46      59 47      45",
      "is_heading": false
    },
    {
      "bbox": [
        79.46399688720703,
        580.5589599609375,
        247.49000549316406,
        591.1189575195312
      ],
      "max_font_size": 10.5600004196167,
      "text": "注：月交保险费=年交保险费*0.085",
      "is_heading": false
    },
    {
      "bbox": [
        217.3699951171875,
        620.5489501953125,
        383.4700012207031,
        631.1089477539062
      ],
      "max_font_size": 10.5600004196167,
      "text": "养老保险金开始领取年龄：65 周岁",
      "is_heading": false
    },
    {
      "bbox": [
        442.510009765625,
        640.5889282226562,
        521.3800048828125,
        651.14892578125
      ],
      "max_font_size": 10.5600004196167,
      "text": "单位：人民币元",
      "is_heading": false
    },
    {
      "bbox": [
        15.479999542236328,
        654.664306640625,
        585.8800048828125,
        758.9403686523438
      ],
      "max_font_size": 9.960000038146973,
      "text": "年龄 男性 女性 趸交 3 年交 5 年交 10 年交 15 年交 20 年交 趸交 3 年交 5 年交 10 年交 15 年交 20 年交 0 240 676 1114 2150 3046 3844 232 652 1074 2075 2939 3709 1 234 659 1086 2098 2971 3751 226 636 1048 2024 2867 3619 2 229 643 1060 2047 2899 3659 221 621 1023 1975 2797 3531 3 223 628 1034 1997 2828 3570 215 606 998 1927 2729 3445 4 218 612 1009 1948 2759 3483 210 591 973 1880 2662 3361 5 212 597 984 1901 2692 3398 205 576 950 1834 2598 3279",
      "is_heading": false
    }
  ]
}