{
  "page_no": 5,
  "width": 595.3200073242188,
  "height": 842.0399780273438,
  "text": " \n年龄 \n男性 \n女性 \n趸交 \n3 年交 \n5 年交 \n10 年交 15 年交 20 年交 \n趸交 \n3 年交 \n5 年交 \n10 年交 15 年交 20 年交 \n55 \n62 \n174 \n286 \n553 \n \n \n60 \n168 \n276 \n534 \n \n \n56 \n60 \n170 \n279 \n \n \n \n58 \n164 \n270 \n \n \n \n57 \n59 \n165 \n273 \n \n \n \n57 \n160 \n263 \n \n \n \n58 \n58 \n161 \n266 \n \n \n \n55 \n156 \n257 \n \n \n \n59 \n56 \n157 \n259 \n \n \n \n54 \n152 \n250 \n \n \n \n60 \n55 \n153 \n253 \n \n \n \n53 \n148 \n244 \n \n \n \n61 \n53 \n150 \n \n \n \n \n51 \n145 \n \n \n \n \n62 \n52 \n146 \n \n \n \n \n50 \n141 \n \n \n \n \n63 \n51 \n \n \n \n \n \n49 \n \n \n \n \n \n64 \n50 \n \n \n \n \n \n48 \n \n \n \n \n \n注：月交保险费=年交保险费*0.085 \n \n养老保险金开始领取年龄：70 周岁 \n单位：人民币元 \n年龄 \n男性 \n女性 \n趸交 \n3 年交 \n5 年交 \n10 年交 15 年交 20 年交 \n趸交 \n3 年交 \n5 年交 \n10 年交 15 年交 20 年交 \n0 \n278 \n781 \n1287 \n2485 \n3520 \n4443 \n273 \n767 \n1263 \n2439 \n3455 \n4361 \n1 \n271 \n762 \n1255 \n2424 \n3434 \n4334 \n266 \n748 \n1233 \n2380 \n3371 \n4255 \n2 \n264 \n743 \n1225 \n2365 \n3350 \n4229 \n259 \n730 \n1203 \n2322 \n3289 \n4151 \n3 \n258 \n725 \n1195 \n2307 \n3268 \n4126 \n253 \n712 \n1173 \n2265 \n3209 \n4050 \n4 \n252 \n708 \n1166 \n2251 \n3189 \n4025 \n247 \n695 \n1145 \n2210 \n3131 \n3951 \n5 \n245 \n690 \n1137 \n2196 \n3111 \n3927 \n241 \n678 \n1117 \n2156 \n3054 \n3855 \n6 \n239 \n674 \n1110 \n2143 \n3035 \n3831 \n235 \n661 \n1089 \n2104 \n2980 \n3761 \n7 \n234 \n657 \n1083 \n2090 \n2961 \n3738 \n229 \n645 \n1063 \n2052 \n2907 \n3669 \n8 \n228 \n641 \n1056 \n2039 \n2889 \n3647 \n224 \n629 \n1037 \n2002 \n2836 \n3580 \n9 \n222 \n625 \n1031 \n1990 \n2819 \n3558 \n218 \n614 \n1012 \n1953 \n2767 \n3493 \n10 \n217 \n610 \n1005 \n1941 \n2750 \n3471 \n213 \n599 \n987 \n1906 \n2700 \n3407 \n11 \n212 \n595 \n981 \n1894 \n2683 \n3386 \n208 \n584 \n963 \n1859 \n2634 \n3324 \n12 \n206 \n581 \n957 \n1848 \n2617 \n3304 \n203 \n570 \n939 \n1814 \n2569 \n3243 \n13 \n201 \n567 \n934 \n1803 \n2553 \n3223 \n198 \n556 \n917 \n1770 \n2507 \n3164 \n14 \n197 \n553 \n911 \n1759 \n2491 \n3145 \n193 \n543 \n894 \n1727 \n2446 \n3087 \n15 \n192 \n539 \n889 \n1716 \n2430 \n3068 \n188 \n529 \n872 \n1684 \n2386 \n3012 \n16 \n187 \n526 \n867 \n1674 \n2371 \n2993 \n184 \n517 \n851 \n1643 \n2328 \n2938 \n17 \n183 \n513 \n846 \n1633 \n2313 \n2920 \n179 \n504 \n830 \n1603 \n2271 \n2867 \n18 \n178 \n501 \n825 \n1593 \n2257 \n2849 \n175 \n492 \n810 \n1564 \n2216 \n2797 \n19 \n174 \n489 \n805 \n1554 \n2202 \n2779 \n171 \n480 \n790 \n1526 \n2162 \n2728 \n20 \n169 \n477 \n785 \n1517 \n2148 \n2712 \n166 \n468 \n771 \n1489 \n2109 \n2662 \n21 \n165 \n465 \n766 \n1480 \n2096 \n2646 \n162 \n457 \n752 \n1453 \n2057 \n2597 \n22 \n161 \n454 \n748 \n1443 \n2045 \n2581 \n158 \n445 \n734 \n1417 \n2007 \n2534 \n23 \n157 \n443 \n729 \n1408 \n1995 \n2518 \n155 \n435 \n716 \n1383 \n1958 \n2472 \n24 \n154 \n432 \n712 \n1374 \n1946 \n2457 \n151 \n424 \n699 \n1349 \n1911 \n2412 \n25 \n150 \n421 \n694 \n1340 \n1899 \n2397 \n147 \n414 \n682 \n1316 \n1864 \n2353 \n26 \n146 \n411 \n677 \n1308 \n1852 \n2338 \n143 \n404 \n665 \n1284 \n1819 \n2295 \n27 \n143 \n401 \n661 \n1276 \n1807 \n2281 \n140 \n394 \n649 \n1253 \n1774 \n2240 \n28 \n139 \n391 \n645 \n1245 \n1763 \n2226 \n137 \n384 \n633 \n1222 \n1731 \n2185 \n29 \n136 \n382 \n629 \n1214 \n1720 \n2172 \n133 \n375 \n617 \n1192 \n1689 \n2132 \n30 \n132 \n372 \n614 \n1185 \n1678 \n2119 \n130 \n366 \n602 \n1163 \n1648 \n2080 \n",
  "blocks": [
    {
      "bbox": [
        15.479999542236328,
        75.70430755615234,
        585.8800048828125,
        233.86431884765625
      ],
      "max_font_size": 9.960000038146973,
      "text": "年龄 男性 女性 趸交 3 年交 5 年交 10 年交 15 年交 20 年交 趸交 3 年交 5 年交 10 年交 15 年交 20 年交 55 62 174 286 553   60 168 276 534   56 60 170 279    58 164 270    57 59 165 273    57 160 263    58 58 161 266    55 156 257    59 56 157 259    54 152 250    60 55 153 253    53 148 244    61 53 150     51 145     62 52 146     50 141     63 51      49      64 50      48",
      "is_heading": false
    },
    {
      "bbox": [
        79.46399688720703,
        243.7889404296875,
        247.49000549316406,
        254.34893798828125
      ],
      "max_font_size": 10.5600004196167,
      "text": "注：月交保险费=年交保险费*0.085",
      "is_heading": false
    },
    {
      "bbox": [
        217.3699951171875,
        283.7789306640625,
        383.4700012207031,
        294.33892822265625
      ],
      "max_font_size": 10.5600004196167,
      "text": "养老保险金开始领取年龄：70 周岁",
      "is_heading": false
    },
    {
      "bbox": [
        442.510009765625,
        303.81890869140625,
        521.3800048828125,
        314.37890625
      ],
      "max_font_size": 10.5600004196167,
      "text": "单位：人民币元",
      "is_heading": false
    },
    {
      "bbox": [
        15.479999542236328,
        317.8943176269531,
        585.8800048828125,
        758.9403686523438
      ],
      "max_font_size": 9.960000038146973,
      "text": "年龄 男性 女性 趸交 3 年交 5 年交 10 年交 15 年交 20 年交 趸交 3 年交 5 年交 10 年交 15 年交 20 年交 0 278 781 1287 2485 3520 4443 273 767 1263 2439 3455 4361 1 271 762 1255 2424 3434 4334 266 748 1233 2380 3371 4255 2 264 743 1225 2365 3350 4229 259 730 1203 2322 3289 4151 3 258 725 1195 2307 3268 4126 253 712 1173 2265 3209 4050 4 252 708 1166 2251 3189 4025 247 695 1145 2210 3131 3951 5 245 690 1137 2196 3111 3927 241 678 1117 2156 3054 3855 6 239 674 1110 2143 3035 3831 235 661 1089 2104 2980 3761 7 234 657 1083 2090 2961 3738 229 645 1063 2052 2907 3669 8 228 641 1056 2039 2889 3647 224 629 1037 2002 2836 3580 9 222 625 1031 1990 2819 3558 218 614 1012 1953 2767 3493 10 217 610 1005 1941 2750 3471 213 599 987 1906 2700 3407 11 212 595 981 1894 2683 3386 208 584 963 1859 2634 3324 12 206 581 957 1848 2617 3304 203 570 939 1814 2569 3243 13 201 567 934 1803 2553 3223 198 556 917 1770 2507 3164 14 197 553 911 1759 2491 3145 193 543 894 1727 2446 3087 15 192 539 889 1716 2430 3068 188 529 872 1684 2386 3012 16 187 526 867 1674 2371 2993 184 517 851 1643 2328 2938 17 183 513 846 1633 2313 2920 179 504 830 1603 2271 2867 18 178 501 825 1593 2257 2849 175 492 810 1564 2216 2797 19 174 489 805 1554 2202 2779 171 480 790 1526 2162 2728 20 169 477 785 1517 2148 2712 166 468 771 1489 2109 2662 21 165 465 766 1480 2096 2646 162 457 752 1453 2057 2597 22 161 454 748 1443 2045 2581 158 445 734 1417 2007 2534 23 157 443 729 1408 1995 2518 155 435 716 1383 1958 2472 24 154 432 712 1374 1946 2457 151 424 699 1349 1911 2412 25 150 421 694 1340 1899 2397 147 414 682 1316 1864 2353 26 146 411 677 1308 1852 2338 143 404 665 1284 1819 2295 27 143 401 661 1276 1807 2281 140 394 649 1253 1774 2240 28 139 391 645 1245 1763 2226 137 384 633 1222 1731 2185 29 136 382 629 1214 1720 2172 133 375 617 1192 1689 2132 30 132 372 614 1185 1678 2119 130 366 602 1163 1648 2080",
      "is_heading": false
    }
  ]
}