{
  "page_no": 4,
  "width": 595.3200073242188,
  "height": 842.0399780273438,
  "text": " \n年龄 \n男性 \n女性 \n趸交 \n3 年交 \n5 年交 \n10 年交 15 年交 20 年交 \n趸交 \n3 年交 \n5 年交 \n10 年交 15 年交 20 年交 \n6 \n207 \n583 \n960 \n1854 \n2626 \n3315 \n200 \n562 \n927 \n1789 \n2534 \n3199 \n7 \n202 \n569 \n937 \n1809 \n2562 \n3234 \n195 \n549 \n904 \n1745 \n2472 \n3121 \n8 \n197 \n555 \n914 \n1765 \n2500 \n3156 \n190 \n535 \n882 \n1703 \n2412 \n3045 \n9 \n192 \n541 \n892 \n1722 \n2439 \n3079 \n186 \n522 \n860 \n1661 \n2353 \n2970 \n10 \n188 \n528 \n870 \n1680 \n2380 \n3004 \n181 \n509 \n839 \n1621 \n2296 \n2898 \n11 \n183 \n515 \n849 \n1639 \n2322 \n2930 \n177 \n497 \n819 \n1581 \n2240 \n2827 \n12 \n179 \n503 \n828 \n1599 \n2265 \n2859 \n172 \n485 \n799 \n1543 \n2185 \n2758 \n13 \n174 \n490 \n808 \n1560 \n2210 \n2789 \n168 \n473 \n780 \n1505 \n2132 \n2691 \n14 \n170 \n478 \n788 \n1522 \n2156 \n2721 \n164 \n462 \n760 \n1468 \n2080 \n2625 \n15 \n166 \n467 \n769 \n1485 \n2103 \n2655 \n160 \n450 \n742 \n1433 \n2029 \n2561 \n16 \n162 \n455 \n750 \n1449 \n2052 \n2590 \n156 \n439 \n724 \n1398 \n1980 \n2499 \n17 \n158 \n444 \n732 \n1413 \n2002 \n2527 \n152 \n429 \n706 \n1364 \n1931 \n2438 \n18 \n154 \n433 \n714 \n1379 \n1953 \n2465 \n149 \n418 \n689 \n1330 \n1884 \n2379 \n19 \n150 \n423 \n697 \n1345 \n1905 \n2405 \n145 \n408 \n672 \n1298 \n1838 \n2321 \n20 \n147 \n412 \n680 \n1312 \n1859 \n2347 \n142 \n398 \n656 \n1266 \n1794 \n2264 \n21 \n143 \n402 \n663 \n1280 \n1814 \n2289 \n138 \n388 \n640 \n1235 \n1750 \n2209 \n22 \n140 \n393 \n647 \n1249 \n1769 \n2234 \n135 \n379 \n624 \n1205 \n1707 \n2155 \n23 \n136 \n383 \n631 \n1219 \n1726 \n2179 \n131 \n370 \n609 \n1176 \n1666 \n2102 \n24 \n133 \n374 \n616 \n1189 \n1684 \n2126 \n128 \n361 \n594 \n1147 \n1625 \n2051 \n25 \n130 \n365 \n601 \n1160 \n1643 \n2074 \n125 \n352 \n580 \n1119 \n1585 \n2001 \n26 \n126 \n356 \n586 \n1132 \n1603 \n2024 \n122 \n343 \n565 \n1092 \n1547 \n1952 \n27 \n123 \n347 \n572 \n1104 \n1564 \n1974 \n119 \n335 \n552 \n1065 \n1509 \n1905 \n28 \n120 \n339 \n558 \n1077 \n1526 \n1926 \n116 \n327 \n538 \n1039 \n1472 \n1858 \n29 \n117 \n330 \n544 \n1051 \n1489 \n1879 \n113 \n319 \n525 \n1014 \n1436 \n1813 \n30 \n115 \n322 \n531 \n1025 \n1452 \n1833 \n111 \n311 \n512 \n989 \n1401 \n1769 \n31 \n112 \n314 \n518 \n1000 \n1417 \n1789 \n108 \n303 \n500 \n965 \n1367 \n1726 \n32 \n109 \n307 \n505 \n976 \n1382 \n1745 \n105 \n296 \n488 \n942 \n1334 \n1684 \n33 \n106 \n299 \n493 \n952 \n1349 \n1703 \n103 \n289 \n476 \n919 \n1301 \n1643 \n34 \n104 \n292 \n481 \n929 \n1316 \n1661 \n100 \n282 \n464 \n896 \n1269 \n1602 \n35 \n101 \n285 \n469 \n906 \n1284 \n1621 \n98 \n275 \n453 \n874 \n1239 \n1563 \n36 \n99 \n278 \n458 \n884 \n1252 \n1581 \n95 \n268 \n442 \n853 \n1208 \n1525 \n37 \n96 \n271 \n447 \n863 \n1222 \n1543 \n93 \n262 \n431 \n832 \n1179 \n1488 \n38 \n94 \n264 \n436 \n842 \n1192 \n1505 \n91 \n255 \n420 \n812 \n1150 \n1452 \n39 \n92 \n258 \n425 \n821 \n1163 \n1469 \n89 \n249 \n410 \n792 \n1122 \n1417 \n40 \n90 \n252 \n415 \n801 \n1135 \n1433 \n86 \n243 \n400 \n773 \n1095 \n1382 \n41 \n87 \n246 \n405 \n781 \n1107 \n1398 \n84 \n237 \n390 \n754 \n1068 \n1348 \n42 \n85 \n240 \n395 \n762 \n1080 \n1364 \n82 \n231 \n381 \n736 \n1042 \n1316 \n43 \n83 \n234 \n385 \n744 \n1054 \n1331 \n80 \n226 \n372 \n718 \n1017 \n1284 \n44 \n81 \n228 \n376 \n726 \n1028 \n1298 \n78 \n220 \n363 \n700 \n992 \n1252 \n45 \n79 \n223 \n367 \n708 \n1003 \n1267 \n76 \n215 \n354 \n683 \n968 \n1222 \n46 \n77 \n217 \n358 \n691 \n979 \n \n74 \n209 \n345 \n666 \n944 \n \n47 \n75 \n212 \n349 \n674 \n955 \n \n73 \n204 \n337 \n650 \n921 \n \n48 \n74 \n207 \n340 \n657 \n932 \n \n71 \n199 \n328 \n634 \n899 \n \n49 \n72 \n202 \n332 \n641 \n909 \n \n69 \n194 \n320 \n619 \n877 \n \n50 \n70 \n197 \n324 \n626 \n887 \n \n67 \n190 \n313 \n604 \n855 \n \n51 \n68 \n192 \n316 \n611 \n \n \n66 \n185 \n305 \n589 \n \n \n52 \n67 \n187 \n308 \n596 \n \n \n64 \n181 \n298 \n575 \n \n \n53 \n65 \n183 \n301 \n581 \n \n \n63 \n176 \n290 \n561 \n \n \n54 \n63 \n178 \n294 \n567 \n \n \n61 \n172 \n283 \n547 \n \n \n",
  "blocks": [
    {
      "bbox": [
        15.479999542236328,
        75.70430755615234,
        585.8800048828125,
        759.1803588867188
      ],
      "max_font_size": 9.960000038146973,
      "text": "年龄 男性 女性 趸交 3 年交 5 年交 10 年交 15 年交 20 年交 趸交 3 年交 5 年交 10 年交 15 年交 20 年交 6 207 583 960 1854 2626 3315 200 562 927 1789 2534 3199 7 202 569 937 1809 2562 3234 195 549 904 1745 2472 3121 8 197 555 914 1765 2500 3156 190 535 882 1703 2412 3045 9 192 541 892 1722 2439 3079 186 522 860 1661 2353 2970 10 188 528 870 1680 2380 3004 181 509 839 1621 2296 2898 11 183 515 849 1639 2322 2930 177 497 819 1581 2240 2827 12 179 503 828 1599 2265 2859 172 485 799 1543 2185 2758 13 174 490 808 1560 2210 2789 168 473 780 1505 2132 2691 14 170 478 788 1522 2156 2721 164 462 760 1468 2080 2625 15 166 467 769 1485 2103 2655 160 450 742 1433 2029 2561 16 162 455 750 1449 2052 2590 156 439 724 1398 1980 2499 17 158 444 732 1413 2002 2527 152 429 706 1364 1931 2438 18 154 433 714 1379 1953 2465 149 418 689 1330 1884 2379 19 150 423 697 1345 1905 2405 145 408 672 1298 1838 2321 20 147 412 680 1312 1859 2347 142 398 656 1266 1794 2264 21 143 402 663 1280 1814 2289 138 388 640 1235 1750 2209 22 140 393 647 1249 1769 2234 135 379 624 1205 1707 2155 23 136 383 631 1219 1726 2179 131 370 609 1176 1666 2102 24 133 374 616 1189 1684 2126 128 361 594 1147 1625 2051 25 130 365 601 1160 1643 2074 125 352 580 1119 1585 2001 26 126 356 586 1132 1603 2024 122 343 565 1092 1547 1952 27 123 347 572 1104 1564 1974 119 335 552 1065 1509 1905 28 120 339 558 1077 1526 1926 116 327 538 1039 1472 1858 29 117 330 544 1051 1489 1879 113 319 525 1014 1436 1813 30 115 322 531 1025 1452 1833 111 311 512 989 1401 1769 31 112 314 518 1000 1417 1789 108 303 500 965 1367 1726 32 109 307 505 976 1382 1745 105 296 488 942 1334 1684 33 106 299 493 952 1349 1703 103 289 476 919 1301 1643 34 104 292 481 929 1316 1661 100 282 464 896 1269 1602 35 101 285 469 906 1284 1621 98 275 453 874 1239 1563 36 99 278 458 884 1252 1581 95 268 442 853 1208 1525 37 96 271 447 863 1222 1543 93 262 431 832 1179 1488 38 94 264 436 842 1192 1505 91 255 420 812 1150 1452 39 92 258 425 821 1163 1469 89 249 410 792 1122 1417 40 90 252 415 801 1135 1433 86 243 400 773 1095 1382 41 87 246 405 781 1107 1398 84 237 390 754 1068 1348 42 85 240 395 762 1080 1364 82 231 381 736 1042 1316 43 83 234 385 744 1054 1331 80 226 372 718 1017 1284 44 81 228 376 726 1028 1298 78 220 363 700 992 1252 45 79 223 367 708 1003 1267 76 215 354 683 968 1222 46 77 217 358 691 979  74 209 345 666 944  47 75 212 349 674 955  73 204 337 650 921  48 74 207 340 657 932  71 199 328 634 899  49 72 202 332 641 909  69 194 320 619 877  50 70 197 324 626 887  67 190 313 604 855  51 68 192 316 611   66 185 305 589   52 67 187 308 596   64 181 298 575   53 65 183 301 581   63 176 290 561   54 63 178 294 567   61 172 283 547",
      "is_heading": false
    }
  ]
}