{
  "page_no": 6,
  "width": 595.3200073242188,
  "height": 842.0399780273438,
  "text": " \n年龄 \n男性 \n女性 \n趸交 \n3 年交 \n5 年交 \n10 年交 15 年交 20 年交 \n趸交 \n3 年交 \n5 年交 \n10 年交 15 年交 20 年交 \n31 \n129 \n363 \n599 \n1156 \n1637 \n2067 \n127 \n357 \n588 \n1135 \n1607 \n2029 \n32 \n126 \n354 \n584 \n1128 \n1598 \n2017 \n124 \n348 \n573 \n1107 \n1568 \n1980 \n33 \n123 \n346 \n570 \n1100 \n1559 \n1968 \n121 \n339 \n559 \n1080 \n1530 \n1931 \n34 \n120 \n337 \n556 \n1073 \n1521 \n1920 \n118 \n331 \n546 \n1054 \n1493 \n1884 \n35 \n117 \n329 \n542 \n1047 \n1484 \n1873 \n115 \n323 \n532 \n1028 \n1456 \n1838 \n36 \n114 \n321 \n529 \n1022 \n1447 \n1827 \n112 \n315 \n519 \n1003 \n1421 \n1794 \n37 \n111 \n313 \n516 \n997 \n1412 \n1783 \n109 \n308 \n507 \n978 \n1386 \n1750 \n38 \n109 \n306 \n504 \n972 \n1378 \n1739 \n107 \n300 \n494 \n955 \n1352 \n1707 \n39 \n106 \n298 \n491 \n949 \n1344 \n1697 \n104 \n293 \n482 \n931 \n1319 \n1666 \n40 \n103 \n291 \n479 \n926 \n1311 \n1656 \n102 \n286 \n471 \n909 \n1287 \n1625 \n41 \n101 \n284 \n468 \n903 \n1279 \n1616 \n99 \n279 \n459 \n886 \n1256 \n1585 \n42 \n99 \n277 \n456 \n881 \n1248 \n1576 \n97 \n272 \n448 \n865 \n1225 \n1547 \n43 \n96 \n270 \n445 \n860 \n1218 \n1538 \n94 \n265 \n437 \n844 \n1195 \n1509 \n44 \n94 \n264 \n434 \n839 \n1188 \n1501 \n92 \n259 \n426 \n823 \n1166 \n1473 \n45 \n91 \n257 \n424 \n818 \n1159 \n1464 \n90 \n252 \n416 \n803 \n1138 \n1437 \n46 \n89 \n251 \n413 \n798 \n1131 \n1429 \n88 \n246 \n406 \n784 \n1110 \n1402 \n47 \n87 \n245 \n403 \n779 \n1103 \n1394 \n85 \n240 \n396 \n764 \n1083 \n1368 \n48 \n85 \n239 \n393 \n760 \n1077 \n1360 \n83 \n234 \n386 \n746 \n1057 \n1335 \n49 \n83 \n233 \n384 \n741 \n1050 \n1327 \n81 \n229 \n377 \n728 \n1031 \n1302 \n50 \n81 \n227 \n374 \n723 \n1025 \n1295 \n79 \n223 \n368 \n710 \n1006 \n1270 \n51 \n79 \n222 \n365 \n706 \n1000 \n \n77 \n218 \n359 \n693 \n981 \n \n52 \n77 \n216 \n356 \n688 \n976 \n \n76 \n212 \n350 \n676 \n957 \n \n53 \n75 \n211 \n348 \n672 \n952 \n \n74 \n207 \n341 \n659 \n934 \n \n54 \n73 \n206 \n339 \n655 \n929 \n \n72 \n202 \n333 \n643 \n911 \n \n55 \n72 \n201 \n331 \n639 \n906 \n \n70 \n197 \n325 \n627 \n889 \n \n56 \n70 \n196 \n323 \n624 \n \n \n68 \n192 \n317 \n612 \n \n \n57 \n68 \n191 \n315 \n608 \n \n \n67 \n188 \n309 \n597 \n \n \n58 \n66 \n186 \n307 \n594 \n \n \n65 \n183 \n302 \n583 \n \n \n59 \n65 \n182 \n300 \n579 \n \n \n64 \n179 \n294 \n568 \n \n \n60 \n63 \n177 \n292 \n565 \n \n \n62 \n174 \n287 \n555 \n \n \n61 \n62 \n173 \n285 \n \n \n \n61 \n170 \n280 \n \n \n \n62 \n60 \n169 \n278 \n \n \n \n59 \n166 \n273 \n \n \n \n63 \n59 \n165 \n271 \n \n \n \n58 \n162 \n266 \n \n \n \n64 \n57 \n161 \n265 \n \n \n \n56 \n158 \n260 \n \n \n \n65 \n56 \n157 \n258 \n \n \n \n55 \n154 \n253 \n \n \n \n66 \n55 \n153 \n \n \n \n \n53 \n150 \n \n \n \n \n67 \n53 \n149 \n \n \n \n \n52 \n146 \n \n \n \n \n68 \n52 \n \n \n \n \n \n51 \n \n \n \n \n \n69 \n51 \n \n \n \n \n \n50 \n \n \n \n \n \n注：月交保险费=年交保险费*0.085 \n \n本合同提供的首次养老保险金领取日为被保险人年满本合同约定的养老保险金开始领取年龄后\n的首个合同生效日对应日。 \n",
  "blocks": [
    {
      "bbox": [
        15.479999542236328,
        75.70430755615234,
        585.8800048828125,
        624.5443725585938
      ],
      "max_font_size": 9.960000038146973,
      "text": "年龄 男性 女性 趸交 3 年交 5 年交 10 年交 15 年交 20 年交 趸交 3 年交 5 年交 10 年交 15 年交 20 年交 31 129 363 599 1156 1637 2067 127 357 588 1135 1607 2029 32 126 354 584 1128 1598 2017 124 348 573 1107 1568 1980 33 123 346 570 1100 1559 1968 121 339 559 1080 1530 1931 34 120 337 556 1073 1521 1920 118 331 546 1054 1493 1884 35 117 329 542 1047 1484 1873 115 323 532 1028 1456 1838 36 114 321 529 1022 1447 1827 112 315 519 1003 1421 1794 37 111 313 516 997 1412 1783 109 308 507 978 1386 1750 38 109 306 504 972 1378 1739 107 300 494 955 1352 1707 39 106 298 491 949 1344 1697 104 293 482 931 1319 1666 40 103 291 479 926 1311 1656 102 286 471 909 1287 1625 41 101 284 468 903 1279 1616 99 279 459 886 1256 1585 42 99 277 456 881 1248 1576 97 272 448 865 1225 1547 43 96 270 445 860 1218 1538 94 265 437 844 1195 1509 44 94 264 434 839 1188 1501 92 259 426 823 1166 1473 45 91 257 424 818 1159 1464 90 252 416 803 1138 1437 46 89 251 413 798 1131 1429 88 246 406 784 1110 1402 47 87 245 403 779 1103 1394 85 240 396 764 1083 1368 48 85 239 393 760 1077 1360 83 234 386 746 1057 1335 49 83 233 384 741 1050 1327 81 229 377 728 1031 1302 50 81 227 374 723 1025 1295 79 223 368 710 1006 1270 51 79 222 365 706 1000  77 218 359 693 981  52 77 216 356 688 976  76 212 350 676 957  53 75 211 348 672 952  74 207 341 659 934  54 73 206 339 655 929  72 202 333 643 911  55 72 201 331 639 906  70 197 325 627 889  56 70 196 323 624   68 192 317 612   57 68 191 315 608   67 188 309 597   58 66 186 307 594   65 183 302 583   59 65 182 300 579   64 179 294 568   60 63 177 292 565   62 174 287 555   61 62 173 285    61 170 280    62 60 169 278    59 166 273    63 59 165 271    58 162 266    64 57 161 265    56 158 260    65 56 157 258    55 154 253    66 55 153     53 150     67 53 149     52 146     68 52      51      69 51      50",
      "is_heading": false
    },
    {
      "bbox": [
        79.46399688720703,
        634.4689331054688,
        247.49000549316406,
        645.0289306640625
      ],
      "max_font_size": 10.5600004196167,
      "text": "注：月交保险费=年交保险费*0.085",
      "is_heading": false
    },
    {
      "bbox": [
        79.46399688720703,
        674.428955078125,
        515.591796875,
        684.9889526367188
      ],
      "max_font_size": 10.5600004196167,
      "text": "本合同提供的首次养老保险金领取日为被保险人年满本合同约定的养老保险金开始领取年龄后",
      "is_heading": false
    },
    {
      "bbox": [
        79.46399688720703,
        694.4689331054688,
        210.88999938964844,
        705.0289306640625
      ],
      "max_font_size": 10.5600004196167,
      "text": "的首个合同生效日对应日。",
      "is_heading": false
    }
  ]
}