{
  "page_no": 2,
  "width": 595.3200073242188,
  "height": 842.0399780273438,
  "text": " \n年龄 \n女性 \n趸交 \n3 年交 \n5 年交 \n10 年交 \n15 年交 \n20 年交 \n39 \n61 \n171 \n281 \n543 \n769 \n \n40 \n59 \n166 \n274 \n530 \n750 \n \n41 \n58 \n162 \n268 \n517 \n \n \n42 \n56 \n158 \n261 \n504 \n \n \n43 \n55 \n155 \n255 \n492 \n \n \n44 \n54 \n151 \n249 \n480 \n \n \n45 \n52 \n147 \n242 \n468 \n \n \n46 \n51 \n144 \n237 \n \n \n \n47 \n50 \n140 \n231 \n \n \n \n48 \n49 \n137 \n225 \n \n \n \n49 \n47 \n133 \n220 \n \n \n \n50 \n46 \n130 \n214 \n \n \n \n51 \n45 \n127 \n \n \n \n \n52 \n44 \n124 \n \n \n \n \n53 \n43 \n \n \n \n \n \n54 \n42 \n \n \n \n \n \n注：月交保险费=年交保险费*0.085 \n \n养老保险金开始领取年龄：60 周岁 \n              单位：人民币元 \n年龄 \n男性 \n女性 \n趸交 \n3 年交 \n5 年交 \n10 年交 15 年交 20 年交 \n趸交 \n3 年交 \n5 年交 \n10 年交 15 年交 20 年交 \n0 \n202 \n569 \n937 \n1809 \n2563 \n3235 \n193 \n542 \n894 \n1725 \n2444 \n3085 \n1 \n197 \n555 \n914 \n1765 \n2500 \n3156 \n188 \n529 \n872 \n1683 \n2384 \n3009 \n2 \n192 \n541 \n892 \n1722 \n2440 \n3079 \n184 \n516 \n851 \n1642 \n2326 \n2936 \n3 \n188 \n528 \n870 \n1680 \n2380 \n3004 \n179 \n504 \n830 \n1602 \n2269 \n2865 \n4 \n183 \n515 \n849 \n1639 \n2322 \n2931 \n175 \n491 \n810 \n1563 \n2214 \n2795 \n5 \n179 \n503 \n828 \n1599 \n2265 \n2860 \n170 \n479 \n790 \n1525 \n2160 \n2727 \n6 \n174 \n490 \n808 \n1560 \n2210 \n2790 \n166 \n468 \n771 \n1488 \n2107 \n2660 \n7 \n170 \n479 \n788 \n1522 \n2156 \n2722 \n162 \n456 \n752 \n1452 \n2056 \n2595 \n8 \n166 \n467 \n769 \n1485 \n2104 \n2655 \n158 \n445 \n733 \n1416 \n2006 \n2532 \n9 \n162 \n455 \n750 \n1449 \n2052 \n2591 \n154 \n434 \n716 \n1382 \n1957 \n2470 \n10 \n158 \n444 \n732 \n1414 \n2002 \n2528 \n151 \n424 \n698 \n1348 \n1909 \n2410 \n11 \n154 \n434 \n714 \n1379 \n1954 \n2466 \n147 \n413 \n681 \n1315 \n1863 \n2351 \n12 \n150 \n423 \n697 \n1345 \n1906 \n2406 \n143 \n403 \n664 \n1283 \n1817 \n2294 \n13 \n147 \n413 \n680 \n1313 \n1859 \n2347 \n140 \n393 \n648 \n1252 \n1773 \n2238 \n14 \n143 \n403 \n663 \n1281 \n1814 \n2290 \n136 \n384 \n632 \n1221 \n1730 \n2183 \n15 \n140 \n393 \n647 \n1249 \n1770 \n2234 \n133 \n374 \n617 \n1191 \n1688 \n2130 \n16 \n136 \n383 \n631 \n1219 \n1727 \n2180 \n130 \n365 \n602 \n1162 \n1646 \n2078 \n17 \n133 \n374 \n616 \n1189 \n1685 \n2126 \n127 \n356 \n587 \n1134 \n1606 \n2027 \n18 \n130 \n365 \n601 \n1160 \n1643 \n2075 \n124 \n348 \n573 \n1106 \n1567 \n1978 \n19 \n127 \n356 \n586 \n1132 \n1603 \n2024 \n121 \n339 \n559 \n1079 \n1529 \n1930 \n20 \n123 \n347 \n572 \n1104 \n1564 \n1975 \n118 \n331 \n545 \n1053 \n1492 \n1883 \n21 \n120 \n339 \n558 \n1077 \n1526 \n1926 \n115 \n323 \n532 \n1027 \n1455 \n1837 \n22 \n117 \n330 \n544 \n1051 \n1489 \n1880 \n112 \n315 \n519 \n1002 \n1420 \n1792 \n23 \n115 \n322 \n531 \n1025 \n1453 \n1834 \n109 \n307 \n506 \n978 \n1385 \n1748 \n24 \n112 \n314 \n518 \n1000 \n1417 \n1789 \n107 \n300 \n494 \n954 \n1351 \n1706 \n",
  "blocks": [
    {
      "bbox": [
        91.2239990234375,
        75.70430755615234,
        508.0,
        314.65435791015625
      ],
      "max_font_size": 9.960000038146973,
      "text": "年龄 女性 趸交 3 年交 5 年交 10 年交 15 年交 20 年交 39 61 171 281 543 769  40 59 166 274 530 750  41 58 162 268 517   42 56 158 261 504   43 55 155 255 492   44 54 151 249 480   45 52 147 242 468   46 51 144 237    47 50 140 231    48 49 137 225    49 47 133 220    50 46 130 214    51 45 127     52 44 124     53 43      54 42",
      "is_heading": false
    },
    {
      "bbox": [
        116.18000030517578,
        324.57891845703125,
        284.2099914550781,
        335.138916015625
      ],
      "max_font_size": 10.5600004196167,
      "text": "注：月交保险费=年交保险费*0.085",
      "is_heading": false
    },
    {
      "bbox": [
        217.3699951171875,
        364.658935546875,
        383.4700012207031,
        375.21893310546875
      ],
      "max_font_size": 10.5600004196167,
      "text": "养老保险金开始领取年龄：60 周岁",
      "is_heading": false
    },
    {
      "bbox": [
        368.95001220703125,
        384.57891845703125,
        521.3800048828125,
        395.138916015625
      ],
      "max_font_size": 10.5600004196167,
      "text": "单位：人民币元",
      "is_heading": false
    },
    {
      "bbox": [
        15.479999542236328,
        398.65435791015625,
        585.8800048828125,
        758.9403686523438
      ],
      "max_font_size": 9.960000038146973,
      "text": "年龄 男性 女性 趸交 3 年交 5 年交 10 年交 15 年交 20 年交 趸交 3 年交 5 年交 10 年交 15 年交 20 年交 0 202 569 937 1809 2563 3235 193 542 894 1725 2444 3085 1 197 555 914 1765 2500 3156 188 529 872 1683 2384 3009 2 192 541 892 1722 2440 3079 184 516 851 1642 2326 2936 3 188 528 870 1680 2380 3004 179 504 830 1602 2269 2865 4 183 515 849 1639 2322 2931 175 491 810 1563 2214 2795 5 179 503 828 1599 2265 2860 170 479 790 1525 2160 2727 6 174 490 808 1560 2210 2790 166 468 771 1488 2107 2660 7 170 479 788 1522 2156 2722 162 456 752 1452 2056 2595 8 166 467 769 1485 2104 2655 158 445 733 1416 2006 2532 9 162 455 750 1449 2052 2591 154 434 716 1382 1957 2470 10 158 444 732 1414 2002 2528 151 424 698 1348 1909 2410 11 154 434 714 1379 1954 2466 147 413 681 1315 1863 2351 12 150 423 697 1345 1906 2406 143 403 664 1283 1817 2294 13 147 413 680 1313 1859 2347 140 393 648 1252 1773 2238 14 143 403 663 1281 1814 2290 136 384 632 1221 1730 2183 15 140 393 647 1249 1770 2234 133 374 617 1191 1688 2130 16 136 383 631 1219 1727 2180 130 365 602 1162 1646 2078 17 133 374 616 1189 1685 2126 127 356 587 1134 1606 2027 18 130 365 601 1160 1643 2075 124 348 573 1106 1567 1978 19 127 356 586 1132 1603 2024 121 339 559 1079 1529 1930 20 123 347 572 1104 1564 1975 118 331 545 1053 1492 1883 21 120 339 558 1077 1526 1926 115 323 532 1027 1455 1837 22 117 330 544 1051 1489 1880 112 315 519 1002 1420 1792 23 115 322 531 1025 1453 1834 109 307 506 978 1385 1748 24 112 314 518 1000 1417 1789 107 300 494 954 1351 1706",
      "is_heading": false
    }
  ]
}