{
  "page_no": 4,
  "width": 595.3200073242188,
  "height": 842.0399780273438,
  "text": " \n养老保险金开始领取年龄：65 周岁 \n单位：人民币元 \n性别 \n男性 \n女性 \n交费期间 \n年龄 \n3 年交 5 年交 10 年交 15 年交 20 年交 3 年交 5 年交 10 年交 15 年交 20 年交 \n0 \n882 \n1449 \n2752 \n3905 \n4927 \n801 \n1317 \n2501 \n3549 \n4478 \n1 \n860 \n1414 \n2685 \n3809 \n4805 \n781 \n1285 \n2440 \n3462 \n4368 \n2 \n839 \n1379 \n2619 \n3715 \n4686 \n762 \n1253 \n2380 \n3377 \n4260 \n3 \n818 \n1345 \n2554 \n3624 \n4571 \n744 \n1222 \n2321 \n3294 \n4156 \n4 \n798 \n1312 \n2491 \n3534 \n4457 \n725 \n1192 \n2264 \n3213 \n4053 \n5 \n778 \n1280 \n2430 \n3446 \n4347 \n707 \n1163 \n2208 \n3134 \n3953 \n6 \n759 \n1248 \n2369 \n3361 \n4239 \n690 \n1134 \n2154 \n3056 \n3856 \n7 \n741 \n1217 \n2311 \n3278 \n4134 \n673 \n1106 \n2101 \n2981 \n3760 \n8 \n722 \n1187 \n2254 \n3197 \n4032 \n657 \n1079 \n2049 \n2907 \n3667 \n9 \n704 \n1158 \n2198 \n3117 \n3931 \n640 \n1053 \n1999 \n2835 \n3576 \n10 \n687 \n1129 \n2143 \n3040 \n3833 \n625 \n1027 \n1949 \n2765 \n3488 \n11 \n670 \n1101 \n2090 \n2964 \n3737 \n609 \n1001 \n1901 \n2697 \n3402 \n12 \n653 \n1074 \n2038 \n2890 \n3644 \n594 \n977 \n1854 \n2630 \n3317 \n13 \n637 \n1047 \n1988 \n2818 \n3553 \n579 \n952 \n1808 \n2565 \n3235 \n14 \n621 \n1021 \n1938 \n2748 \n3464 \n565 \n929 \n1763 \n2501 \n3154 \n15 \n606 \n996 \n1890 \n2679 \n3377 \n551 \n906 \n1720 \n2439 \n3075 \n16 \n591 \n971 \n1842 \n2612 \n3292 \n538 \n883 \n1677 \n2378 \n2999 \n17 \n576 \n947 \n1796 \n2547 \n3209 \n524 \n862 \n1635 \n2319 \n2924 \n18 \n562 \n923 \n1751 \n2483 \n3128 \n511 \n840 \n1595 \n2261 \n2851 \n19 \n548 \n900 \n1708 \n2420 \n3049 \n499 \n819 \n1555 \n2205 \n2779 \n20 \n534 \n877 \n1665 \n2359 \n2972 \n486 \n799 \n1516 \n2150 \n2710 \n21 \n521 \n855 \n1623 \n2299 \n2897 \n474 \n779 \n1478 \n2096 \n2642 \n22 \n508 \n834 \n1582 \n2241 \n2823 \n462 \n760 \n1442 \n2043 \n2575 \n23 \n495 \n813 \n1542 \n2184 \n2751 \n451 \n741 \n1405 \n1992 \n2510 \n24 \n482 \n792 \n1503 \n2129 \n2680 \n439 \n722 \n1370 \n1942 \n2447 \n25 \n470 \n772 \n1465 \n2074 \n2612 \n429 \n704 \n1336 \n1893 \n2385 \n26 \n458 \n753 \n1428 \n2021 \n2544 \n418 \n686 \n1302 \n1845 \n2324 \n27 \n447 \n734 \n1391 \n1969 \n2479 \n407 \n669 \n1269 \n1798 \n2265 \n28 \n435 \n715 \n1355 \n1919 \n2414 \n397 \n652 \n1237 \n1753 \n2207 \n29 \n424 \n697 \n1321 \n1869 \n2351 \n387 \n636 \n1206 \n1708 \n2150 \n30 \n413 \n679 \n1287 \n1821 \n2290 \n377 \n620 \n1175 \n1665 \n2095 \n31 \n403 \n662 \n1254 \n1773 \n2230 \n368 \n604 \n1145 \n1622 \n2041 \n32 \n392 \n645 \n1221 \n1727 \n2171 \n358 \n589 \n1116 \n1580 \n1988 \n33 \n382 \n628 \n1189 \n1682 \n2113 \n349 \n574 \n1088 \n1539 \n1937 \n34 \n373 \n612 \n1158 \n1637 \n2057 \n340 \n559 \n1060 \n1500 \n1886 \n35 \n363 \n596 \n1128 \n1594 \n2002 \n332 \n545 \n1032 \n1461 \n1837 \n36 \n353 \n580 \n1098 \n1552 \n1948 \n323 \n531 \n1006 \n1422 \n1788 \n37 \n344 \n565 \n1069 \n1510 \n1895 \n315 \n517 \n980 \n1385 \n1741 \n38 \n335 \n550 \n1041 \n1469 \n1843 \n307 \n504 \n954 \n1349 \n1694 \n39 \n326 \n536 \n1013 \n1429 \n1792 \n299 \n491 \n929 \n1313 \n1649 \n40 \n318 \n521 \n985 \n1390 \n1742 \n291 \n478 \n905 \n1278 \n1604 \n41 \n309 \n507 \n959 \n1352 \n1693 \n283 \n465 \n881 \n1244 \n1561 \n42 \n301 \n494 \n932 \n1314 \n1645 \n276 \n453 \n857 \n1210 \n1518 \n43 \n293 \n480 \n907 \n1277 \n1598 \n269 \n441 \n834 \n1177 \n1476 \n44 \n285 \n467 \n881 \n1241 \n1552 \n262 \n429 \n812 \n1145 \n1435 \n",
  "blocks": [
    {
      "bbox": [
        217.3699951171875,
        75.1689453125,
        383.4700012207031,
        85.72895050048828
      ],
      "max_font_size": 10.5600004196167,
      "text": "养老保险金开始领取年龄：65 周岁",
      "is_heading": false
    },
    {
      "bbox": [
        64.58399963378906,
        101.94891357421875,
        535.8599853515625,
        152.98431396484375
      ],
      "max_font_size": 10.5600004196167,
      "text": "单位：人民币元 性别 男性 女性 交费期间 年龄 3 年交 5 年交 10 年交 15 年交 20 年交 3 年交 5 年交 10 年交 15 年交 20 年交",
      "is_heading": false
    },
    {
      "bbox": [
        94.46399688720703,
        156.22433471679688,
        529.5,
        760.620361328125
      ],
      "max_font_size": 9.960000038146973,
      "text": "0 882 1449 2752 3905 4927 801 1317 2501 3549 4478 1 860 1414 2685 3809 4805 781 1285 2440 3462 4368 2 839 1379 2619 3715 4686 762 1253 2380 3377 4260 3 818 1345 2554 3624 4571 744 1222 2321 3294 4156 4 798 1312 2491 3534 4457 725 1192 2264 3213 4053 5 778 1280 2430 3446 4347 707 1163 2208 3134 3953 6 759 1248 2369 3361 4239 690 1134 2154 3056 3856 7 741 1217 2311 3278 4134 673 1106 2101 2981 3760 8 722 1187 2254 3197 4032 657 1079 2049 2907 3667 9 704 1158 2198 3117 3931 640 1053 1999 2835 3576 10 687 1129 2143 3040 3833 625 1027 1949 2765 3488 11 670 1101 2090 2964 3737 609 1001 1901 2697 3402 12 653 1074 2038 2890 3644 594 977 1854 2630 3317 13 637 1047 1988 2818 3553 579 952 1808 2565 3235 14 621 1021 1938 2748 3464 565 929 1763 2501 3154 15 606 996 1890 2679 3377 551 906 1720 2439 3075 16 591 971 1842 2612 3292 538 883 1677 2378 2999 17 576 947 1796 2547 3209 524 862 1635 2319 2924 18 562 923 1751 2483 3128 511 840 1595 2261 2851 19 548 900 1708 2420 3049 499 819 1555 2205 2779 20 534 877 1665 2359 2972 486 799 1516 2150 2710 21 521 855 1623 2299 2897 474 779 1478 2096 2642 22 508 834 1582 2241 2823 462 760 1442 2043 2575 23 495 813 1542 2184 2751 451 741 1405 1992 2510 24 482 792 1503 2129 2680 439 722 1370 1942 2447 25 470 772 1465 2074 2612 429 704 1336 1893 2385 26 458 753 1428 2021 2544 418 686 1302 1845 2324 27 447 734 1391 1969 2479 407 669 1269 1798 2265 28 435 715 1355 1919 2414 397 652 1237 1753 2207 29 424 697 1321 1869 2351 387 636 1206 1708 2150 30 413 679 1287 1821 2290 377 620 1175 1665 2095 31 403 662 1254 1773 2230 368 604 1145 1622 2041 32 392 645 1221 1727 2171 358 589 1116 1580 1988 33 382 628 1189 1682 2113 349 574 1088 1539 1937 34 373 612 1158 1637 2057 340 559 1060 1500 1886 35 363 596 1128 1594 2002 332 545 1032 1461 1837 36 353 580 1098 1552 1948 323 531 1006 1422 1788 37 344 565 1069 1510 1895 315 517 980 1385 1741 38 335 550 1041 1469 1843 307 504 954 1349 1694 39 326 536 1013 1429 1792 299 491 929 1313 1649 40 318 521 985 1390 1742 291 478 905 1278 1604 41 309 507 959 1352 1693 283 465 881 1244 1561 42 301 494 932 1314 1645 276 453 857 1210 1518 43 293 480 907 1277 1598 269 441 834 1177 1476 44 285 467 881 1241 1552 262 429 812 1145 1435",
      "is_heading": false
    }
  ]
}