{
  "page_no": 6,
  "width": 595.3200073242188,
  "height": 842.0399780273438,
  "text": " \n性别 \n男性 \n女性 \n交费期间 \n年龄 \n3 年交 5 年交 10 年交 15 年交 20 年交 3 年交 5 年交 10 年交 15 年交 20 年交 \n16 \n797 \n1310 \n2486 \n3524 \n4441 \n717 \n1179 \n2238 \n3173 \n4001 \n17 \n777 \n1277 \n2424 \n3435 \n4329 \n700 \n1150 \n2182 \n3094 \n3901 \n18 \n758 \n1245 \n2363 \n3349 \n4220 \n682 \n1121 \n2128 \n3017 \n3803 \n19 \n739 \n1214 \n2303 \n3265 \n4114 \n665 \n1093 \n2075 \n2942 \n3708 \n20 \n720 \n1184 \n2245 \n3182 \n4010 \n649 \n1066 \n2023 \n2868 \n3615 \n21 \n702 \n1154 \n2189 \n3102 \n3908 \n632 \n1039 \n1973 \n2796 \n3524 \n22 \n685 \n1125 \n2134 \n3024 \n3808 \n617 \n1014 \n1923 \n2726 \n3435 \n23 \n667 \n1097 \n2080 \n2947 \n3711 \n601 \n988 \n1875 \n2657 \n3348 \n24 \n651 \n1069 \n2028 \n2872 \n3616 \n586 \n963 \n1828 \n2590 \n3263 \n25 \n634 \n1042 \n1976 \n2798 \n3523 \n572 \n939 \n1782 \n2525 \n3180 \n26 \n618 \n1016 \n1926 \n2727 \n3433 \n557 \n916 \n1737 \n2461 \n3099 \n27 \n603 \n990 \n1877 \n2657 \n3345 \n543 \n893 \n1693 \n2399 \n3020 \n28 \n587 \n965 \n1828 \n2589 \n3258 \n530 \n870 \n1650 \n2337 \n2943 \n29 \n572 \n940 \n1782 \n2522 \n3173 \n516 \n848 \n1608 \n2278 \n2868 \n30 \n558 \n916 \n1736 \n2457 \n3090 \n503 \n827 \n1567 \n2220 \n2794 \n31 \n543 \n893 \n1691 \n2393 \n3009 \n490 \n806 \n1527 \n2163 \n2722 \n32 \n529 \n870 \n1648 \n2330 \n2930 \n478 \n785 \n1488 \n2107 \n2651 \n33 \n516 \n847 \n1605 \n2269 \n2853 \n466 \n765 \n1450 \n2053 \n2582 \n34 \n503 \n825 \n1563 \n2210 \n2776 \n454 \n746 \n1413 \n1999 \n2515 \n35 \n490 \n804 \n1522 \n2151 \n2702 \n442 \n727 \n1377 \n1948 \n2449 \n36 \n477 \n783 \n1482 \n2094 \n2629 \n431 \n708 \n1341 \n1897 \n2384 \n37 \n464 \n762 \n1443 \n2038 \n2558 \n420 \n690 \n1306 \n1847 \n2321 \n38 \n452 \n742 \n1404 \n1983 \n2489 \n409 \n672 \n1272 \n1798 \n2259 \n39 \n440 \n723 \n1367 \n1930 \n2420 \n398 \n654 \n1239 \n1751 \n2199 \n40 \n429 \n704 \n1330 \n1877 \n2353 \n388 \n637 \n1206 \n1704 \n2139 \n41 \n417 \n685 \n1294 \n1825 \n2288 \n378 \n621 \n1174 \n1659 \n2081 \n42 \n406 \n666 \n1259 \n1775 \n2224 \n368 \n604 \n1143 \n1614 \n2025 \n43 \n395 \n648 \n1224 \n1725 \n2160 \n358 \n588 \n1112 \n1570 \n1969 \n44 \n384 \n631 \n1190 \n1677 \n2098 \n349 \n573 \n1082 \n1527 \n1914 \n45 \n374 \n613 \n1157 \n1629 \n2037 \n340 \n557 \n1053 \n1485 \n1860 \n46 \n364 \n596 \n1125 \n1582 \n1978 \n330 \n542 \n1024 \n1444 \n1808 \n47 \n353 \n580 \n1093 \n1537 \n1919 \n321 \n528 \n996 \n1403 \n1756 \n48 \n344 \n564 \n1061 \n1492 \n1861 \n313 \n513 \n968 \n1364 \n1705 \n49 \n334 \n548 \n1031 \n1447 \n1804 \n304 \n499 \n941 \n1324 \n1655 \n50 \n324 \n532 \n1001 \n1404 \n1748 \n296 \n485 \n915 \n1286 \n1605 \n51 \n315 \n516 \n971 \n1361 \n \n287 \n472 \n888 \n1249 \n \n52 \n306 \n501 \n941 \n1318 \n \n279 \n458 \n863 \n1211 \n \n53 \n297 \n486 \n913 \n1276 \n \n272 \n445 \n837 \n1175 \n \n54 \n288 \n472 \n884 \n1235 \n \n264 \n432 \n812 \n1138 \n \n55 \n279 \n457 \n856 \n1194 \n \n256 \n420 \n788 \n1103 \n \n56 \n271 \n443 \n828 \n \n \n248 \n407 \n764 \n \n \n57 \n262 \n429 \n801 \n \n \n241 \n395 \n740 \n \n \n58 \n254 \n415 \n773 \n \n \n234 \n383 \n716 \n \n \n59 \n245 \n401 \n746 \n \n \n226 \n371 \n692 \n \n \n60 \n237 \n388 \n719 \n \n \n219 \n359 \n669 \n \n \n61 \n229 \n374 \n \n \n \n212 \n347 \n \n \n \n62 \n221 \n360 \n \n \n \n205 \n335 \n \n \n \n63 \n213 \n347 \n \n \n \n198 \n324 \n \n \n \n",
  "blocks": [
    {
      "bbox": [
        64.58399963378906,
        75.6843490600586,
        535.8599853515625,
        112.184326171875
      ],
      "max_font_size": 9.960000038146973,
      "text": "性别 男性 女性 交费期间 年龄 3 年交 5 年交 10 年交 15 年交 20 年交 3 年交 5 年交 10 年交 15 年交 20 年交",
      "is_heading": false
    },
    {
      "bbox": [
        94.46399688720703,
        115.6643295288086,
        529.5,
        758.7003173828125
      ],
      "max_font_size": 9.960000038146973,
      "text": "16 797 1310 2486 3524 4441 717 1179 2238 3173 4001 17 777 1277 2424 3435 4329 700 1150 2182 3094 3901 18 758 1245 2363 3349 4220 682 1121 2128 3017 3803 19 739 1214 2303 3265 4114 665 1093 2075 2942 3708 20 720 1184 2245 3182 4010 649 1066 2023 2868 3615 21 702 1154 2189 3102 3908 632 1039 1973 2796 3524 22 685 1125 2134 3024 3808 617 1014 1923 2726 3435 23 667 1097 2080 2947 3711 601 988 1875 2657 3348 24 651 1069 2028 2872 3616 586 963 1828 2590 3263 25 634 1042 1976 2798 3523 572 939 1782 2525 3180 26 618 1016 1926 2727 3433 557 916 1737 2461 3099 27 603 990 1877 2657 3345 543 893 1693 2399 3020 28 587 965 1828 2589 3258 530 870 1650 2337 2943 29 572 940 1782 2522 3173 516 848 1608 2278 2868 30 558 916 1736 2457 3090 503 827 1567 2220 2794 31 543 893 1691 2393 3009 490 806 1527 2163 2722 32 529 870 1648 2330 2930 478 785 1488 2107 2651 33 516 847 1605 2269 2853 466 765 1450 2053 2582 34 503 825 1563 2210 2776 454 746 1413 1999 2515 35 490 804 1522 2151 2702 442 727 1377 1948 2449 36 477 783 1482 2094 2629 431 708 1341 1897 2384 37 464 762 1443 2038 2558 420 690 1306 1847 2321 38 452 742 1404 1983 2489 409 672 1272 1798 2259 39 440 723 1367 1930 2420 398 654 1239 1751 2199 40 429 704 1330 1877 2353 388 637 1206 1704 2139 41 417 685 1294 1825 2288 378 621 1174 1659 2081 42 406 666 1259 1775 2224 368 604 1143 1614 2025 43 395 648 1224 1725 2160 358 588 1112 1570 1969 44 384 631 1190 1677 2098 349 573 1082 1527 1914 45 374 613 1157 1629 2037 340 557 1053 1485 1860 46 364 596 1125 1582 1978 330 542 1024 1444 1808 47 353 580 1093 1537 1919 321 528 996 1403 1756 48 344 564 1061 1492 1861 313 513 968 1364 1705 49 334 548 1031 1447 1804 304 499 941 1324 1655 50 324 532 1001 1404 1748 296 485 915 1286 1605 51 315 516 971 1361  287 472 888 1249  52 306 501 941 1318  279 458 863 1211  53 297 486 913 1276  272 445 837 1175  54 288 472 884 1235  264 432 812 1138  55 279 457 856 1194  256 420 788 1103  56 271 443 828   248 407 764   57 262 429 801   241 395 740   58 254 415 773   234 383 716   59 245 401 746   226 371 692   60 237 388 719   219 359 669   61 229 374    212 347    62 221 360    205 335    63 213 347    198 324",
      "is_heading": false
    }
  ]
}