{
  "page_no": 5,
  "width": 595.3200073242188,
  "height": 842.0399780273438,
  "text": " \n性别 \n男性 \n女性 \n交费期间 \n年龄 \n3 年交 5 年交 10 年交 15 年交 20 年交 3 年交 5 年交 10 年交 15 年交 20 年交 \n45 \n277 \n454 \n857 \n1205 \n1506 \n255 \n418 \n790 \n1113 \n1394 \n46 \n269 \n442 \n833 \n1170 \n \n248 \n407 \n768 \n1082 \n \n47 \n262 \n429 \n809 \n1136 \n \n241 \n396 \n747 \n1052 \n \n48 \n254 \n417 \n785 \n1102 \n \n235 \n385 \n726 \n1022 \n \n49 \n247 \n405 \n762 \n1069 \n \n228 \n374 \n706 \n992 \n \n50 \n240 \n393 \n739 \n1036 \n \n222 \n364 \n685 \n963 \n \n51 \n233 \n382 \n717 \n \n \n216 \n354 \n666 \n \n \n52 \n226 \n370 \n695 \n \n \n209 \n343 \n646 \n \n \n53 \n219 \n359 \n673 \n \n \n203 \n334 \n627 \n \n \n54 \n213 \n348 \n651 \n \n \n198 \n324 \n608 \n \n \n55 \n206 \n337 \n630 \n \n \n192 \n314 \n589 \n \n \n56 \n200 \n326 \n \n \n \n186 \n305 \n \n \n \n57 \n193 \n316 \n \n \n \n180 \n295 \n \n \n \n58 \n187 \n305 \n \n \n \n175 \n286 \n \n \n \n59 \n180 \n294 \n \n \n \n169 \n277 \n \n \n \n60 \n174 \n284 \n \n \n \n164 \n268 \n \n \n \n61 \n167 \n \n \n \n \n158 \n \n \n \n \n62 \n161 \n \n \n \n \n153 \n \n \n \n \n注：半年交保险费=年交保险费*0.505，季交保险费=年交保险费*0.255，月交保险费=年交保险\n费*0.085。 \n \n \n \n养老保险金开始领取年龄：70 周岁 \n单位：人民币元 \n性别 \n男性 \n女性 \n交费期间 \n年龄 \n3 年交 5 年交 10 年交 15 年交 20 年交 3 年交 5 年交 10 年交 15 年交 20 年交 \n0 \n1190 \n1955 \n3713 \n5269 \n6648 \n1069 \n1758 \n3338 \n4737 \n5977 \n1 \n1160 \n1907 \n3622 \n5140 \n6484 \n1043 \n1715 \n3256 \n4621 \n5829 \n2 \n1132 \n1860 \n3533 \n5013 \n6323 \n1018 \n1673 \n3176 \n4507 \n5686 \n3 \n1104 \n1815 \n3446 \n4889 \n6166 \n993 \n1631 \n3098 \n4396 \n5546 \n4 \n1077 \n1770 \n3361 \n4768 \n6014 \n968 \n1591 \n3022 \n4288 \n5409 \n5 \n1050 \n1726 \n3278 \n4650 \n5864 \n944 \n1552 \n2947 \n4182 \n5276 \n6 \n1024 \n1684 \n3197 \n4535 \n5719 \n921 \n1514 \n2875 \n4079 \n5145 \n7 \n999 \n1642 \n3118 \n4422 \n5577 \n898 \n1477 \n2804 \n3978 \n5018 \n8 \n974 \n1602 \n3040 \n4312 \n5439 \n876 \n1440 \n2735 \n3880 \n4894 \n9 \n950 \n1562 \n2965 \n4205 \n5303 \n855 \n1405 \n2667 \n3784 \n4773 \n10 \n927 \n1523 \n2891 \n4101 \n5172 \n834 \n1370 \n2601 \n3691 \n4654 \n11 \n904 \n1485 \n2820 \n3999 \n5043 \n813 \n1336 \n2537 \n3599 \n4539 \n12 \n881 \n1449 \n2750 \n3900 \n4917 \n793 \n1303 \n2474 \n3510 \n4426 \n13 \n860 \n1413 \n2681 \n3803 \n4793 \n773 \n1271 \n2413 \n3422 \n4316 \n14 \n838 \n1378 \n2615 \n3708 \n4673 \n754 \n1240 \n2353 \n3337 \n4208 \n15 \n817 \n1343 \n2550 \n3615 \n4556 \n736 \n1209 \n2295 \n3254 \n4104 \n",
  "blocks": [
    {
      "bbox": [
        64.58399963378906,
        76.0443344116211,
        535.8599853515625,
        112.5443115234375
      ],
      "max_font_size": 9.960000038146973,
      "text": "性别 男性 女性 交费期间 年龄 3 年交 5 年交 10 年交 15 年交 20 年交 3 年交 5 年交 10 年交 15 年交 20 年交",
      "is_heading": false
    },
    {
      "bbox": [
        94.46399688720703,
        115.7843246459961,
        529.5,
        355.5743408203125
      ],
      "max_font_size": 9.960000038146973,
      "text": "45 277 454 857 1205 1506 255 418 790 1113 1394 46 269 442 833 1170  248 407 768 1082  47 262 429 809 1136  241 396 747 1052  48 254 417 785 1102  235 385 726 1022  49 247 405 762 1069  228 374 706 992  50 240 393 739 1036  222 364 685 963  51 233 382 717   216 354 666   52 226 370 695   209 343 646   53 219 359 673   203 334 627   54 213 348 651   198 324 608   55 206 337 630   192 314 589   56 200 326    186 305    57 193 316    180 295    58 187 305    175 286    59 180 294    169 277    60 174 284    164 268    61 167     158     62 161     153",
      "is_heading": false
    },
    {
      "bbox": [
        79.46399688720703,
        365.1389465332031,
        516.223876953125,
        375.6989440917969
      ],
      "max_font_size": 10.5600004196167,
      "text": "注：半年交保险费=年交保险费*0.505，季交保险费=年交保险费*0.255，月交保险费=年交保险",
      "is_heading": false
    },
    {
      "bbox": [
        79.46399688720703,
        385.0589294433594,
        137.3000030517578,
        395.6189270019531
      ],
      "max_font_size": 10.5600004196167,
      "text": "费*0.085。",
      "is_heading": false
    },
    {
      "bbox": [
        217.3699951171875,
        465.1189270019531,
        383.4700012207031,
        475.6789245605469
      ],
      "max_font_size": 10.5600004196167,
      "text": "养老保险金开始领取年龄：70 周岁",
      "is_heading": false
    },
    {
      "bbox": [
        64.58399963378906,
        485.158935546875,
        535.8599853515625,
        535.7142944335938
      ],
      "max_font_size": 10.5600004196167,
      "text": "单位：人民币元 性别 男性 女性 交费期间 年龄 3 年交 5 年交 10 年交 15 年交 20 年交 3 年交 5 年交 10 年交 15 年交 20 年交",
      "is_heading": false
    },
    {
      "bbox": [
        94.46399688720703,
        539.1943359375,
        529.5,
        751.2603149414062
      ],
      "max_font_size": 9.960000038146973,
      "text": "0 1190 1955 3713 5269 6648 1069 1758 3338 4737 5977 1 1160 1907 3622 5140 6484 1043 1715 3256 4621 5829 2 1132 1860 3533 5013 6323 1018 1673 3176 4507 5686 3 1104 1815 3446 4889 6166 993 1631 3098 4396 5546 4 1077 1770 3361 4768 6014 968 1591 3022 4288 5409 5 1050 1726 3278 4650 5864 944 1552 2947 4182 5276 6 1024 1684 3197 4535 5719 921 1514 2875 4079 5145 7 999 1642 3118 4422 5577 898 1477 2804 3978 5018 8 974 1602 3040 4312 5439 876 1440 2735 3880 4894 9 950 1562 2965 4205 5303 855 1405 2667 3784 4773 10 927 1523 2891 4101 5172 834 1370 2601 3691 4654 11 904 1485 2820 3999 5043 813 1336 2537 3599 4539 12 881 1449 2750 3900 4917 793 1303 2474 3510 4426 13 860 1413 2681 3803 4793 773 1271 2413 3422 4316 14 838 1378 2615 3708 4673 754 1240 2353 3337 4208 15 817 1343 2550 3615 4556 736 1209 2295 3254 4104",
      "is_heading": false
    }
  ]
}