{
  "page_no": 3,
  "width": 595.3200073242188,
  "height": 842.0399780273438,
  "text": " \n性别 \n男性 \n女性 \n交费期间 \n年龄 \n3 年交 5 年交 10 年交 15 年交 20 年交 3 年交 5 年交 10 年交 15 年交 20 年交 \n19 \n417 \n685 \n1300 \n1843 \n2322 \n384 \n631 \n1198 \n1699 \n2141 \n20 \n407 \n668 \n1268 \n1796 \n2263 \n374 \n615 \n1168 \n1656 \n2088 \n21 \n396 \n651 \n1236 \n1751 \n2206 \n365 \n600 \n1139 \n1615 \n2035 \n22 \n386 \n635 \n1205 \n1707 \n2150 \n356 \n585 \n1110 \n1574 \n1984 \n23 \n377 \n619 \n1174 \n1664 \n2095 \n347 \n571 \n1083 \n1535 \n1934 \n24 \n367 \n603 \n1144 \n1621 \n2041 \n339 \n556 \n1056 \n1496 \n1885 \n25 \n358 \n588 \n1115 \n1580 \n1989 \n330 \n542 \n1029 \n1459 \n1838 \n26 \n349 \n573 \n1087 \n1539 \n1938 \n322 \n529 \n1003 \n1422 \n1791 \n27 \n340 \n559 \n1059 \n1500 \n1888 \n314 \n516 \n978 \n1386 \n1745 \n28 \n332 \n545 \n1032 \n1461 \n1839 \n306 \n503 \n953 \n1351 \n1701 \n29 \n323 \n531 \n1006 \n1424 \n1791 \n298 \n490 \n929 \n1316 \n1658 \n30 \n315 \n517 \n980 \n1387 \n1744 \n291 \n478 \n906 \n1283 \n1615 \n31 \n307 \n504 \n955 \n1351 \n1698 \n283 \n466 \n883 \n1250 \n1573 \n32 \n299 \n491 \n930 \n1315 \n1653 \n276 \n454 \n860 \n1218 \n1533 \n33 \n291 \n478 \n906 \n1281 \n1609 \n269 \n442 \n838 \n1187 \n1493 \n34 \n284 \n466 \n882 \n1247 \n1566 \n262 \n431 \n817 \n1156 \n1454 \n35 \n276 \n454 \n859 \n1214 \n1524 \n256 \n420 \n796 \n1126 \n1416 \n36 \n269 \n442 \n836 \n1181 \n1483 \n249 \n409 \n775 \n1097 \n1378 \n37 \n262 \n430 \n814 \n1150 \n1442 \n243 \n399 \n755 \n1068 \n1342 \n38 \n255 \n419 \n792 \n1118 \n1403 \n236 \n388 \n735 \n1040 \n1306 \n39 \n248 \n408 \n771 \n1088 \n1364 \n230 \n378 \n716 \n1012 \n1271 \n40 \n242 \n397 \n750 \n1058 \n1326 \n224 \n368 \n697 \n985 \n1237 \n41 \n235 \n386 \n730 \n1029 \n \n218 \n359 \n679 \n959 \n \n42 \n229 \n376 \n710 \n1000 \n \n213 \n349 \n661 \n933 \n \n43 \n223 \n366 \n690 \n971 \n \n207 \n340 \n643 \n907 \n \n44 \n217 \n356 \n671 \n944 \n \n202 \n331 \n626 \n882 \n \n45 \n211 \n346 \n652 \n916 \n \n196 \n322 \n609 \n858 \n \n46 \n205 \n336 \n633 \n \n \n191 \n313 \n592 \n \n \n47 \n199 \n327 \n615 \n \n \n186 \n305 \n575 \n \n \n48 \n193 \n317 \n597 \n \n \n181 \n297 \n559 \n \n \n49 \n188 \n308 \n579 \n \n \n176 \n288 \n543 \n \n \n50 \n182 \n299 \n561 \n \n \n171 \n280 \n528 \n \n \n51 \n177 \n290 \n \n \n \n166 \n272 \n \n \n \n52 \n172 \n281 \n \n \n \n161 \n264 \n \n \n \n53 \n166 \n273 \n \n \n \n157 \n257 \n \n \n \n54 \n161 \n264 \n \n \n \n152 \n249 \n \n \n \n55 \n156 \n255 \n \n \n \n147 \n242 \n \n \n \n56 \n151 \n \n \n \n \n143 \n \n \n \n \n57 \n146 \n \n \n \n \n138 \n \n \n \n \n注：半年交保险费=年交保险费*0.505，季交保险费=年交保险费*0.255，月交保险费=年交保险\n费*0.085。 \n \n \n \n \n",
  "blocks": [
    {
      "bbox": [
        64.58399963378906,
        75.6843490600586,
        535.8599853515625,
        112.184326171875
      ],
      "max_font_size": 9.960000038146973,
      "text": "性别 男性 女性 交费期间 年龄 3 年交 5 年交 10 年交 15 年交 20 年交 3 年交 5 年交 10 年交 15 年交 20 年交",
      "is_heading": false
    },
    {
      "bbox": [
        94.46399688720703,
        115.6643295288086,
        529.5,
        639.0343627929688
      ],
      "max_font_size": 9.960000038146973,
      "text": "19 417 685 1300 1843 2322 384 631 1198 1699 2141 20 407 668 1268 1796 2263 374 615 1168 1656 2088 21 396 651 1236 1751 2206 365 600 1139 1615 2035 22 386 635 1205 1707 2150 356 585 1110 1574 1984 23 377 619 1174 1664 2095 347 571 1083 1535 1934 24 367 603 1144 1621 2041 339 556 1056 1496 1885 25 358 588 1115 1580 1989 330 542 1029 1459 1838 26 349 573 1087 1539 1938 322 529 1003 1422 1791 27 340 559 1059 1500 1888 314 516 978 1386 1745 28 332 545 1032 1461 1839 306 503 953 1351 1701 29 323 531 1006 1424 1791 298 490 929 1316 1658 30 315 517 980 1387 1744 291 478 906 1283 1615 31 307 504 955 1351 1698 283 466 883 1250 1573 32 299 491 930 1315 1653 276 454 860 1218 1533 33 291 478 906 1281 1609 269 442 838 1187 1493 34 284 466 882 1247 1566 262 431 817 1156 1454 35 276 454 859 1214 1524 256 420 796 1126 1416 36 269 442 836 1181 1483 249 409 775 1097 1378 37 262 430 814 1150 1442 243 399 755 1068 1342 38 255 419 792 1118 1403 236 388 735 1040 1306 39 248 408 771 1088 1364 230 378 716 1012 1271 40 242 397 750 1058 1326 224 368 697 985 1237 41 235 386 730 1029  218 359 679 959  42 229 376 710 1000  213 349 661 933  43 223 366 690 971  207 340 643 907  44 217 356 671 944  202 331 626 882  45 211 346 652 916  196 322 609 858  46 205 336 633   191 313 592   47 199 327 615   186 305 575   48 193 317 597   181 297 559   49 188 308 579   176 288 543   50 182 299 561   171 280 528   51 177 290    166 272    52 172 281    161 264    53 166 273    157 257    54 161 264    152 249    55 156 255    147 242    56 151     143     57 146     138",
      "is_heading": false
    },
    {
      "bbox": [
        79.46399688720703,
        648.5089111328125,
        516.223876953125,
        659.0689086914062
      ],
      "max_font_size": 10.5600004196167,
      "text": "注：半年交保险费=年交保险费*0.505，季交保险费=年交保险费*0.255，月交保险费=年交保险",
      "is_heading": false
    },
    {
      "bbox": [
        79.46399688720703,
        668.5489501953125,
        137.3000030517578,
        679.1089477539062
      ],
      "max_font_size": 10.5600004196167,
      "text": "费*0.085。",
      "is_heading": false
    }
  ]
}