{
  "page_no": 1,
  "width": 595.3200073242188,
  "height": 842.0399780273438,
  "text": " \n利安人寿保险股份有限公司 \n利安金玉满堂年金保险（分红型） \n基本保险金额表 \n (每1000 元年交保险费) \n单位：人民币元 \n年龄 \n男性 \n女性 \n3 年交 \n5 年交 \n10 年交 \n15 年交 \n20 年交 \n3 年交 \n5 年交 \n10 年交 \n15 年交 \n20 年交 \n0 \n33 \n51 \n87 \n194 \n289 \n33 \n52 \n88 \n196 \n292 \n1 \n33 \n51 \n86 \n194 \n289 \n33 \n52 \n88 \n196 \n292 \n2 \n32 \n51 \n86 \n193 \n290 \n33 \n51 \n87 \n196 \n293 \n3 \n32 \n50 \n85 \n193 \n290 \n33 \n51 \n87 \n195 \n293 \n4 \n32 \n50 \n85 \n193 \n290 \n33 \n51 \n86 \n195 \n293 \n5 \n32 \n50 \n84 \n193 \n290 \n33 \n51 \n86 \n195 \n293 \n6 \n32 \n50 \n83 \n192 \n290 \n32 \n51 \n85 \n195 \n293 \n7 \n32 \n49 \n83 \n192 \n290 \n32 \n50 \n85 \n195 \n293 \n8 \n32 \n49 \n82 \n192 \n290 \n32 \n50 \n84 \n194 \n293 \n9 \n31 \n49 \n82 \n191 \n290 \n32 \n50 \n84 \n194 \n293 \n10 \n31 \n49 \n81 \n191 \n290 \n32 \n50 \n83 \n194 \n293 \n11 \n31 \n48 \n80 \n191 \n290 \n32 \n49 \n82 \n194 \n293 \n12 \n31 \n48 \n80 \n191 \n290 \n31 \n49 \n82 \n193 \n293 \n13 \n31 \n48 \n79 \n190 \n290 \n31 \n49 \n81 \n193 \n294 \n14 \n31 \n47 \n78 \n190 \n290 \n31 \n48 \n80 \n193 \n294 \n15 \n30 \n47 \n77 \n190 \n290 \n31 \n48 \n80 \n193 \n294 \n16 \n30 \n47 \n77 \n189 \n290 \n31 \n48 \n79 \n192 \n294 \n17 \n30 \n46 \n76 \n189 \n290 \n31 \n47 \n78 \n192 \n294 \n18 \n30 \n46 \n75 \n189 \n290 \n30 \n47 \n77 \n192 \n294 \n19 \n29 \n45 \n74 \n188 \n290 \n30 \n47 \n77 \n192 \n294 \n20 \n29 \n45 \n73 \n188 \n290 \n30 \n46 \n76 \n191 \n295 \n21 \n29 \n45 \n72 \n187 \n290 \n30 \n46 \n75 \n191 \n295 \n22 \n29 \n44 \n71 \n187 \n290 \n29 \n45 \n74 \n191 \n295 \n23 \n28 \n44 \n70 \n187 \n291 \n29 \n45 \n73 \n190 \n295 \n24 \n28 \n43 \n69 \n186 \n291 \n29 \n45 \n72 \n190 \n295 \n25 \n28 \n43 \n68 \n186 \n291 \n29 \n44 \n71 \n190 \n296 \n26 \n28 \n42 \n67 \n185 \n291 \n28 \n44 \n70 \n189 \n296 \n27 \n27 \n42 \n66 \n185 \n291 \n28 \n43 \n69 \n189 \n296 \n28 \n27 \n41 \n65 \n184 \n291 \n28 \n43 \n68 \n188 \n296 \n29 \n27 \n41 \n64 \n184 \n292 \n28 \n42 \n67 \n188 \n296 \n30 \n26 \n40 \n62 \n184 \n292 \n27 \n42 \n66 \n188 \n297 \n31 \n26 \n40 \n61 \n183 \n292 \n27 \n41 \n64 \n187 \n297 \n32 \n26 \n39 \n60 \n183 \n292 \n27 \n41 \n63 \n187 \n297 \n33 \n25 \n38 \n59 \n182 \n293 \n26 \n40 \n62 \n186 \n298 \n34 \n25 \n38 \n57 \n182 \n293 \n26 \n39 \n61 \n186 \n298 \n35 \n25 \n37 \n56 \n181 \n293 \n26 \n39 \n59 \n185 \n298 \n36 \n24 \n36 \n54 \n181 \n294 \n25 \n38 \n58 \n185 \n299 \n37 \n24 \n36 \n53 \n180 \n294 \n25 \n37 \n56 \n184 \n299 \n38 \n24 \n35 \n51 \n180 \n295 \n24 \n37 \n55 \n184 \n300 \n39 \n23 \n34 \n50 \n179 \n295 \n24 \n36 \n53 \n183 \n300 \n40 \n23 \n34 \n48 \n179 \n296 \n24 \n35 \n51 \n183 \n301 \n",
  "blocks": [
    {
      "bbox": [
        189.2899932861328,
        79.9579849243164,
        415.29998779296875,
        97.9579849243164
      ],
      "max_font_size": 18.0,
      "text": "利安人寿保险股份有限公司",
      "is_heading": false
    },
    {
      "bbox": [
        192.2899932861328,
        104.4796142578125,
        410.1999816894531,
        118.51961517333984
      ],
      "max_font_size": 14.039999961853027,
      "text": "利安金玉满堂年金保险（分红型）",
      "is_heading": false
    },
    {
      "bbox": [
        248.57000732421875,
        124.51959228515625,
        354.0099792480469,
        138.55960083007812
      ],
      "max_font_size": 14.039999961853027,
      "text": "基本保险金额表",
      "is_heading": false
    },
    {
      "bbox": [
        239.92999267578125,
        148.5089111328125,
        360.7900085449219,
        159.06890869140625
      ],
      "max_font_size": 10.5600004196167,
      "text": "(每1000 元年交保险费)",
      "is_heading": false
    },
    {
      "bbox": [
        442.5400085449219,
        168.5489501953125,
        521.4000244140625,
        179.10894775390625
      ],
      "max_font_size": 10.5600004196167,
      "text": "单位：人民币元",
      "is_heading": false
    },
    {
      "bbox": [
        45.47999954223633,
        182.74435424804688,
        556.97998046875,
        758.4603271484375
      ],
      "max_font_size": 9.960000038146973,
      "text": "年龄 男性 女性 3 年交 5 年交 10 年交 15 年交 20 年交 3 年交 5 年交 10 年交 15 年交 20 年交 0 33 51 87 194 289 33 52 88 196 292 1 33 51 86 194 289 33 52 88 196 292 2 32 51 86 193 290 33 51 87 196 293 3 32 50 85 193 290 33 51 87 195 293 4 32 50 85 193 290 33 51 86 195 293 5 32 50 84 193 290 33 51 86 195 293 6 32 50 83 192 290 32 51 85 195 293 7 32 49 83 192 290 32 50 85 195 293 8 32 49 82 192 290 32 50 84 194 293 9 31 49 82 191 290 32 50 84 194 293 10 31 49 81 191 290 32 50 83 194 293 11 31 48 80 191 290 32 49 82 194 293 12 31 48 80 191 290 31 49 82 193 293 13 31 48 79 190 290 31 49 81 193 294 14 31 47 78 190 290 31 48 80 193 294 15 30 47 77 190 290 31 48 80 193 294 16 30 47 77 189 290 31 48 79 192 294 17 30 46 76 189 290 31 47 78 192 294 18 30 46 75 189 290 30 47 77 192 294 19 29 45 74 188 290 30 47 77 192 294 20 29 45 73 188 290 30 46 76 191 295 21 29 45 72 187 290 30 46 75 191 295 22 29 44 71 187 290 29 45 74 191 295 23 28 44 70 187 291 29 45 73 190 295 24 28 43 69 186 291 29 45 72 190 295 25 28 43 68 186 291 29 44 71 190 296 26 28 42 67 185 291 28 44 70 189 296 27 27 42 66 185 291 28 43 69 189 296 28 27 41 65 184 291 28 43 68 188 296 29 27 41 64 184 292 28 42 67 188 296 30 26 40 62 184 292 27 42 66 188 297 31 26 40 61 183 292 27 41 64 187 297 32 26 39 60 183 292 27 41 63 187 297 33 25 38 59 182 293 26 40 62 186 298 34 25 38 57 182 293 26 39 61 186 298 35 25 37 56 181 293 26 39 59 185 298 36 24 36 54 181 294 25 38 58 185 299 37 24 36 53 180 294 25 37 56 184 299 38 24 35 51 180 295 24 37 55 184 300 39 23 34 50 179 295 24 36 53 183 300 40 23 34 48 179 296 24 35 51 183 301",
      "is_heading": false
    }
  ]
}