{
  "page_no": 2,
  "width": 595.3200073242188,
  "height": 841.9199829101562,
  "text": "35 \n934 \n938 \n2740 \n2752 \n4480 \n4499 \n8466 \n8505 \n11927 \n11988 \n15054 \n15137 \n36 \n934 \n938 \n2740 \n2752 \n4479 \n4498 \n8462 \n8503 \n11919 \n11985 \n15043 \n15132 \n37 \n934 \n938 \n2739 \n2751 \n4477 \n4498 \n8458 \n8501 \n11911 \n11981 \n15034 \n15128 \n38 \n933 \n938 \n2738 \n2751 \n4475 \n4497 \n8452 \n8498 \n11902 \n11977 \n15027 \n15124 \n39 \n933 \n937 \n2737 \n2750 \n4473 \n4496 \n8446 \n8495 \n11893 \n11972 \n15022 \n15121 \n40 \n933 \n937 \n2735 \n2749 \n4470 \n4494 \n8440 \n8492 \n11886 \n11969 \n15019 \n15119 \n41 \n932 \n937 \n2733 \n2749 \n4467 \n4493 \n8433 \n8489 \n11880 \n11966 \n15018 \n15119 \n42 \n931 \n937 \n2731 \n2748 \n4463 \n4491 \n8427 \n8486 \n11876 \n11964 \n15020 \n15120 \n43 \n931 \n936 \n2729 \n2746 \n4459 \n4489 \n8422 \n8483 \n11874 \n11962 \n15022 \n15121 \n44 \n930 \n936 \n2726 \n2745 \n4455 \n4487 \n8418 \n8481 \n11873 \n11962 \n15024 \n15122 \n45 \n929 \n936 \n2724 \n2744 \n4452 \n4486 \n8415 \n8480 \n11874 \n11962 \n15025 \n15122 \n46 \n928 \n935 \n2722 \n2743 \n4450 \n4485 \n8414 \n8479 \n11875 \n11963 \n15026 \n15123 \n47 \n928 \n935 \n2721 \n2742 \n4448 \n4484 \n8414 \n8479 \n11877 \n11963 \n15026 \n15123 \n48 \n927 \n935 \n2720 \n2742 \n4447 \n4483 \n8414 \n8479 \n11878 \n11964 \n15026 \n15123 \n49 \n927 \n934 \n2719 \n2742 \n4447 \n4483 \n8415 \n8479 \n11879 \n11964 \n15026 \n15122 \n50 \n927 \n934 \n2719 \n2741 \n4447 \n4483 \n8416 \n8479 \n11879 \n11963 \n15024 \n15121 \n51 \n927 \n934 \n2719 \n2741 \n4447 \n4483 \n8417 \n8480 \n11878 \n11962 \n15022 \n15119 \n52 \n927 \n934 \n2719 \n2741 \n4447 \n4483 \n8419 \n8480 \n11877 \n11961 \n15018 \n15116 \n53 \n927 \n934 \n2719 \n2741 \n4448 \n4483 \n8420 \n8481 \n11875 \n11958 \n15013 \n15112 \n54 \n927 \n934 \n2719 \n2741 \n4448 \n4483 \n8421 \n8480 \n11871 \n11955 \n15006 \n15107 \n55 \n927 \n934 \n2719 \n2741 \n4449 \n4483 \n8420 \n8479 \n11865 \n11950 \n14996 \n15100 \n56 \n927 \n934 \n2720 \n2741 \n4450 \n4483 \n8418 \n8477 \n11857 \n11944 \n \n \n57 \n927 \n934 \n2721 \n2741 \n4452 \n4483 \n8415 \n8474 \n11846 \n11936 \n \n \n58 \n927 \n934 \n2721 \n2741 \n4452 \n4483 \n8410 \n8469 \n11831 \n11926 \n \n \n59 \n927 \n934 \n2722 \n2741 \n4451 \n4482 \n8402 \n8464 \n11810 \n11914 \n \n \n60 \n928 \n934 \n2722 \n2741 \n4449 \n4479 \n8391 \n8456 \n11782 \n11897 \n \n \n61 \n928 \n934 \n2720 \n2739 \n4444 \n4476 \n8375 \n8446 \n \n \n \n \n62 \n927 \n933 \n2716 \n2736 \n4437 \n4471 \n8353 \n8433 \n \n \n \n \n63 \n926 \n933 \n2711 \n2733 \n4428 \n4465 \n8326 \n8418 \n \n \n \n \n64 \n924 \n931 \n2705 \n2729 \n4416 \n4459 \n8291 \n8399 \n \n \n \n \n65 \n922 \n930 \n2698 \n2725 \n4402 \n4450 \n8246 \n8375 \n \n \n \n \n66 \n919 \n929 \n2688 \n2719 \n4383 \n4440 \n \n \n \n \n \n \n67 \n916 \n927 \n2676 \n2713 \n4359 \n4427 \n \n \n \n \n \n \n68 \n912 \n924 \n2660 \n2705 \n4327 \n4412 \n \n \n \n \n \n \n69 \n906 \n921 \n2638 \n2694 \n4284 \n4392 \n \n \n \n \n \n \n70 \n898 \n918 \n2610 \n2682 \n4227 \n4368 \n \n \n \n \n \n \n71 \n888 \n914 \n \n \n \n \n \n \n \n \n \n \n72 \n875 \n908 \n \n \n \n \n \n \n \n \n \n \n73 \n855 \n901 \n \n \n \n \n \n \n \n \n \n \n74 \n825 \n892 \n \n \n \n \n \n \n \n \n \n \n75 \n764 \n880 \n \n \n \n \n \n \n \n \n \n \n注：半年交保险费=年交保险费*0.52，季交保险费=年交保险费*0.27，月交保险费=年交保\n险费*0.09。 \n \n \n",
  "blocks": [
    {
      "bbox": [
        49.91999816894531,
        59.808963775634766,
        567.5800170898438,
        70.36896514892578
      ],
      "max_font_size": 10.5600004196167,
      "text": "35 934 938 2740 2752 4480 4499 8466 8505 11927 11988 15054 15137",
      "is_heading": false
    },
    {
      "bbox": [
        49.91999816894531,
        75.888916015625,
        567.5800170898438,
        86.44892120361328
      ],
      "max_font_size": 10.5600004196167,
      "text": "36 934 938 2740 2752 4479 4498 8462 8503 11919 11985 15043 15132",
      "is_heading": false
    },
    {
      "bbox": [
        49.91999816894531,
        91.98895263671875,
        567.5800170898438,
        102.54895782470703
      ],
      "max_font_size": 10.5600004196167,
      "text": "37 934 938 2739 2751 4477 4498 8458 8501 11911 11981 15034 15128",
      "is_heading": false
    },
    {
      "bbox": [
        49.91999816894531,
        108.06890869140625,
        567.5800170898438,
        118.62891387939453
      ],
      "max_font_size": 10.5600004196167,
      "text": "38 933 938 2738 2751 4475 4497 8452 8498 11902 11977 15027 15124",
      "is_heading": false
    },
    {
      "bbox": [
        49.91999816894531,
        124.14892578125,
        567.5800170898438,
        134.70892333984375
      ],
      "max_font_size": 10.5600004196167,
      "text": "39 933 937 2737 2750 4473 4496 8446 8495 11893 11972 15022 15121",
      "is_heading": false
    },
    {
      "bbox": [
        49.91999816894531,
        140.22894287109375,
        567.5800170898438,
        150.7889404296875
      ],
      "max_font_size": 10.5600004196167,
      "text": "40 933 937 2735 2749 4470 4494 8440 8492 11886 11969 15019 15119",
      "is_heading": false
    },
    {
      "bbox": [
        49.91999816894531,
        156.428955078125,
        567.5800170898438,
        166.98895263671875
      ],
      "max_font_size": 10.5600004196167,
      "text": "41 932 937 2733 2749 4467 4493 8433 8489 11880 11966 15018 15119",
      "is_heading": false
    },
    {
      "bbox": [
        49.91999816894531,
        172.5089111328125,
        567.5800170898438,
        183.06890869140625
      ],
      "max_font_size": 10.5600004196167,
      "text": "42 931 937 2731 2748 4463 4491 8427 8486 11876 11964 15020 15120",
      "is_heading": false
    },
    {
      "bbox": [
        49.91999816894531,
        188.58892822265625,
        567.5800170898438,
        199.14892578125
      ],
      "max_font_size": 10.5600004196167,
      "text": "43 931 936 2729 2746 4459 4489 8422 8483 11874 11962 15022 15121",
      "is_heading": false
    },
    {
      "bbox": [
        49.91999816894531,
        204.6689453125,
        567.5800170898438,
        215.22894287109375
      ],
      "max_font_size": 10.5600004196167,
      "text": "44 930 936 2726 2745 4455 4487 8418 8481 11873 11962 15024 15122",
      "is_heading": false
    },
    {
      "bbox": [
        49.91999816894531,
        220.74896240234375,
        567.5800170898438,
        231.3089599609375
      ],
      "max_font_size": 10.5600004196167,
      "text": "45 929 936 2724 2744 4452 4486 8415 8480 11874 11962 15025 15122",
      "is_heading": false
    },
    {
      "bbox": [
        49.91999816894531,
        236.82891845703125,
        567.5800170898438,
        247.388916015625
      ],
      "max_font_size": 10.5600004196167,
      "text": "46 928 935 2722 2743 4450 4485 8414 8479 11875 11963 15026 15123",
      "is_heading": false
    },
    {
      "bbox": [
        49.91999816894531,
        253.0289306640625,
        567.5800170898438,
        263.58892822265625
      ],
      "max_font_size": 10.5600004196167,
      "text": "47 928 935 2721 2742 4448 4484 8414 8479 11877 11963 15026 15123",
      "is_heading": false
    },
    {
      "bbox": [
        49.91999816894531,
        269.138916015625,
        567.5800170898438,
        279.69891357421875
      ],
      "max_font_size": 10.5600004196167,
      "text": "48 927 935 2720 2742 4447 4483 8414 8479 11878 11964 15026 15123",
      "is_heading": false
    },
    {
      "bbox": [
        49.91999816894531,
        285.21893310546875,
        567.5800170898438,
        295.7789306640625
      ],
      "max_font_size": 10.5600004196167,
      "text": "49 927 934 2719 2742 4447 4483 8415 8479 11879 11964 15026 15122",
      "is_heading": false
    },
    {
      "bbox": [
        49.91999816894531,
        301.2989501953125,
        567.5800170898438,
        311.85894775390625
      ],
      "max_font_size": 10.5600004196167,