{
  "page_no": 1,
  "width": 595.3200073242188,
  "height": 841.9199829101562,
  "text": "利安人寿保险股份有限公司 \n利安鑫利来（金琪版）终身寿险 \n基本保险金额表 \n(每1000 元趸交或年交保险费)            \n                                                             单位：人民币元 \n交费期间 \n趸交 \n3 年交 \n5 年交 \n10 年交 \n15 年交 \n20 年交 \n性别 \n年龄 \n男 \n女 \n男 \n女 \n男 \n女 \n男 \n女 \n男 \n女 \n男 \n女 \n0 \n940 \n940 \n2758 \n2759 \n4510 \n4511 \n8526 \n8530 \n12023 \n12029 \n15182 \n15192 \n1 \n940 \n940 \n2758 \n2759 \n4509 \n4511 \n8526 \n8529 \n12021 \n12029 \n15180 \n15191 \n2 \n940 \n940 \n2758 \n2759 \n4509 \n4511 \n8525 \n8529 \n12020 \n12028 \n15178 \n15190 \n3 \n940 \n940 \n2758 \n2759 \n4509 \n4511 \n8524 \n8529 \n12018 \n12027 \n15175 \n15189 \n4 \n940 \n940 \n2758 \n2759 \n4508 \n4511 \n8523 \n8528 \n12016 \n12026 \n15172 \n15188 \n5 \n940 \n940 \n2757 \n2759 \n4508 \n4510 \n8521 \n8528 \n12014 \n12025 \n15169 \n15187 \n6 \n940 \n940 \n2757 \n2759 \n4507 \n4510 \n8520 \n8527 \n12011 \n12024 \n15166 \n15185 \n7 \n940 \n940 \n2757 \n2758 \n4507 \n4510 \n8518 \n8526 \n12008 \n12023 \n15162 \n15184 \n8 \n939 \n940 \n2756 \n2758 \n4506 \n4509 \n8516 \n8525 \n12005 \n12022 \n15159 \n15182 \n9 \n939 \n940 \n2756 \n2758 \n4505 \n4509 \n8514 \n8525 \n12002 \n12020 \n15155 \n15181 \n10 \n939 \n940 \n2755 \n2758 \n4504 \n4509 \n8512 \n8524 \n11999 \n12019 \n15151 \n15179 \n11 \n939 \n940 \n2755 \n2758 \n4503 \n4508 \n8510 \n8523 \n11996 \n12018 \n15147 \n15178 \n12 \n939 \n940 \n2754 \n2757 \n4502 \n4508 \n8507 \n8522 \n11993 \n12017 \n15143 \n15176 \n13 \n939 \n940 \n2753 \n2757 \n4500 \n4507 \n8505 \n8521 \n11990 \n12015 \n15140 \n15175 \n14 \n938 \n940 \n2752 \n2757 \n4499 \n4507 \n8503 \n8520 \n11987 \n12014 \n15137 \n15174 \n15 \n938 \n939 \n2751 \n2756 \n4498 \n4506 \n8501 \n8519 \n11984 \n12013 \n15135 \n15173 \n16 \n938 \n939 \n2751 \n2756 \n4496 \n4505 \n8498 \n8518 \n11982 \n12012 \n15133 \n15172 \n17 \n937 \n939 \n2750 \n2755 \n4495 \n4505 \n8496 \n8517 \n11980 \n12011 \n15131 \n15171 \n18 \n937 \n939 \n2749 \n2755 \n4494 \n4504 \n8495 \n8517 \n11978 \n12011 \n15130 \n15171 \n19 \n937 \n939 \n2748 \n2755 \n4493 \n4504 \n8494 \n8516 \n11977 \n12010 \n15128 \n15170 \n20 \n937 \n939 \n2748 \n2755 \n4492 \n4504 \n8493 \n8516 \n11976 \n12010 \n15127 \n15170 \n21 \n936 \n939 \n2747 \n2755 \n4492 \n4504 \n8492 \n8516 \n11975 \n12010 \n15125 \n15169 \n22 \n936 \n939 \n2747 \n2755 \n4491 \n4504 \n8491 \n8515 \n11973 \n12009 \n15123 \n15169 \n23 \n936 \n939 \n2747 \n2754 \n4491 \n4503 \n8490 \n8515 \n11971 \n12009 \n15121 \n15168 \n24 \n936 \n939 \n2746 \n2754 \n4490 \n4503 \n8489 \n8515 \n11970 \n12008 \n15119 \n15167 \n25 \n936 \n939 \n2746 \n2754 \n4490 \n4503 \n8488 \n8514 \n11968 \n12007 \n15116 \n15165 \n26 \n936 \n939 \n2746 \n2754 \n4489 \n4503 \n8487 \n8514 \n11966 \n12006 \n15112 \n15164 \n27 \n936 \n939 \n2745 \n2754 \n4488 \n4503 \n8485 \n8513 \n11963 \n12005 \n15108 \n15162 \n28 \n936 \n939 \n2745 \n2754 \n4488 \n4502 \n8483 \n8513 \n11960 \n12004 \n15104 \n15160 \n29 \n935 \n939 \n2744 \n2754 \n4487 \n4502 \n8482 \n8512 \n11957 \n12003 \n15099 \n15158 \n30 \n935 \n938 \n2744 \n2754 \n4486 \n4502 \n8480 \n8511 \n11954 \n12001 \n15093 \n15156 \n31 \n935 \n938 \n2743 \n2753 \n4485 \n4501 \n8478 \n8510 \n11950 \n11999 \n15087 \n15153 \n32 \n935 \n938 \n2743 \n2753 \n4484 \n4501 \n8476 \n8509 \n11945 \n11997 \n15080 \n15149 \n33 \n935 \n938 \n2742 \n2753 \n4483 \n4500 \n8473 \n8508 \n11939 \n11994 \n15072 \n15146 \n34 \n934 \n938 \n2741 \n2752 \n4482 \n4500 \n8470 \n8506 \n11933 \n11992 \n15063 \n15142 \n",
  "blocks": [
    {
      "bbox": [
        189.13999938964844,
        58.81796646118164,
        415.1499938964844,
        76.8179702758789
      ],
      "max_font_size": 18.0,
      "text": "利安人寿保险股份有限公司",
      "is_heading": false
    },
    {
      "bbox": [
        199.25,
        84.31964111328125,
        403.0899963378906,
        98.3596420288086
      ],
      "max_font_size": 14.039999961853027,
      "text": "利安鑫利来（金琪版）终身寿险",
      "is_heading": false
    },
    {
      "bbox": [
        248.4499969482422,
        106.27960205078125,
        353.8899841308594,
        120.3196029663086
      ],
      "max_font_size": 14.039999961853027,
      "text": "基本保险金额表",
      "is_heading": false
    },
    {
      "bbox": [
        226.72999572753906,
        131.22894287109375,
        431.5899963378906,
        141.7889404296875
      ],
      "max_font_size": 10.5600004196167,
      "text": "(每1000 元趸交或年交保险费)",
      "is_heading": false
    },
    {
      "bbox": [
        89.90399932861328,
        153.3089599609375,
        488.9800109863281,
        163.86895751953125
      ],
      "max_font_size": 10.5600004196167,
      "text": "单位：人民币元",
      "is_heading": false
    },
    {
      "bbox": [
        34.20000076293945,
        169.74896240234375,
        551.1400146484375,
        180.3089599609375
      ],
      "max_font_size": 10.5600004196167,
      "text": "交费期间 趸交 3 年交 5 年交 10 年交 15 年交 20 年交",
      "is_heading": false
    },
    {
      "bbox": [
        31.200000762939453,
        185.82891845703125,
        559.6600341796875,
        211.98895263671875
      ],
      "max_font_size": 10.5600004196167,
      "text": "性别 年龄 男 女 男 女 男 女 男 女 男 女 男 女",
      "is_heading": false
    },
    {
      "bbox": [
        52.560001373291016,
        217.62896728515625,
        567.5800170898438,
        228.18896484375
      ],
      "max_font_size": 10.5600004196167,
      "text": "0 940 940 2758 2759 4510 4511 8526 8530 12023 12029 15182 15192",
      "is_heading": false
    },
    {
      "bbox": [
        52.560001373291016,
        233.70892333984375,
        567.5800170898438,
        244.2689208984375
      ],
      "max_font_size": 10.5600004196167,
      "text": "1 940 940 2758 2759 4509 4511 8526 8529 12021 12029 15180 15191",
      "is_heading": false
    },
    {
      "bbox": [
        52.560001373291016,
        249.7889404296875,
        567.5800170898438,
        260.34893798828125
      ],
      "max_font_size": 10.5600004196167,
      "text": "2 940 940 2758 2759 4509 4511 8525 8529 12020 12028 15178 15190",
      "is_heading": false
    },
    {
      "bbox": [
        52.560001373291016,
        265.86895751953125,
        567.5800170898438,
        276.428955078125
      ],
      "max_font_size": 10.5600004196167,
      "text": "3 940 940 2758 2759 4509 4511 8524 8529 12018 12027 15175 15189",
      "is_heading": false
    },
    {
      "bbox": [
        52.560001373291016,
        281.97894287109375,
        567.5800170898438,
        292.5389404296875
      ],
      "max_font_size": 10.5600004196167,
      "text": "4 940 940 2758 2759 4508 4511 8523 8528 12016 12026 15172 15188",
      "is_heading": false
    },
    {
      "bbox": [
        52.560001373291016,
        298.0589599609375,
        567.5800170898438,
        308.61895751953125
      ],
      "max_font_size": 10.5600004196167,
      "text": "5 940 940 2757 2759 4508 4510 8521 8528 12014 12025 15169 15187",
      "is_heading": false
    },
    {
      "bbox": [
        52.560001373291016,
        314.2589111328125,
        567.5800170898438,
        324.81890869140625
      ],
      "max_font_size": 10.5600004196167,
      "text": "6 940 940 2757 2759 4507 4510 8520 8527 12011 12024 15166 15185",
      "is_heading": false
    },
    {
      "bbox": [
        52.560001373291016,
        330.33892822265625,
        567.5800170898438,
        340.89892578125
      ],
      "max_font_size": 10.5600004196167,
      "text": "7 940 940 2757 2758 4507 4510 8518 8526 12008 12023 15162 15184",
      "is_heading": false
    },
    {
      "bbox": [
        52.560001373291016,
        346.4189453125,
        567.5800170898438,
        356.97894287109375
      ],
      "max_font_size": 10.5600004196167,
      "text": "8 939 940 2756 2758 4506 4509 8516 8525 12005 12022 15159 15182",