{
  "page_no": 5,
  "width": 595.3200073242188,
  "height": 841.9199829101562,
  "text": "2 \n2 \n2900 \n5800 \n500000 \n150000 \n250000 \n100000 \n144500 \n103  \n3 \n3 \n2900 \n8700 \n500000 \n150000 \n250000 \n100000 \n136000 \n428  \n4 \n4 \n2900 \n11600 \n500000 \n150000 \n250000 \n100000 \n127500 \n1522  \n5 \n5 \n2900 \n14500 \n500000 \n150000 \n250000 \n100000 \n119000 \n2719  \n6 \n6 \n2900 \n17400 \n500000 \n150000 \n250000 \n100000 \n110500 \n4020  \n7 \n7 \n2900 \n20300 \n500000 \n150000 \n250000 \n100000 \n102000 \n5425  \n8 \n8 \n2900 \n23200 \n500000 \n150000 \n250000 \n100000 \n93500 \n6932  \n9 \n9 \n2900 \n26100 \n500000 \n150000 \n250000 \n100000 \n85000 \n8542  \n10 \n10 \n2900 \n29000 \n500000 \n150000 \n250000 \n100000 \n76500 \n10254  \n20 \n20 \n0 \n55100 \n500000 \n150000 \n250000 \n100000 \n0 \n32247  \n30 \n30 \n0 \n55100 \n500000 \n150000 \n250000 \n100000 \n0 \n45380  \n40 \n40 \n0 \n55100 \n500000 \n150000 \n250000 \n100000 \n0 \n59821  \n50 \n50 \n0 \n55100 \n500000 \n150000 \n250000 \n100000 \n0 \n66345  \n60 \n60 \n0 \n55100 \n500000 \n0 \n250000 \n100000 \n0 \n69045 \n70 \n70 \n0 \n55100 \n500000 \n0 \n250000 \n100000 \n0 \n58726  \n80 \n80 \n0 \n55100 \n500000 \n0 \n250000 \n100000 \n0 \n31185  \n85 \n85 \n0 \n55100 \n500000 \n0 \n250000 \n100000 \n0 \n0  \n \n示例2：利先生今年30 周岁，他选择购买利安附加利利爱家守护提前给付重大疾病保险，选\n择19 年交费，年交保险费3600 元，基本保险金额与所属主险合同（交费期间为19 年，年\n交保费6990 元，基本保额金额300000 元）相同为300000 元。附加险各保单年度的各项保\n单利益演示如下： \n保单\n年度 \n年龄 \n年度 \n保险费 \n累计 \n保险费 \n重大疾病\n保险金 \n重大疾病\n关爱保险\n金 \n中症疾病\n保险金 \n轻症疾病\n保险金 \n中症疾病/轻症\n疾病豁免保险费 \n现金价值 \n1 \n31 \n3600 \n3600 \n300000 \n90000 \n150000 \n60000 \n190620 \n43  \n2 \n32 \n3600 \n7200 \n300000 \n90000 \n150000 \n60000 \n180030 \n84  \n3 \n33 \n3600 \n10800 \n300000 \n90000 \n150000 \n60000 \n169440 \n496  \n4 \n34 \n3600 \n14400 \n300000 \n90000 \n150000 \n60000 \n158850 \n2298  \n5 \n35 \n3600 \n18000 \n300000 \n90000 \n150000 \n60000 \n148260 \n4186  \n6 \n36 \n3600 \n21600 \n300000 \n90000 \n150000 \n60000 \n137670 \n6158  \n7 \n37 \n3600 \n25200 \n300000 \n90000 \n150000 \n60000 \n127080 \n8215  \n8 \n38 \n3600 \n28800 \n300000 \n90000 \n150000 \n60000 \n116490 \n10358  \n9 \n39 \n3600 \n32400 \n300000 \n90000 \n150000 \n60000 \n105900 \n12571  \n10 \n40 \n3600 \n36000 \n300000 \n90000 \n150000 \n60000 \n95310 \n14867  \n20 \n50 \n0 \n68400 \n300000 \n90000 \n150000 \n60000 \n0 \n39807  \n30 \n60 \n0 \n68400 \n300000 \n0 \n150000 \n60000 \n0 \n41427  \n40 \n70 \n0 \n68400 \n300000 \n0 \n150000 \n60000 \n0 \n35235  \n50 \n80 \n0 \n68400 \n300000 \n0 \n150000 \n60000 \n0 \n18711  \n55 \n85 \n0 \n68400 \n300000 \n0 \n150000 \n60000 \n0 \n0  \n本公司声明： \n1、年度保险费、累计保险费为保单年度初的值；年龄、重大疾病保险金、重大疾病关\n爱保险金、中症疾病保险金、轻症疾病保险金、中症疾病/轻症疾病豁免保险费、现\n金价值为保单年度末的值； \n",
  "blocks": [
    {
      "bbox": [
        88.34400177001953,
        60.084312438964844,
        512.5599975585938,
        71.48431396484375
      ],
      "max_font_size": 9.960000038146973,
      "text": "2 2 2900 5800 500000 150000 250000 100000 144500 103",
      "is_heading": false
    },
    {
      "bbox": [
        88.34400177001953,
        76.64437103271484,
        512.5599975585938,
        87.92431640625
      ],
      "max_font_size": 9.960000038146973,
      "text": "3 3 2900 8700 500000 150000 250000 100000 136000 428",
      "is_heading": false
    },
    {
      "bbox": [
        88.34400177001953,
        93.10433197021484,
        514.9600219726562,
        104.50433349609375
      ],
      "max_font_size": 9.960000038146973,
      "text": "4 4 2900 11600 500000 150000 250000 100000 127500 1522",
      "is_heading": false
    },
    {
      "bbox": [
        88.34400177001953,
        109.6643295288086,
        514.9600219726562,
        120.9443359375
      ],
      "max_font_size": 9.960000038146973,
      "text": "5 5 2900 14500 500000 150000 250000 100000 119000 2719",
      "is_heading": false
    },
    {
      "bbox": [
        88.34400177001953,
        126.10433197021484,
        514.9600219726562,
        137.50433349609375
      ],
      "max_font_size": 9.960000038146973,
      "text": "6 6 2900 17400 500000 150000 250000 100000 110500 4020",
      "is_heading": false
    },
    {
      "bbox": [
        88.34400177001953,
        142.66433715820312,
        514.9600219726562,
        153.9443359375
      ],
      "max_font_size": 9.960000038146973,
      "text": "7 7 2900 20300 500000 150000 250000 100000 102000 5425",
      "is_heading": false
    },
    {
      "bbox": [
        88.34400177001953,
        159.10433959960938,
        514.9600219726562,
        170.50433349609375
      ],
      "max_font_size": 9.960000038146973,
      "text": "8 8 2900 23200 500000 150000 250000 100000 93500 6932",
      "is_heading": false
    },
    {
      "bbox": [
        88.34400177001953,
        175.66433715820312,
        514.9600219726562,
        186.9443359375
      ],
      "max_font_size": 9.960000038146973,
      "text": "9 9 2900 26100 500000 150000 250000 100000 85000 8542",
      "is_heading": false
    },
    {
      "bbox": [
        85.94400024414062,
        192.10433959960938,
        517.47998046875,
        203.50433349609375
      ],
      "max_font_size": 9.960000038146973,
      "text": "10 10 2900 29000 500000 150000 250000 100000 76500 10254",
      "is_heading": false
    },
    {
      "bbox": [
        85.94400024414062,
        208.66433715820312,
        517.47998046875,
        219.9443359375
      ],
      "max_font_size": 9.960000038146973,
      "text": "20 20 0 55100 500000 150000 250000 100000 0 32247",
      "is_heading": false
    },
    {
      "bbox": [
        85.94400024414062,
        225.10433959960938,
        517.47998046875,
        236.50433349609375
      ],
      "max_font_size": 9.960000038146973,
      "text": "30 30 0 55100 500000 150000 250000 100000 0 45380",
      "is_heading": false
    },
    {
      "bbox": [
        85.94400024414062,
        241.66433715820312,
        517.47998046875,
        252.9443359375
      ],
      "max_font_size": 9.960000038146973,
      "text": "40 40 0 55100 500000 150000 250000 100000 0 59821",
      "is_heading": false
    },
    {
      "bbox": [
        85.94400024414062,
        258.1043395996094,
        517.47998046875,
        269.50433349609375
      ],
      "max_font_size": 9.960000038146973,
      "text": "50 50 0 55100 500000 150000 250000 100000 0 66345",
      "is_heading": false
    },
    {
      "bbox": [
        85.94400024414062,
        274.6943664550781,
        512.5599975585938,
        285.974365234375
      ],
      "max_font_size": 9.960000038146973,
      "text": "60 60 0 55100 500000 0 250000 100000 0 69045",
      "is_heading": false
    },
    {
      "bbox": [
        85.94400024414062,
        291.1343688964844,
        517.47998046875,
        302.53436279296875
      ],
      "max_font_size": 9.960000038146973,
      "text": "70 70 0 55100 500000 0 250000 100000 0 58726",
      "is_heading": false
    },
    {
      "bbox": [
        85.94400024414062,
        307.6943664550781,
        517.47998046875,
        318.974365234375
      ],
      "max_font_size": 9.960000038146973,
      "text": "80 80 0 55100 500000 0 250000 100000 0 31185",
      "is_heading": false
    },
    {
      "bbox": [
        85.94400024414062,
        324.13433837890625,
        507.52001953125,
        335.5343322753906
      ],
      "max_font_size": 9.960000038146973,
      "text": "85 85 0 55100 500000 0 250000 100000 0 0",
      "is_heading": false
    },
    {
      "bbox": [
        89.90399932861328,
        357.45892333984375,
        505.766357421875,
        368.0189208984375
      ],
      "max_font_size": 10.5600004196167,
      "text": "示例2：利先生今年30 周岁，他选择购买利安附加利利爱家守护提前给付重大疾病保险，选",
      "is_heading": false
    },
    {
      "bbox": [
        89.90399932861328,
        373.5389404296875,
        505.7838439941406,
        384.09893798828125
      ],
      "max_font_size": 10.5600004196167,