{
  "page_no": 11,
  "width": 595.3200073242188,
  "height": 841.9199829101562,
  "text": "方案二 \n保险期间 \n保至60 周岁 \n性别 \n男性 \n女性 \n交费期间\n年龄 \n3 年交 5 年交 10 年交 15 年交 20 年交 30 年交 3 年交 5 年交 10 年交 15 年交 20 年交 30 年交 \n47 \n174.26 106.95 53.89 \n \n \n \n93.42 \n57.26 \n28.76 \n \n \n \n48 \n168.99 103.74 52.31 \n \n \n \n90.70 \n55.60 \n27.93 \n \n \n \n49 \n162.64 99.87 50.39 \n \n \n \n87.41 \n53.59 \n26.93 \n \n \n \n50 \n155.11 95.27 48.10 \n \n \n \n83.50 \n51.20 \n25.74 \n \n \n \n51 \n146.30 89.88 \n \n \n \n \n78.91 \n48.40 \n \n \n \n \n52 \n136.13 83.66 \n \n \n \n \n73.59 \n45.14 \n \n \n \n \n53 \n124.50 76.53 \n \n \n \n \n67.48 \n41.40 \n \n \n \n \n54 \n111.33 68.45 \n \n \n \n \n60.53 \n37.14 \n \n \n \n \n55 \n96.53 \n59.37 \n \n \n \n \n52.66 \n32.32 \n \n \n \n \n注：半年交保险费=年交保险费*0.52，季交保险费=年交保险费*0.27，月交保险费=年交\n保险费*0.09。 \n                                                             单位：人民币元 \n方案二 \n保险期间 \n保至65 周岁 \n性别 \n男性 \n女性 \n交费期间\n年龄 \n3 年交 5 年交 10 年交 15 年交 20 年交 30 年交 3 年交 5 年交 10 年交 15 年交 20 年交 30 年交 \n18 \n211.96 129.82 65.03 47.89 37.45 29.32 122.52 75.03 \n37.57 \n27.65 \n21.61 16.90 \n19 \n215.18 131.79 66.02 48.62 38.02 29.78 123.93 75.89 \n38.00 \n27.97 \n21.86 17.09 \n20 \n218.41 133.77 67.01 49.36 38.60 30.24 125.33 76.75 \n38.43 \n28.29 \n22.11 17.29 \n21 \n221.64 135.75 68.01 50.10 39.18 30.70 126.74 77.62 \n38.87 \n28.61 \n22.36 17.49 \n22 \n224.89 137.75 69.01 50.84 39.76 31.17 128.16 78.48 \n39.30 \n28.93 \n22.61 17.69 \n23 \n228.14 139.74 70.02 51.58 40.35 31.64 129.58 79.36 \n39.74 \n29.26 \n22.87 17.89 \n24 \n231.39 141.74 71.02 52.33 40.93 32.11 131.01 80.23 \n40.18 \n29.58 \n23.12 18.09 \n25 \n234.64 143.73 72.03 53.07 41.52 32.58 132.46 81.12 \n40.63 \n29.91 \n23.38 18.29 \n26 \n237.87 145.71 73.03 53.81 42.10 33.05 133.91 82.01 \n41.07 \n30.24 \n23.64 18.50 \n27 \n241.08 147.68 74.02 54.54 42.69 33.53 135.36 82.90 \n41.52 \n30.57 \n23.90 18.71 \n28 \n244.25 149.63 75.00 55.27 43.26 34.00 136.81 83.79 \n41.97 \n30.90 \n24.15 18.92 \n29 \n247.35 151.54 75.96 55.99 43.83 34.46 138.25 84.67 \n42.41 \n31.22 \n24.41 19.12 \n30 \n250.38 153.40 76.90 56.68 44.38 34.92 139.66 85.54 \n42.84 \n31.54 \n24.66 19.33 \n31 \n253.32 155.21 77.81 57.36 44.92 35.37 141.04 86.38 \n43.26 \n31.86 \n24.91 19.53 \n32 \n256.13 156.93 78.67 58.01 45.45 35.81 142.36 87.19 \n43.67 \n32.16 \n25.15 19.73 \n33 \n258.80 158.56 79.50 58.63 45.94 36.24 143.61 87.95 \n44.05 \n32.44 \n25.38 19.91 \n34 \n261.26 160.07 80.26 59.21 46.41 36.64 144.76 88.65 \n44.40 \n32.70 \n25.59 20.09 \n35 \n263.78 161.62 81.05 59.81 46.90 37.06 146.01 89.42 \n44.79 \n32.99 \n25.82 20.28 \n36 \n266.98 163.59 82.06 60.57 47.52 \n \n147.86 90.56 \n45.37 \n33.42 \n26.16 \n \n37 \n270.01 165.46 83.02 61.30 48.11 \n \n149.64 91.65 \n45.92 \n33.84 \n26.49 \n \n38 \n272.85 167.21 83.92 61.99 48.68 \n \n151.33 92.69 \n46.45 \n34.23 \n26.81 \n \n",
  "blocks": [
    {
      "bbox": [
        283.75,
        73.98895263671875,
        321.7900085449219,
        84.54895782470703
      ],
      "max_font_size": 10.5600004196167,
      "text": "方案二",
      "is_heading": false
    },
    {
      "bbox": [
        38.52000045776367,
        90.06890869140625,
        367.2699890136719,
        100.62891387939453
      ],
      "max_font_size": 10.5600004196167,
      "text": "保险期间 保至60 周岁",
      "is_heading": false
    },
    {
      "bbox": [
        49.08000183105469,
        106.14892578125,
        465.5799865722656,
        116.70893096923828
      ],
      "max_font_size": 10.5600004196167,
      "text": "性别 男性 女性",
      "is_heading": false
    },
    {
      "bbox": [
        26.760000228881836,
        122.22894287109375,
        578.280029296875,
        148.388916015625
      ],
      "max_font_size": 10.5600004196167,
      "text": "交费期间年龄 3 年交 5 年交 10 年交 15 年交 20 年交 30 年交 3 年交 5 年交 10 年交 15 年交 20 年交 30 年交",
      "is_heading": false
    },
    {
      "bbox": [
        54.263999938964844,
        154.0289306640625,
        561.2400512695312,
        164.58892822265625
      ],
      "max_font_size": 10.5600004196167,
      "text": "47 174.26 106.95 53.89    93.42 57.26 28.76",
      "is_heading": false
    },
    {
      "bbox": [
        54.263999938964844,
        170.10894775390625,
        561.2400512695312,
        180.6689453125
      ],
      "max_font_size": 10.5600004196167,
      "text": "48 168.99 103.74 52.31    90.70 55.60 27.93",
      "is_heading": false
    },
    {
      "bbox": [
        54.263999938964844,
        186.18896484375,
        561.2400512695312,
        196.74896240234375
      ],
      "max_font_size": 10.5600004196167,
      "text": "49 162.64 99.87 50.39    87.41 53.59 26.93",
      "is_heading": false
    },
    {
      "bbox": [
        54.263999938964844,
        202.2689208984375,
        561.2400512695312,
        212.82891845703125
      ],
      "max_font_size": 10.5600004196167,
      "text": "50 155.11 95.27 48.10    83.50 51.20 25.74",
      "is_heading": false
    },
    {
      "bbox": [
        54.263999938964844,
        218.37896728515625,
        561.2400512695312,
        228.93896484375
      ],
      "max_font_size": 10.5600004196167,
      "text": "51 146.30 89.88     78.91 48.40",
      "is_heading": false
    },
    {
      "bbox": [
        54.263999938964844,
        234.45892333984375,
        561.2400512695312,
        245.0189208984375
      ],
      "max_font_size": 10.5600004196167,
      "text": "52 136.13 83.66     73.59 45.14",
      "is_heading": false
    },
    {
      "bbox": [
        54.263999938964844,
        250.658935546875,
        561.2400512695312,
        261.21893310546875
      ],
      "max_font_size": 10.5600004196167,
      "text": "53 124.50 76.53     67.48 41.40",
      "is_heading": false
    },
    {
      "bbox": [
        54.263999938964844,
        266.73895263671875,
        561.2400512695312,
        277.2989501953125
      ],
      "max_font_size": 10.5600004196167,
      "text": "54 111.33 68.45     60.53 37.14",
      "is_heading": false
    },
    {
      "bbox": [
        54.263999938964844,
        282.81890869140625,
        561.2400512695312,
        293.37890625
      ],
      "max_font_size": 10.5600004196167,
      "text": "55 96.53 59.37     52.66 32.32",
      "is_heading": false
    },
    {
      "bbox": [
        89.90399932861328,
        298.89892578125,
        510.1000061035156,
        325.0589599609375
      ],
      "max_font_size": 10.5600004196167,
      "text": "注：半年交保险费=年交保险费*0.52，季交保险费=年交保险费*0.27，月交保险费=年交保险费*0.09。",
      "is_heading": false
    },
    {
      "bbox": [
        89.90399932861328,
        337.89892578125,
        515.6400146484375,
        348.45892333984375
      ],
      "max_font_size": 10.5600004196167,
      "text": "单位：人民币元",
      "is_heading": false
    },
    {
      "bbox": [
        283.75,
        353.97894287109375,
        321.7900085449219,
        364.5389404296875
      ],
      "max_font_size": 10.5600004196167,
      "text": "方案二",
      "is_heading": false
    },
    {
      "bbox": [
        38.52000045776367,
        370.0589294433594,
        367.2699890136719,
        380.6189270019531
      ],
      "max_font_size": 10.5600004196167,
      "text": "保险期间 保至65 周岁",
      "is_heading": false
    },
    {
      "bbox": [
        49.08000183105469,
        386.2789306640625,
        465.5799865722656,
        396.83892822265625
      ],
      "max_font_size": 10.5600004196167,
      "text": "性别 男性 女性",
      "is_heading": false
    },
    {
      "bbox": [
        26.760000228881836,
        402.35894775390625,
        578.280029296875,
        428.5189208984375
      ],
      "max_font_size": 10.5600004196167,
      "text": "交费期间年龄 3 年交 5 年交 10 年交 15 年交 20 年交 30 年交 3 年交 5 年交 10 年交 15 年交 20 年交 30 年交",
      "is_heading": false
    },
    {
      "bbox": [
        54.263999938964844,
        434.0389404296875,
        574.9200439453125,
        444.59893798828125
      ],
      "max_font_size": 10.5600004196167,