{
  "page_no": 3,
  "width": 595.3200073242188,
  "height": 841.9199829101562,
  "text": "方案一 \n保险期间 \n30 年 \n性别 \n男性 \n女性 \n交费期间\n年龄 \n3 年交 5 年交 10 年交 15 年交 20 年交 30 年交 3 年交 5 年交 10 年交 15 年交 20 年交 30 年交 \n32 \n196.36 120.31 60.31 44.47 34.84 27.46 104.77 64.17 \n32.14 \n23.67 \n18.51 14.52 \n33 \n211.92 129.84 65.10 48.01 37.62 29.67 113.83 69.71 \n34.91 \n25.71 \n20.11 15.78 \n34 \n229.09 140.35 70.38 51.92 40.70 32.13 124.03 75.96 \n38.05 \n28.02 \n21.92 17.21 \n35 \n248.34 152.16 76.31 56.31 44.16 34.89 135.80 83.17 \n41.66 \n30.69 \n24.02 18.87 \n36 \n270.56 165.78 83.16 61.38 48.16 38.09 149.85 91.77 \n45.98 \n33.87 \n26.51 20.84 \n37 \n295.19 180.89 90.76 67.02 52.60 41.66 165.75 101.51 50.86 \n37.48 \n29.34 23.08 \n38 \n322.52 197.65 99.20 73.28 57.54 45.63 183.75 112.55 56.40 \n41.57 \n32.55 25.63 \n39 \n352.88 216.28 108.58 80.24 63.04 50.06 204.16 125.05 62.67 \n46.21 \n36.19 28.52 \n40 \n386.58 236.96 119.01 87.99 69.16 55.01 227.28 139.23 69.79 \n51.46 \n40.32 31.81 \n41 \n423.99 259.92 130.59 96.60 75.97 60.53 253.46 155.27 77.85 \n57.42 \n45.01 35.54 \n42 \n465.42 285.36 143.43 106.16 83.53 66.69 283.05 173.41 86.96 \n64.16 \n50.31 39.78 \n43 \n511.18 313.47 157.63 116.73 91.91 73.54 316.43 193.88 97.25 \n71.78 \n56.30 44.59 \n44 \n561.55 344.42 173.28 128.40 101.16 81.15 353.98 216.91 108.83 80.35 \n63.05 50.02 \n45 \n616.73 378.34 190.44 141.21 111.33 89.57 396.08 242.73 121.82 89.97 \n70.63 56.16 \n46 \n676.90 415.34 209.18 155.20 122.47 \n \n443.09 271.57 136.33 100.73 79.12 \n \n47 \n742.19 455.51 229.54 170.43 134.62 \n \n495.39 303.65 152.49 112.71 88.58 \n \n48 \n812.69 498.89 251.56 186.92 147.79 \n \n553.31 339.20 170.40 126.01 99.10 \n \n49 \n888.43 545.53 275.24 204.69 162.04 \n \n617.17 378.40 190.16 140.70 110.74 \n \n50 \n969.42 595.41 300.61 223.76 177.38 \n \n687.28 421.45 211.87 156.85 123.58 \n \n51 \n1055.57 648.50 327.64 244.13 \n \n \n763.85 468.48 235.61 174.54 \n \n \n52 \n1146.73 704.70 356.29 265.80 \n \n \n847.07 519.60 261.44 193.83 \n \n \n53 \n1242.63 763.86 386.51 288.75 \n \n \n937.00 574.86 289.39 214.75 \n \n \n54 \n1342.92 825.75 418.21 312.92 \n \n \n1033.59 634.24 319.46 237.33 \n \n \n55 \n1447.12 890.11 451.28 338.28 \n \n \n1136.62 697.60 351.62 261.55 \n \n \n注：半年交保险费=年交保险费*0.52，季交保险费=年交保险费*0.27，月交保险费=年交\n保险费*0.09。 \n                                                             单位：人民币元 \n方案一 \n保险期间 \n保至60 周岁 \n性别 \n男性 \n女性 \n交费期间\n年龄 \n3 年交 5 年交 10 年交 15 年交 20 年交 30 年交 3 年交 5 年交 10 年交 15 年交 20 年交 30 年交 \n18 \n148.65 91.04 45.60 33.58 26.26 20.56 82.33 \n50.42 \n25.25 \n18.58 \n14.52 11.35 \n19 \n150.58 92.23 46.20 34.02 26.61 20.84 83.02 \n50.84 \n25.46 \n18.74 \n14.65 11.45 \n20 \n152.48 93.39 46.79 34.46 26.95 21.11 83.69 \n51.25 \n25.66 \n18.89 \n14.76 11.54 \n21 \n154.37 94.55 47.37 34.89 27.29 21.38 84.34 \n51.65 \n25.86 \n19.04 \n14.88 11.64 \n22 \n156.23 95.69 47.94 35.32 27.62 21.65 84.98 \n52.04 \n26.06 \n19.18 \n14.99 11.73 \n23 \n158.05 96.81 48.51 35.74 27.95 21.92 85.60 \n52.42 \n26.25 \n19.33 \n15.11 11.82 \n",
  "blocks": [
    {
      "bbox": [
        283.75,
        73.98895263671875,
        321.7900085449219,
        84.54895782470703
      ],
      "max_font_size": 10.5600004196167,
      "text": "方案一",
      "is_heading": false
    },
    {
      "bbox": [
        38.52000045776367,
        90.06890869140625,
        350.2300109863281,
        100.62891387939453
      ],
      "max_font_size": 10.5600004196167,
      "text": "保险期间 30 年",
      "is_heading": false
    },
    {
      "bbox": [
        49.08000183105469,
        106.14892578125,
        465.5799865722656,
        116.70893096923828
      ],
      "max_font_size": 10.5600004196167,
      "text": "性别 男性 女性",
      "is_heading": false
    },
    {
      "bbox": [
        26.760000228881836,
        122.22894287109375,
        578.280029296875,
        148.388916015625
      ],
      "max_font_size": 10.5600004196167,
      "text": "交费期间年龄 3 年交 5 年交 10 年交 15 年交 20 年交 30 年交 3 年交 5 年交 10 年交 15 年交 20 年交 30 年交",
      "is_heading": false
    },
    {
      "bbox": [
        54.263999938964844,
        154.0289306640625,
        574.9200439453125,
        164.58892822265625
      ],
      "max_font_size": 10.5600004196167,
      "text": "32 196.36 120.31 60.31 44.47 34.84 27.46 104.77 64.17 32.14 23.67 18.51 14.52",
      "is_heading": false
    },
    {
      "bbox": [
        54.263999938964844,
        170.10894775390625,
        574.9200439453125,
        180.6689453125
      ],
      "max_font_size": 10.5600004196167,
      "text": "33 211.92 129.84 65.10 48.01 37.62 29.67 113.83 69.71 34.91 25.71 20.11 15.78",
      "is_heading": false
    },
    {
      "bbox": [
        54.263999938964844,
        186.18896484375,
        574.9200439453125,
        196.74896240234375
      ],
      "max_font_size": 10.5600004196167,
      "text": "34 229.09 140.35 70.38 51.92 40.70 32.13 124.03 75.96 38.05 28.02 21.92 17.21",
      "is_heading": false
    },
    {
      "bbox": [
        54.263999938964844,
        202.2689208984375,
        574.9200439453125,
        212.82891845703125
      ],
      "max_font_size": 10.5600004196167,
      "text": "35 248.34 152.16 76.31 56.31 44.16 34.89 135.80 83.17 41.66 30.69 24.02 18.87",
      "is_heading": false
    },
    {
      "bbox": [
        54.263999938964844,
        218.37896728515625,
        574.9200439453125,
        228.93896484375
      ],
      "max_font_size": 10.5600004196167,
      "text": "36 270.56 165.78 83.16 61.38 48.16 38.09 149.85 91.77 45.98 33.87 26.51 20.84",
      "is_heading": false
    },
    {
      "bbox": [
        54.263999938964844,
        234.45892333984375,
        574.9200439453125,
        245.0189208984375
      ],
      "max_font_size": 10.5600004196167,
      "text": "37 295.19 180.89 90.76 67.02 52.60 41.66 165.75 101.51 50.86 37.48 29.34 23.08",
      "is_heading": false
    },
    {
      "bbox": [
        54.263999938964844,
        250.658935546875,
        574.9200439453125,
        261.21893310546875
      ],
      "max_font_size": 10.5600004196167,
      "text": "38 322.52 197.65 99.20 73.28 57.54 45.63 183.75 112.55 56.40 41.57 32.55 25.63",
      "is_heading": false
    },
    {
      "bbox": [
        54.263999938964844,
        266.73895263671875,
        574.9200439453125,
        277.2989501953125
      ],
      "max_font_size": 10.5600004196167,
      "text": "39 352.88 216.28 108.58 80.24 63.04 50.06 204.16 125.05 62.67 46.21 36.19 28.52",
      "is_heading": false
    },
    {
      "bbox": [
        54.263999938964844,
        282.81890869140625,
        574.9200439453125,
        293.37890625
      ],
      "max_font_size": 10.5600004196167,
      "text": "40 386.58 236.96 119.01 87.99 69.16 55.01 227.28 139.23 69.79 51.46 40.32 31.81",
      "is_heading": false
    },
    {
      "bbox": [
        54.263999938964844,
        298.89892578125,
        574.9200439453125,
        309.45892333984375
      ],
      "max_font_size": 10.5600004196167,
      "text": "41 423.99 259.92 130.59 96.60 75.97 60.53 253.46 155.27 77.85 57.42 45.01 35.54",
      "is_heading": false
    },
    {
      "bbox": [
        54.263999938964844,
        314.97894287109375,
        574.9200439453125,
        325.5389404296875
      ],
      "max_font_size": 10.5600004196167,
      "text": "42 465.42 285.36 143.43 106.16 83.53 66.69 283.05 173.41 86.96 64.16 50.31 39.78",
      "is_heading": false
    },
    {
      "bbox": [
        54.263999938964844,
        331.0589294433594,
        574.9200439453125,
        341.6189270019531
      ],
      "max_font_size": 10.5600004196167,
      "text": "43 511.18 313.47 157.63 116.73 91.91 73.54 316.43 193.88 97.25 71.78 56.30 44.59",
      "is_heading": false
    },
    {
      "bbox": [
        54.263999938964844,
        347.2589416503906,
        574.9200439453125,
        357.8189392089844
      ],
      "max_font_size": 10.5600004196167,