{
  "page_no": 12,
  "width": 595.3200073242188,
  "height": 841.9199829101562,
  "text": "方案二 \n保险期间 \n保至65 周岁 \n性别 \n男性 \n女性 \n交费期间\n年龄 \n3 年交 5 年交 10 年交 15 年交 20 年交 30 年交 3 年交 5 年交 10 年交 15 年交 20 年交 30 年交 \n39 \n275.47 168.84 84.76 62.64 49.21 \n \n152.89 93.65 \n46.94 \n34.60 \n27.11 \n \n40 \n277.81 170.29 85.52 63.23 49.70 \n \n154.31 94.53 \n47.38 \n34.94 \n27.38 \n \n41 \n279.83 171.55 86.19 63.76 50.14 \n \n155.56 95.30 \n47.78 \n35.24 \n27.62 \n \n42 \n281.47 172.58 86.74 64.20 50.52 \n \n156.61 95.95 \n48.12 \n35.50 \n27.83 \n \n43 \n282.65 173.33 87.16 64.55 50.82 \n \n157.41 96.45 \n48.38 \n35.71 \n28.01 \n \n44 \n283.31 173.77 87.42 64.78 51.04 \n \n157.93 96.78 \n48.56 \n35.85 \n28.13 \n \n45 \n283.37 173.84 87.50 64.88 51.15 \n \n158.14 96.91 \n48.64 \n35.92 \n28.20 \n \n46 \n282.72 173.48 87.37 64.82 \n \n \n157.97 96.82 \n48.61 \n35.91 \n \n \n47 \n281.28 172.63 86.99 64.59 \n \n \n157.39 96.48 \n48.45 \n35.81 \n \n \n48 \n278.95 171.24 86.35 64.16 \n \n \n156.35 95.85 \n48.15 \n35.61 \n \n \n49 \n275.64 169.25 85.40 63.51 \n \n \n154.79 94.91 \n47.69 \n35.29 \n \n \n50 \n271.26 166.61 84.12 62.61 \n \n \n152.66 93.62 \n47.06 \n34.84 \n \n \n51 \n265.72 163.25 \n \n \n \n \n149.92 91.95 \n \n \n \n \n52 \n258.94 159.13 \n \n \n \n \n146.50 89.86 \n \n \n \n \n53 \n250.84 154.19 \n \n \n \n \n142.35 87.33 \n \n \n \n \n54 \n241.32 148.39 \n \n \n \n \n137.42 84.32 \n \n \n \n \n55 \n230.33 141.67 \n \n \n \n \n131.65 80.80 \n \n \n \n \n56 \n217.77 134.00 \n \n \n \n \n124.97 76.72 \n \n \n \n \n57 \n203.55 125.30 \n \n \n \n \n117.32 72.04 \n \n \n \n \n58 \n187.49 115.47 \n \n \n \n \n108.56 66.68 \n \n \n \n \n59 \n169.33 104.34 \n \n \n \n \n98.51 \n60.53 \n \n \n \n \n60 \n148.69 91.69 \n \n \n \n \n86.93 \n53.44 \n \n \n \n \n注：半年交保险费=年交保险费*0.52，季交保险费=年交保险费*0.27，月交保险费=年交\n保险费*0.09。 \n                                                          单位：人民币元 \n方案二 \n保险期间 \n保至70 周岁 \n性别 \n男性 \n女性 \n交费期间\n年龄 \n3 年交 5 年交 10 年交 15 年交 20 年交 30 年交 3 年交 5 年交 10 年交 15 年交 20 年交 30 年交 \n18 \n283.29 173.51 86.91 64.00 50.05 39.19 170.55 104.44 52.30 \n38.50 \n30.09 23.52 \n19 \n288.33 176.59 88.46 65.15 50.95 39.90 173.18 106.05 53.10 \n39.09 \n30.55 23.89 \n20 \n293.42 179.71 90.03 66.31 51.86 40.62 175.83 107.68 53.92 \n39.69 \n31.02 24.26 \n21 \n298.57 182.87 91.61 67.48 52.78 41.36 178.52 109.33 54.75 \n40.30 \n31.50 24.63 \n22 \n303.77 186.06 93.22 68.67 53.71 42.10 181.25 111.00 55.58 \n40.92 \n31.98 25.01 \n23 \n309.04 189.29 94.84 69.87 54.66 42.85 184.02 112.69 56.44 \n41.55 \n32.47 25.40 \n24 \n314.36 192.55 96.49 71.09 55.61 43.62 186.83 114.42 57.30 \n42.18 \n32.97 25.80 \n25 \n319.73 195.85 98.15 72.31 56.58 44.39 189.69 116.17 58.18 \n42.83 \n33.48 26.20 \n",
  "blocks": [
    {
      "bbox": [
        283.75,
        73.98895263671875,
        321.7900085449219,
        84.54895782470703
      ],
      "max_font_size": 10.5600004196167,
      "text": "方案二",
      "is_heading": false
    },
    {
      "bbox": [
        38.52000045776367,
        90.06890869140625,
        367.2699890136719,
        100.62891387939453
      ],
      "max_font_size": 10.5600004196167,
      "text": "保险期间 保至65 周岁",
      "is_heading": false
    },
    {
      "bbox": [
        49.08000183105469,
        106.14892578125,
        465.5799865722656,
        116.70893096923828
      ],
      "max_font_size": 10.5600004196167,
      "text": "性别 男性 女性",
      "is_heading": false
    },
    {
      "bbox": [
        26.760000228881836,
        122.22894287109375,
        578.280029296875,
        148.388916015625
      ],
      "max_font_size": 10.5600004196167,
      "text": "交费期间年龄 3 年交 5 年交 10 年交 15 年交 20 年交 30 年交 3 年交 5 年交 10 年交 15 年交 20 年交 30 年交",
      "is_heading": false
    },
    {
      "bbox": [
        54.263999938964844,
        154.0289306640625,
        561.2400512695312,
        164.58892822265625
      ],
      "max_font_size": 10.5600004196167,
      "text": "39 275.47 168.84 84.76 62.64 49.21  152.89 93.65 46.94 34.60 27.11",
      "is_heading": false
    },
    {
      "bbox": [
        54.263999938964844,
        170.10894775390625,
        561.2400512695312,
        180.6689453125
      ],
      "max_font_size": 10.5600004196167,
      "text": "40 277.81 170.29 85.52 63.23 49.70  154.31 94.53 47.38 34.94 27.38",
      "is_heading": false
    },
    {
      "bbox": [
        54.263999938964844,
        186.18896484375,
        561.2400512695312,
        196.74896240234375
      ],
      "max_font_size": 10.5600004196167,
      "text": "41 279.83 171.55 86.19 63.76 50.14  155.56 95.30 47.78 35.24 27.62",
      "is_heading": false
    },
    {
      "bbox": [
        54.263999938964844,
        202.2689208984375,
        561.2400512695312,
        212.82891845703125
      ],
      "max_font_size": 10.5600004196167,
      "text": "42 281.47 172.58 86.74 64.20 50.52  156.61 95.95 48.12 35.50 27.83",
      "is_heading": false
    },
    {
      "bbox": [
        54.263999938964844,
        218.37896728515625,
        561.2400512695312,
        228.93896484375
      ],
      "max_font_size": 10.5600004196167,
      "text": "43 282.65 173.33 87.16 64.55 50.82  157.41 96.45 48.38 35.71 28.01",
      "is_heading": false
    },
    {
      "bbox": [
        54.263999938964844,
        234.45892333984375,
        561.2400512695312,
        245.0189208984375
      ],
      "max_font_size": 10.5600004196167,
      "text": "44 283.31 173.77 87.42 64.78 51.04  157.93 96.78 48.56 35.85 28.13",
      "is_heading": false
    },
    {
      "bbox": [
        54.263999938964844,
        250.658935546875,
        561.2400512695312,
        261.21893310546875
      ],
      "max_font_size": 10.5600004196167,
      "text": "45 283.37 173.84 87.50 64.88 51.15  158.14 96.91 48.64 35.92 28.20",
      "is_heading": false
    },
    {
      "bbox": [
        54.263999938964844,
        266.73895263671875,
        561.2400512695312,
        277.2989501953125
      ],
      "max_font_size": 10.5600004196167,
      "text": "46 282.72 173.48 87.37 64.82   157.97 96.82 48.61 35.91",
      "is_heading": false
    },
    {
      "bbox": [
        54.263999938964844,
        282.81890869140625,
        561.2400512695312,
        293.37890625
      ],
      "max_font_size": 10.5600004196167,
      "text": "47 281.28 172.63 86.99 64.59   157.39 96.48 48.45 35.81",
      "is_heading": false
    },
    {
      "bbox": [
        54.263999938964844,
        298.89892578125,
        561.2400512695312,
        309.45892333984375
      ],
      "max_font_size": 10.5600004196167,
      "text": "48 278.95 171.24 86.35 64.16   156.35 95.85 48.15 35.61",
      "is_heading": false
    },
    {
      "bbox": [
        54.263999938964844,
        314.97894287109375,
        561.2400512695312,
        325.5389404296875
      ],
      "max_font_size": 10.5600004196167,
      "text": "49 275.64 169.25 85.40 63.51   154.79 94.91 47.69 35.29",
      "is_heading": false
    },
    {
      "bbox": [
        54.263999938964844,
        331.0589294433594,
        561.2400512695312,
        341.6189270019531
      ],
      "max_font_size": 10.5600004196167,
      "text": "50 271.26 166.61 84.12 62.61   152.66 93.62 47.06 34.84",
      "is_heading": false
    },
    {
      "bbox": [
        54.263999938964844,
        347.2589416503906,
        561.2400512695312,
        357.8189392089844
      ],
      "max_font_size": 10.5600004196167,
      "text": "51 265.72 163.25     149.92 91.95",
      "is_heading": false
    },
    {
      "bbox": [
        54.263999938964844,
        363.33892822265625,
        561.2400512695312,
        373.89892578125
      ],
      "max_font_size": 10.5600004196167,
      "text": "52 258.94 159.13     146.50 89.86",
      "is_heading": false
    },
    {
      "bbox": [
        54.263999938964844,
        379.4389343261719,
        561.2400512695312,
        389.9989318847656
      ],
      "max_font_size": 10.5600004196167,