{
  "page_no": 13,
  "width": 595.3200073242188,
  "height": 841.9199829101562,
  "text": "方案二 \n保险期间 \n保至70 周岁 \n性别 \n男性 \n女性 \n交费期间\n年龄 \n3 年交 5 年交 10 年交 15 年交 20 年交 30 年交 3 年交 5 年交 10 年交 15 年交 20 年交 30 年交 \n26 \n325.14 199.17 99.82 73.55 57.55 45.18 192.60 117.95 59.07 \n43.49 \n33.99 26.61 \n27 \n330.58 202.51 101.50 74.79 58.53 45.97 195.54 119.76 59.98 \n44.16 \n34.52 27.03 \n28 \n336.04 205.87 103.19 76.04 59.52 46.78 198.52 121.58 60.90 \n44.83 \n35.05 27.45 \n29 \n341.51 209.22 104.88 77.30 60.51 47.58 201.53 123.43 61.82 \n45.51 \n35.58 27.88 \n30 \n346.96 212.58 106.56 78.55 61.50 48.40 204.55 125.28 62.75 \n46.20 \n36.12 28.31 \n31 \n352.39 215.91 108.24 79.79 62.49 49.21 207.58 127.14 63.67 \n46.88 \n36.66 28.75 \n32 \n357.76 219.20 109.89 81.03 63.48 50.02 210.60 128.98 64.60 \n47.57 \n37.21 29.18 \n33 \n363.06 222.44 111.52 82.25 64.45 50.83 213.59 130.81 65.51 \n48.25 \n37.74 29.62 \n34 \n368.22 225.60 113.12 83.45 65.41 51.64 216.52 132.60 66.41 \n48.92 \n38.27 30.05 \n35 \n373.50 228.84 114.77 84.69 66.41 52.48 219.59 134.48 67.36 \n49.62 \n38.83 30.51 \n36 \n379.52 232.55 116.65 86.10 67.55 53.43 223.31 136.76 68.51 \n50.48 \n39.51 31.06 \n37 \n385.47 236.21 118.52 87.51 68.69 54.40 227.01 139.03 69.66 \n51.33 \n40.19 31.61 \n38 \n391.31 239.81 120.36 88.91 69.81 55.36 230.66 141.28 70.79 \n52.18 \n40.86 32.17 \n39 \n397.01 243.33 122.16 90.28 70.92 56.32 234.25 143.48 71.91 \n53.02 \n41.53 32.72 \n40 \n402.53 246.74 123.91 91.62 72.01 57.28 237.75 145.64 73.00 \n53.83 \n42.18 33.27 \n41 \n407.82 250.01 125.61 92.92 73.07 \n \n241.14 147.72 74.06 \n54.63 \n42.82 \n \n42 \n412.83 253.12 127.22 94.16 74.09 \n \n244.38 149.72 75.08 \n55.40 \n43.43 \n \n43 \n417.49 256.02 128.74 95.34 75.06 \n \n247.44 151.61 76.05 \n56.13 \n44.02 \n \n44 \n421.74 258.67 130.14 96.43 75.98 \n \n250.29 153.37 76.95 \n56.81 \n44.58 \n \n45 \n425.50 261.03 131.39 97.42 76.81 \n \n252.88 154.97 77.78 \n57.44 \n45.09 \n \n46 \n428.69 263.04 132.48 98.29 77.56 \n \n255.18 156.40 78.52 \n58.01 \n45.56 \n \n47 \n431.22 264.65 133.37 99.02 78.21 \n \n257.14 157.62 79.15 \n58.51 \n45.98 \n \n48 \n433.00 265.81 134.03 99.59 78.75 \n \n258.71 158.60 79.67 \n58.92 \n46.34 \n \n49 \n433.95 266.46 134.44 99.98 79.15 \n \n259.85 159.32 80.06 \n59.24 \n46.63 \n \n50 \n433.98 266.55 134.57 100.17 79.41 \n \n260.50 159.74 80.31 \n59.45 \n46.84 \n \n51 \n433.02 266.03 134.40 100.15 \n \n \n260.63 159.84 80.39 \n59.55 \n \n \n52 \n431.00 264.86 133.91 99.90 \n \n \n260.17 159.59 80.30 \n59.53 \n \n \n53 \n427.82 262.99 133.07 99.41 \n \n \n259.08 158.95 80.02 \n59.38 \n \n \n54 \n423.44 260.37 131.87 98.67 \n \n \n257.31 157.89 79.53 \n59.08 \n \n \n55 \n417.77 256.97 130.28 97.66 \n \n \n254.81 156.39 78.83 \n58.63 \n \n \n56 \n410.76 252.75 128.30 \n \n \n \n251.51 154.40 77.89 \n \n \n \n57 \n402.31 247.65 125.89 \n \n \n \n247.36 151.89 76.69 \n \n \n \n58 \n392.27 241.59 123.01 \n \n \n \n242.22 148.78 75.21 \n \n \n \n59 \n380.40 234.41 119.59 \n \n \n \n235.94 144.98 73.39 \n \n \n \n60 \n366.36 225.92 115.51 \n \n \n \n228.28 140.34 71.15 \n \n \n \n注：半年交保险费=年交保险费*0.52，季交保险费=年交保险费*0.27，月交保险费=年交\n保险费*0.09。 \n \n",
  "blocks": [
    {
      "bbox": [
        283.75,
        73.98895263671875,
        321.7900085449219,
        84.54895782470703
      ],
      "max_font_size": 10.5600004196167,
      "text": "方案二",
      "is_heading": false
    },
    {
      "bbox": [
        38.52000045776367,
        90.06890869140625,
        367.2699890136719,
        100.62891387939453
      ],
      "max_font_size": 10.5600004196167,
      "text": "保险期间 保至70 周岁",
      "is_heading": false
    },
    {
      "bbox": [
        49.08000183105469,
        106.14892578125,
        465.5799865722656,
        116.70893096923828
      ],
      "max_font_size": 10.5600004196167,
      "text": "性别 男性 女性",
      "is_heading": false
    },
    {
      "bbox": [
        26.760000228881836,
        122.22894287109375,
        578.280029296875,
        148.388916015625
      ],
      "max_font_size": 10.5600004196167,
      "text": "交费期间年龄 3 年交 5 年交 10 年交 15 年交 20 年交 30 年交 3 年交 5 年交 10 年交 15 年交 20 年交 30 年交",
      "is_heading": false
    },
    {
      "bbox": [
        54.263999938964844,
        154.0289306640625,
        574.9200439453125,
        164.58892822265625
      ],
      "max_font_size": 10.5600004196167,
      "text": "26 325.14 199.17 99.82 73.55 57.55 45.18 192.60 117.95 59.07 43.49 33.99 26.61",
      "is_heading": false
    },
    {
      "bbox": [
        54.263999938964844,
        170.10894775390625,
        574.9200439453125,
        180.6689453125
      ],
      "max_font_size": 10.5600004196167,
      "text": "27 330.58 202.51 101.50 74.79 58.53 45.97 195.54 119.76 59.98 44.16 34.52 27.03",
      "is_heading": false
    },
    {
      "bbox": [
        54.263999938964844,
        186.18896484375,
        574.9200439453125,
        196.74896240234375
      ],
      "max_font_size": 10.5600004196167,
      "text": "28 336.04 205.87 103.19 76.04 59.52 46.78 198.52 121.58 60.90 44.83 35.05 27.45",
      "is_heading": false
    },
    {
      "bbox": [
        54.263999938964844,
        202.2689208984375,
        574.9200439453125,
        212.82891845703125
      ],
      "max_font_size": 10.5600004196167,
      "text": "29 341.51 209.22 104.88 77.30 60.51 47.58 201.53 123.43 61.82 45.51 35.58 27.88",
      "is_heading": false
    },
    {
      "bbox": [
        54.263999938964844,
        218.37896728515625,
        574.9200439453125,
        228.93896484375
      ],
      "max_font_size": 10.5600004196167,
      "text": "30 346.96 212.58 106.56 78.55 61.50 48.40 204.55 125.28 62.75 46.20 36.12 28.31",
      "is_heading": false
    },
    {
      "bbox": [
        54.263999938964844,
        234.45892333984375,
        574.9200439453125,
        245.0189208984375
      ],
      "max_font_size": 10.5600004196167,
      "text": "31 352.39 215.91 108.24 79.79 62.49 49.21 207.58 127.14 63.67 46.88 36.66 28.75",
      "is_heading": false
    },
    {
      "bbox": [
        54.263999938964844,
        250.658935546875,
        574.9200439453125,
        261.21893310546875
      ],
      "max_font_size": 10.5600004196167,
      "text": "32 357.76 219.20 109.89 81.03 63.48 50.02 210.60 128.98 64.60 47.57 37.21 29.18",
      "is_heading": false
    },
    {
      "bbox": [
        54.263999938964844,
        266.73895263671875,
        574.9200439453125,
        277.2989501953125
      ],
      "max_font_size": 10.5600004196167,
      "text": "33 363.06 222.44 111.52 82.25 64.45 50.83 213.59 130.81 65.51 48.25 37.74 29.62",
      "is_heading": false
    },
    {
      "bbox": [
        54.263999938964844,
        282.81890869140625,
        574.9200439453125,
        293.37890625
      ],
      "max_font_size": 10.5600004196167,
      "text": "34 368.22 225.60 113.12 83.45 65.41 51.64 216.52 132.60 66.41 48.92 38.27 30.05",
      "is_heading": false
    },
    {
      "bbox": [
        54.263999938964844,
        298.89892578125,
        574.9200439453125,
        309.45892333984375
      ],
      "max_font_size": 10.5600004196167,
      "text": "35 373.50 228.84 114.77 84.69 66.41 52.48 219.59 134.48 67.36 49.62 38.83 30.51",
      "is_heading": false
    },
    {
      "bbox": [
        54.263999938964844,
        314.97894287109375,
        574.9200439453125,
        325.5389404296875
      ],
      "max_font_size": 10.5600004196167,
      "text": "36 379.52 232.55 116.65 86.10 67.55 53.43 223.31 136.76 68.51 50.48 39.51 31.06",
      "is_heading": false
    },
    {
      "bbox": [
        54.263999938964844,
        331.0589294433594,
        574.9200439453125,
        341.6189270019531
      ],
      "max_font_size": 10.5600004196167,
      "text": "37 385.47 236.21 118.52 87.51 68.69 54.40 227.01 139.03 69.66 51.33 40.19 31.61",