{
  "page_no": 8,
  "width": 595.3200073242188,
  "height": 841.9199829101562,
  "text": "方案二 \n保险期间 \n20 年 \n性别 \n男性 \n女性 \n    交费期间 \n年龄 \n3 年交 \n5 年交 10 年交 15 年交 20 年交 3 年交 5 年交 10 年交 15 年交 20 年交 \n29 \n81.73 \n50.07 25.10 18.50 14.48 44.16 27.05 13.55 \n9.97 \n7.80 \n30 \n87.55 \n53.64 26.89 19.82 15.52 46.86 28.70 14.38 10.58 \n8.28 \n31 \n93.97 \n57.57 28.86 21.28 16.66 49.90 30.56 15.31 11.27 \n8.81 \n32 \n101.01 \n61.89 31.03 22.88 17.92 53.30 32.64 16.35 12.04 \n9.42 \n33 \n108.70 \n66.60 33.39 24.62 19.30 57.06 34.94 17.50 12.89 10.08 \n34 \n117.02 \n71.70 35.95 26.52 20.79 61.18 37.47 18.77 13.82 10.81 \n35 \n126.28 \n77.37 38.80 28.63 22.45 65.92 40.37 20.22 14.90 11.66 \n36 \n137.11 \n84.01 42.14 31.11 24.40 71.80 43.97 22.03 16.23 12.70 \n37 \n148.70 \n91.12 45.72 33.76 26.50 78.17 47.87 23.99 17.68 13.84 \n38 \n161.12 \n98.74 49.56 36.61 28.74 85.07 52.11 26.11 19.24 15.07 \n39 \n174.44 106.91 53.67 39.67 31.16 92.58 56.71 28.42 20.95 16.41 \n40 \n188.79 115.72 58.12 42.97 33.77 100.80 61.75 30.95 22.82 17.88 \n41 \n204.37 125.29 62.94 46.56 36.62 109.87 67.31 33.75 24.89 19.51 \n42 \n221.37 135.73 68.22 50.49 39.73 119.94 73.48 36.85 27.19 21.32 \n43 \n240.05 147.20 74.02 54.82 43.16 131.20 80.38 40.32 29.76 23.34 \n44 \n260.63 159.85 80.42 59.59 46.95 143.85 88.15 44.23 32.65 25.62 \n45 \n283.37 173.84 87.50 64.88 51.15 158.14 96.91 48.64 35.92 28.20 \n46 \n307.55 188.71 95.04 70.52 55.65 173.76 106.50 53.46 39.50 31.03 \n47 \n334.33 205.19 103.40 76.77 60.64 191.47 117.36 58.94 43.56 34.24 \n48 \n364.06 223.49 112.69 83.73 66.21 211.58 129.71 65.16 48.18 37.90 \n49 \n397.13 243.85 123.03 91.50 72.43 234.45 143.75 72.24 53.45 42.07 \n50 \n433.98 266.55 134.57 100.17 79.41 260.50 159.74 80.31 59.45 46.84 \n51 \n475.09 291.88 147.46 109.88 87.24 290.16 177.96 89.50 66.30 52.30 \n52 \n520.92 320.12 161.85 120.74 96.04 323.90 198.68 99.97 74.12 58.53 \n53 \n571.94 351.58 177.90 132.90 105.92 362.22 222.23 111.87 83.02 65.66 \n54 \n628.56 386.50 195.75 146.46 117.01 405.64 248.91 125.37 93.14 73.79 \n55 \n691.18 425.14 215.54 161.57 129.41 454.67 279.05 140.65 104.62 83.05 \n56 \n760.13 467.72 237.42 178.34 \n \n509.83 312.98 157.88 117.61 \n \n57 \n835.70 514.43 261.51 196.90 \n \n571.64 351.02 177.24 132.26 \n \n58 \n918.06 565.40 287.90 217.36 \n \n640.55 393.45 198.90 148.71 \n \n59 \n1007.29 620.72 316.67 239.82 \n \n716.95 440.55 223.00 167.10 \n \n60 \n1103.33 680.37 347.87 264.37 \n \n801.16 492.52 249.69 187.59 \n \n注：半年交保险费=年交保险费*0.52，季交保险费=年交保险费*0.27，月交保险费=年交\n保险费*0.09。 \n \n \n \n",
  "blocks": [
    {
      "bbox": [
        283.6300048828125,
        73.98895263671875,
        321.6700134277344,
        84.54895782470703
      ],
      "max_font_size": 10.5600004196167,
      "text": "方案二",
      "is_heading": false
    },
    {
      "bbox": [
        73.94400024414062,
        90.06890869140625,
        352.6300048828125,
        100.62891387939453
      ],
      "max_font_size": 10.5600004196167,
      "text": "保险期间 20 年",
      "is_heading": false
    },
    {
      "bbox": [
        84.38400268554688,
        106.14892578125,
        456.4599914550781,
        116.70893096923828
      ],
      "max_font_size": 10.5600004196167,
      "text": "性别 男性 女性",
      "is_heading": false
    },
    {
      "bbox": [
        60.86399841308594,
        122.22894287109375,
        543.1200561523438,
        148.388916015625
      ],
      "max_font_size": 10.5600004196167,
      "text": "交费期间 年龄 3 年交 5 年交 10 年交 15 年交 20 年交 3 年交 5 年交 10 年交 15 年交 20 年交",
      "is_heading": false
    },
    {
      "bbox": [
        89.66400146484375,
        154.0289306640625,
        537.0,
        164.58892822265625
      ],
      "max_font_size": 10.5600004196167,
      "text": "29 81.73 50.07 25.10 18.50 14.48 44.16 27.05 13.55 9.97 7.80",
      "is_heading": false
    },
    {
      "bbox": [
        89.66400146484375,
        170.10894775390625,
        537.0,
        180.6689453125
      ],
      "max_font_size": 10.5600004196167,
      "text": "30 87.55 53.64 26.89 19.82 15.52 46.86 28.70 14.38 10.58 8.28",
      "is_heading": false
    },
    {
      "bbox": [
        89.66400146484375,
        186.18896484375,
        537.0,
        196.74896240234375
      ],
      "max_font_size": 10.5600004196167,
      "text": "31 93.97 57.57 28.86 21.28 16.66 49.90 30.56 15.31 11.27 8.81",
      "is_heading": false
    },
    {
      "bbox": [
        89.66400146484375,
        202.2689208984375,
        537.0,
        212.82891845703125
      ],
      "max_font_size": 10.5600004196167,
      "text": "32 101.01 61.89 31.03 22.88 17.92 53.30 32.64 16.35 12.04 9.42",
      "is_heading": false
    },
    {
      "bbox": [
        89.66400146484375,
        218.37896728515625,
        539.6400146484375,
        228.93896484375
      ],
      "max_font_size": 10.5600004196167,
      "text": "33 108.70 66.60 33.39 24.62 19.30 57.06 34.94 17.50 12.89 10.08",
      "is_heading": false
    },
    {
      "bbox": [
        89.66400146484375,
        234.45892333984375,
        539.6400146484375,
        245.0189208984375
      ],
      "max_font_size": 10.5600004196167,
      "text": "34 117.02 71.70 35.95 26.52 20.79 61.18 37.47 18.77 13.82 10.81",
      "is_heading": false
    },
    {
      "bbox": [
        89.66400146484375,
        250.658935546875,
        539.6400146484375,
        261.21893310546875
      ],
      "max_font_size": 10.5600004196167,
      "text": "35 126.28 77.37 38.80 28.63 22.45 65.92 40.37 20.22 14.90 11.66",
      "is_heading": false
    },
    {
      "bbox": [
        89.66400146484375,
        266.73895263671875,
        539.6400146484375,
        277.2989501953125
      ],
      "max_font_size": 10.5600004196167,
      "text": "36 137.11 84.01 42.14 31.11 24.40 71.80 43.97 22.03 16.23 12.70",
      "is_heading": false
    },
    {
      "bbox": [
        89.66400146484375,
        282.81890869140625,
        539.6400146484375,
        293.37890625
      ],
      "max_font_size": 10.5600004196167,
      "text": "37 148.70 91.12 45.72 33.76 26.50 78.17 47.87 23.99 17.68 13.84",
      "is_heading": false
    },
    {
      "bbox": [
        89.66400146484375,
        298.89892578125,
        539.6400146484375,
        309.45892333984375
      ],
      "max_font_size": 10.5600004196167,
      "text": "38 161.12 98.74 49.56 36.61 28.74 85.07 52.11 26.11 19.24 15.07",
      "is_heading": false
    },
    {
      "bbox": [
        89.66400146484375,
        314.97894287109375,
        539.6400146484375,
        325.5389404296875
      ],
      "max_font_size": 10.5600004196167,
      "text": "39 174.44 106.91 53.67 39.67 31.16 92.58 56.71 28.42 20.95 16.41",
      "is_heading": false
    },
    {
      "bbox": [
        89.66400146484375,
        331.0589294433594,
        539.6400146484375,
        341.6189270019531
      ],
      "max_font_size": 10.5600004196167,
      "text": "40 188.79 115.72 58.12 42.97 33.77 100.80 61.75 30.95 22.82 17.88",
      "is_heading": false
    },
    {
      "bbox": [
        89.66400146484375,
        347.2589416503906,
        539.6400146484375,
        357.8189392089844
      ],
      "max_font_size": 10.5600004196167,
      "text": "41 204.37 125.29 62.94 46.56 36.62 109.87 67.31 33.75 24.89 19.51",
      "is_heading": false
    },
    {
      "bbox": [
        89.66400146484375,
        363.33892822265625,
        539.6400146484375,
        373.89892578125
      ],
      "max_font_size": 10.5600004196167,
      "text": "42 221.37 135.73 68.22 50.49 39.73 119.94 73.48 36.85 27.19 21.32",
      "is_heading": false
    },
    {
      "bbox": [
        89.66400146484375,
        379.4389343261719,
        539.6400146484375,
        389.9989318847656
      ],
      "max_font_size": 10.5600004196167,
      "text": "43 240.05 147.20 74.02 54.82 43.16 131.20 80.38 40.32 29.76 23.34",