{
  "page_no": 10,
  "width": 595.3200073242188,
  "height": 841.9199829101562,
  "text": "方案二 \n保险期间 \n30 年 \n性别 \n男性 \n女性 \n交费期间\n年龄 \n3 年交 5 年交 10 年交 15 年交 20 年交 30 年交 3 年交 5 年交 10 年交 15 年交 20 年交 30 年交 \n55 \n1460.80 898.53 455.55 341.48 \n \n \n1146.02 703.37 354.53 263.71 \n \n \n注：半年交保险费=年交保险费*0.52，季交保险费=年交保险费*0.27，月交保险费=年交\n保险费*0.09。 \n                                                             单位：人民币元 \n方案二 \n保险期间 \n保至60 周岁 \n性别 \n男性 \n女性 \n交费期间\n年龄 \n3 年交 5 年交 10 年交 15 年交 20 年交 30 年交 3 年交 5 年交 10 年交 15 年交 20 年交 30 年交 \n18 \n161.04 98.63 49.40 36.38 28.45 22.28 91.71 \n56.16 \n28.12 \n20.70 \n16.18 12.65 \n19 \n162.97 99.81 50.00 36.82 28.80 22.55 92.34 \n56.55 \n28.32 \n20.84 \n16.29 12.74 \n20 \n164.86 100.98 50.58 37.26 29.14 22.83 92.95 \n56.92 \n28.50 \n20.98 \n16.40 12.82 \n21 \n166.73 102.12 51.16 37.69 29.48 23.10 93.53 \n57.28 \n28.68 \n21.11 \n16.50 12.91 \n22 \n168.58 103.26 51.73 38.11 29.81 23.36 94.11 \n57.63 \n28.86 \n21.25 \n16.60 12.99 \n23 \n170.39 104.37 52.29 38.53 30.14 23.63 94.67 \n57.97 \n29.03 \n21.37 \n16.70 13.07 \n24 \n172.17 105.46 52.84 38.93 30.46 23.89 95.21 \n58.31 \n29.20 \n21.50 \n16.80 13.15 \n25 \n173.90 106.52 53.38 39.33 30.77 24.15 95.75 \n58.64 \n29.37 \n21.62 \n16.90 13.22 \n26 \n175.58 107.56 53.91 39.72 31.08 24.40 96.27 \n58.96 \n29.53 \n21.74 \n16.99 13.30 \n27 \n177.19 108.55 54.41 40.09 31.37 24.64 96.77 \n59.26 \n29.68 \n21.85 \n17.08 13.37 \n28 \n178.72 109.49 54.88 40.44 31.66 24.88 97.24 \n59.55 \n29.83 \n21.96 \n17.17 13.44 \n29 \n180.14 110.36 55.32 40.77 31.92 25.10 97.67 \n59.82 \n29.96 \n22.06 \n17.25 13.51 \n30 \n181.44 111.17 55.73 41.08 32.16 25.31 98.05 \n60.05 \n30.08 \n22.14 \n17.32 13.57 \n31 \n182.60 111.88 56.09 41.35 32.38 \n \n98.36 \n60.25 \n30.17 \n22.22 \n17.37 \n \n32 \n183.58 112.48 56.39 41.58 32.57 \n \n98.60 \n60.39 \n30.24 \n22.27 \n17.42 \n \n33 \n184.37 112.96 56.63 41.77 32.73 \n \n98.73 \n60.47 \n30.28 \n22.30 \n17.45 \n \n34 \n184.92 113.29 56.81 41.91 32.85 \n \n98.74 \n60.47 \n30.29 \n22.31 \n17.45 \n \n35 \n185.47 113.63 56.99 42.05 32.98 \n \n98.82 \n60.52 \n30.31 \n22.33 \n17.48 \n \n36 \n186.64 114.36 57.37 42.34 33.22 \n \n99.47 \n60.92 \n30.52 \n22.49 \n17.60 \n \n37 \n187.59 114.95 57.68 42.59 33.43 \n \n100.02 61.26 \n30.69 \n22.62 \n17.71 \n \n38 \n188.30 115.40 57.92 42.78 33.59 \n \n100.44 61.52 \n30.83 \n22.72 \n17.79 \n \n39 \n188.71 115.66 58.07 42.91 33.71 \n \n100.71 61.69 \n30.92 \n22.79 \n17.85 \n \n40 \n188.79 115.72 58.12 42.97 33.77 \n \n100.80 61.75 \n30.95 \n22.82 \n17.88 \n \n41 \n188.48 115.55 58.05 42.94 \n \n \n100.68 61.68 \n30.92 \n22.81 \n \n \n42 \n187.71 115.09 57.85 42.81 \n \n \n100.32 61.46 \n30.82 \n22.74 \n \n \n43 \n186.41 114.31 57.48 42.57 \n \n \n99.67 \n61.07 \n30.63 \n22.61 \n \n \n44 \n184.51 113.17 56.93 42.19 \n \n \n98.70 \n60.48 \n30.35 \n22.40 \n \n \n45 \n181.91 111.60 56.17 41.65 \n \n \n97.37 \n59.67 \n29.95 \n22.12 \n \n \n46 \n178.53 109.54 55.17 \n \n \n \n95.63 \n58.61 \n29.42 \n \n \n \n",
  "blocks": [
    {
      "bbox": [
        283.75,
        73.98895263671875,
        321.7900085449219,
        84.54895782470703
      ],
      "max_font_size": 10.5600004196167,
      "text": "方案二",
      "is_heading": false
    },
    {
      "bbox": [
        38.52000045776367,
        90.06890869140625,
        350.2300109863281,
        100.62891387939453
      ],
      "max_font_size": 10.5600004196167,
      "text": "保险期间 30 年",
      "is_heading": false
    },
    {
      "bbox": [
        49.08000183105469,
        106.14892578125,
        465.5799865722656,
        116.70893096923828
      ],
      "max_font_size": 10.5600004196167,
      "text": "性别 男性 女性",
      "is_heading": false
    },
    {
      "bbox": [
        26.760000228881836,
        122.22894287109375,
        578.280029296875,
        148.388916015625
      ],
      "max_font_size": 10.5600004196167,
      "text": "交费期间年龄 3 年交 5 年交 10 年交 15 年交 20 年交 30 年交 3 年交 5 年交 10 年交 15 年交 20 年交 30 年交",
      "is_heading": false
    },
    {
      "bbox": [
        54.263999938964844,
        154.0289306640625,
        561.2400512695312,
        164.58892822265625
      ],
      "max_font_size": 10.5600004196167,
      "text": "55 1460.80 898.53 455.55 341.48   1146.02 703.37 354.53 263.71",
      "is_heading": false
    },
    {
      "bbox": [
        89.90399932861328,
        170.10894775390625,
        510.1000061035156,
        196.2689208984375
      ],
      "max_font_size": 10.5600004196167,
      "text": "注：半年交保险费=年交保险费*0.52，季交保险费=年交保险费*0.27，月交保险费=年交保险费*0.09。",
      "is_heading": false
    },
    {
      "bbox": [
        89.90399932861328,
        209.10894775390625,
        515.6400146484375,
        219.6689453125
      ],
      "max_font_size": 10.5600004196167,
      "text": "单位：人民币元",
      "is_heading": false
    },
    {
      "bbox": [
        283.75,
        225.21893310546875,
        321.7900085449219,
        235.7789306640625
      ],
      "max_font_size": 10.5600004196167,
      "text": "方案二",
      "is_heading": false
    },
    {
      "bbox": [
        38.52000045776367,
        241.2989501953125,
        367.2699890136719,
        251.85894775390625
      ],
      "max_font_size": 10.5600004196167,
      "text": "保险期间 保至60 周岁",
      "is_heading": false
    },
    {
      "bbox": [
        49.08000183105469,
        257.37896728515625,
        465.5799865722656,
        267.93896484375
      ],
      "max_font_size": 10.5600004196167,
      "text": "性别 男性 女性",
      "is_heading": false
    },
    {
      "bbox": [
        26.760000228881836,
        273.45892333984375,
        578.280029296875,
        299.61895751953125
      ],
      "max_font_size": 10.5600004196167,
      "text": "交费期间年龄 3 年交 5 年交 10 年交 15 年交 20 年交 30 年交 3 年交 5 年交 10 年交 15 年交 20 年交 30 年交",
      "is_heading": false
    },
    {
      "bbox": [
        54.263999938964844,
        305.2589111328125,
        574.9200439453125,
        315.81890869140625
      ],
      "max_font_size": 10.5600004196167,
      "text": "18 161.04 98.63 49.40 36.38 28.45 22.28 91.71 56.16 28.12 20.70 16.18 12.65",
      "is_heading": false
    },
    {
      "bbox": [
        54.263999938964844,
        321.33892822265625,
        574.9200439453125,
        331.89892578125
      ],
      "max_font_size": 10.5600004196167,
      "text": "19 162.97 99.81 50.00 36.82 28.80 22.55 92.34 56.55 28.32 20.84 16.29 12.74",
      "is_heading": false
    },
    {
      "bbox": [
        54.263999938964844,
        337.4189453125,
        574.9200439453125,
        347.97894287109375
      ],
      "max_font_size": 10.5600004196167,
      "text": "20 164.86 100.98 50.58 37.26 29.14 22.83 92.95 56.92 28.50 20.98 16.40 12.82",
      "is_heading": false
    },
    {
      "bbox": [
        54.263999938964844,
        353.4989318847656,
        574.9200439453125,
        364.0589294433594
      ],
      "max_font_size": 10.5600004196167,
      "text": "21 166.73 102.12 51.16 37.69 29.48 23.10 93.53 57.28 28.68 21.11 16.50 12.91",
      "is_heading": false
    },
    {
      "bbox": [
        54.263999938964844,
        369.5789489746094,
        574.9200439453125,
        380.1389465332031
      ],
      "max_font_size": 10.5600004196167,
      "text": "22 168.58 103.26 51.73 38.11 29.81 23.36 94.11 57.63 28.86 21.25 16.60 12.99",
      "is_heading": false
    },
    {
      "bbox": [
        54.263999938964844,
        385.6789245605469,
        574.9200439453125,
        396.2389221191406
      ],
      "max_font_size": 10.5600004196167,
      "text": "23 170.39 104.37 52.29 38.53 30.14 23.63 94.67 57.97 29.03 21.37 16.70 13.07",
      "is_heading": false
    },
    {
      "bbox": [
        54.263999938964844,
        401.8789367675781,
        574.9200439453125,
        412.4389343261719
      ],
      "max_font_size": 10.5600004196167,
      "text": "24 172.17 105.46 52.84 38.93 30.46 23.89 95.21 58.31 29.20 21.50 16.80 13.15",