{
  "page_no": 5,
  "width": 595.3200073242188,
  "height": 841.9199829101562,
  "text": "                                                             单位：人民币元 \n方案一 \n保险期间 \n保至65 周岁 \n性别 \n男性 \n女性 \n交费期间\n年龄 \n3 年交 5 年交 10 年交 15 年交 20 年交 30 年交 3 年交 5 年交 10 年交 15 年交 20 年交 30 年交 \n18 \n197.21 120.78 60.50 44.55 34.84 27.28 111.71 68.41 \n34.25 \n25.21 \n19.71 15.41 \n19 \n200.38 122.73 61.48 45.28 35.41 27.73 113.14 69.28 \n34.69 \n25.54 \n19.96 15.61 \n20 \n203.55 124.67 62.46 46.00 35.98 28.18 114.57 70.16 \n35.13 \n25.86 \n20.21 15.81 \n21 \n206.74 126.63 63.44 46.73 36.55 28.64 116.00 71.04 \n35.57 \n26.19 \n20.47 16.01 \n22 \n209.93 128.58 64.42 47.46 37.12 29.09 117.44 71.92 \n36.02 \n26.51 \n20.72 16.21 \n23 \n213.13 130.55 65.41 48.19 37.69 29.55 118.90 72.81 \n36.46 \n26.84 \n20.98 16.41 \n24 \n216.33 132.51 66.40 48.92 38.27 30.02 120.36 73.71 \n36.91 \n27.17 \n21.24 16.62 \n25 \n219.53 134.47 67.39 49.65 38.85 30.48 121.83 74.61 \n37.37 \n27.51 \n21.50 16.83 \n26 \n222.72 136.43 68.38 50.38 39.42 30.95 123.32 75.52 \n37.82 \n27.85 \n21.77 17.04 \n27 \n225.88 138.37 69.35 51.11 39.99 31.41 124.80 76.43 \n38.28 \n28.18 \n22.03 17.25 \n28 \n229.00 140.29 70.32 51.82 40.56 31.88 126.29 77.35 \n38.74 \n28.52 \n22.30 17.46 \n29 \n232.07 142.17 71.27 52.53 41.12 32.33 127.77 78.25 \n39.19 \n28.85 \n22.56 17.67 \n30 \n235.06 144.02 72.19 53.21 41.67 32.79 129.22 79.14 \n39.64 \n29.18 \n22.82 17.88 \n31 \n237.96 145.80 73.09 53.88 42.20 33.23 130.63 80.01 \n40.07 \n29.50 \n23.07 18.09 \n32 \n240.74 147.50 73.95 54.52 42.71 33.66 132.00 80.85 \n40.49 \n29.81 \n23.32 18.29 \n33 \n243.38 149.11 74.76 55.14 43.21 34.08 133.30 81.64 \n40.89 \n30.11 \n23.55 18.48 \n34 \n245.83 150.61 75.52 55.71 43.67 34.47 134.50 82.37 \n41.25 \n30.38 \n23.77 18.66 \n35 \n248.34 152.16 76.31 56.31 44.16 34.89 135.80 83.17 \n41.66 \n30.69 \n24.02 18.87 \n36 \n251.53 154.12 77.31 57.07 44.77 \n \n137.72 84.34 \n42.25 \n31.13 \n24.37 \n \n37 \n254.57 156.00 78.27 57.80 45.36 \n \n139.56 85.48 \n42.83 \n31.56 \n24.71 \n \n38 \n257.43 157.76 79.18 58.49 45.93 \n \n141.32 86.56 \n43.37 \n31.97 \n25.04 \n \n39 \n260.08 159.40 80.03 59.14 46.46 \n \n142.97 87.57 \n43.89 \n32.36 \n25.35 \n \n40 \n262.47 160.88 80.80 59.74 46.96 \n \n144.48 88.50 \n44.36 \n32.71 \n25.63 \n \n41 \n264.55 162.18 81.48 60.27 47.40 \n \n145.82 89.33 \n44.79 \n33.04 \n25.89 \n \n42 \n266.26 163.25 82.05 60.73 47.79 \n \n146.97 90.04 \n45.16 \n33.32 \n26.12 \n \n43 \n267.54 164.06 82.50 61.10 48.10 \n \n147.89 90.62 \n45.45 \n33.55 \n26.31 \n \n44 \n268.32 164.57 82.80 61.35 48.34 \n \n148.55 91.03 \n45.67 \n33.72 \n26.46 \n \n45 \n268.52 164.73 82.92 61.48 48.47 \n \n148.90 91.25 \n45.79 \n33.82 \n26.55 \n \n46 \n268.05 164.48 82.84 61.46 \n \n \n148.90 91.26 \n45.81 \n33.85 \n \n \n47 \n266.83 163.76 82.52 61.27 \n \n \n148.49 91.02 \n45.71 \n33.79 \n \n \n48 \n264.75 162.52 81.95 60.89 \n \n \n147.65 90.51 \n45.47 \n33.62 \n \n \n49 \n261.73 160.71 81.09 60.30 \n \n \n146.31 89.70 \n45.08 \n33.35 \n \n \n50 \n257.68 158.27 79.90 59.48 \n \n \n144.42 88.56 \n44.52 \n32.96 \n \n \n51 \n252.53 155.14 \n \n \n \n \n141.94 87.06 \n \n \n \n \n52 \n246.18 151.29 \n \n \n \n \n138.82 85.15 \n \n \n \n \n53 \n238.57 146.65 \n \n \n \n \n134.99 82.82 \n \n \n \n \n54 \n229.61 141.19 \n \n \n \n \n130.41 80.02 \n \n \n \n \n",
  "blocks": [
    {
      "bbox": [
        89.90399932861328,
        73.5089111328125,
        515.6400146484375,
        84.06891632080078
      ],
      "max_font_size": 10.5600004196167,
      "text": "单位：人民币元",
      "is_heading": false
    },
    {
      "bbox": [
        283.75,
        89.58892822265625,
        321.7900085449219,
        100.14893341064453
      ],
      "max_font_size": 10.5600004196167,
      "text": "方案一",
      "is_heading": false
    },
    {
      "bbox": [
        38.52000045776367,
        105.6689453125,
        367.2699890136719,
        116.22895050048828
      ],
      "max_font_size": 10.5600004196167,
      "text": "保险期间 保至65 周岁",
      "is_heading": false
    },
    {
      "bbox": [
        49.08000183105469,
        121.74896240234375,
        465.5799865722656,
        132.3089599609375
      ],
      "max_font_size": 10.5600004196167,
      "text": "性别 男性 女性",
      "is_heading": false
    },
    {
      "bbox": [
        26.760000228881836,
        137.82891845703125,
        578.280029296875,
        163.98895263671875
      ],
      "max_font_size": 10.5600004196167,
      "text": "交费期间年龄 3 年交 5 年交 10 年交 15 年交 20 年交 30 年交 3 年交 5 年交 10 年交 15 年交 20 年交 30 年交",
      "is_heading": false
    },
    {
      "bbox": [
        54.263999938964844,
        169.62896728515625,
        574.9200439453125,
        180.18896484375
      ],
      "max_font_size": 10.5600004196167,
      "text": "18 197.21 120.78 60.50 44.55 34.84 27.28 111.71 68.41 34.25 25.21 19.71 15.41",
      "is_heading": false
    },
    {
      "bbox": [
        54.263999938964844,
        185.70892333984375,
        574.9200439453125,
        196.2689208984375
      ],
      "max_font_size": 10.5600004196167,
      "text": "19 200.38 122.73 61.48 45.28 35.41 27.73 113.14 69.28 34.69 25.54 19.96 15.61",
      "is_heading": false
    },
    {
      "bbox": [
        54.263999938964844,
        201.7889404296875,
        574.9200439453125,
        212.34893798828125
      ],
      "max_font_size": 10.5600004196167,
      "text": "20 203.55 124.67 62.46 46.00 35.98 28.18 114.57 70.16 35.13 25.86 20.21 15.81",
      "is_heading": false
    },
    {
      "bbox": [
        54.263999938964844,
        217.89892578125,
        574.9200439453125,
        228.45892333984375
      ],
      "max_font_size": 10.5600004196167,
      "text": "21 206.74 126.63 63.44 46.73 36.55 28.64 116.00 71.04 35.57 26.19 20.47 16.01",
      "is_heading": false
    },
    {
      "bbox": [
        54.263999938964844,
        233.97894287109375,
        574.9200439453125,
        244.5389404296875
      ],
      "max_font_size": 10.5600004196167,
      "text": "22 209.93 128.58 64.42 47.46 37.12 29.09 117.44 71.92 36.02 26.51 20.72 16.21",
      "is_heading": false
    },
    {
      "bbox": [
        54.263999938964844,
        250.0589599609375,
        574.9200439453125,
        260.61895751953125
      ],
      "max_font_size": 10.5600004196167,
      "text": "23 213.13 130.55 65.41 48.19 37.69 29.55 118.90 72.81 36.46 26.84 20.98 16.41",
      "is_heading": false
    },
    {
      "bbox": [
        54.263999938964844,
        266.2589111328125,
        574.9200439453125,
        276.81890869140625
      ],
      "max_font_size": 10.5600004196167,
      "text": "24 216.33 132.51 66.40 48.92 38.27 30.02 120.36 73.71 36.91 27.17 21.24 16.62",
      "is_heading": false
    },
    {
      "bbox": [
        54.263999938964844,
        282.33892822265625,
        574.9200439453125,
        292.89892578125
      ],
      "max_font_size": 10.5600004196167,
      "text": "25 219.53 134.47 67.39 49.65 38.85 30.48 121.83 74.61 37.37 27.51 21.50 16.83",
      "is_heading": false
    },
    {
      "bbox": [
        54.263999938964844,
        298.4189453125,
        574.9200439453125,
        308.97894287109375
      ],
      "max_font_size": 10.5600004196167,
      "text": "26 222.72 136.43 68.38 50.38 39.42 30.95 123.32 75.52 37.82 27.85 21.77 17.04",
      "is_heading": false
    },
    {
      "bbox": [
        54.263999938964844,
        314.49896240234375,
        574.9200439453125,
        325.0589599609375
      ],
      "max_font_size": 10.5600004196167,
      "text": "27 225.88 138.37 69.35 51.11 39.99 31.41 124.80 76.43 38.28 28.18 22.03 17.25",
      "is_heading": false
    },
    {
      "bbox": [
        54.263999938964844,
        330.5789489746094,
        574.9200439453125,
        341.1389465332031
      ],
      "max_font_size": 10.5600004196167,
      "text": "28 229.00 140.29 70.32 51.82 40.56 31.88 126.29 77.35 38.74 28.52 22.30 17.46",