{
  "page_no": 7,
  "width": 595.3200073242188,
  "height": 841.9199829101562,
  "text": "方案一 \n保险期间 \n保至70 周岁 \n性别 \n男性 \n女性 \n交费期间\n年龄 \n3 年交 5 年交 10 年交 15 年交 20 年交 30 年交 3 年交 5 年交 10 年交 15 年交 20 年交 30 年交 \n42 \n396.99 243.41 122.34 90.55 71.25 \n \n234.08 143.41 71.92 \n53.06 \n41.60 \n \n43 \n401.73 246.35 123.88 91.74 72.23 \n \n237.24 145.36 72.91 \n53.81 \n42.21 \n \n44 \n406.08 249.07 125.30 92.85 73.15 \n \n240.21 147.19 73.85 \n54.52 \n42.78 \n \n45 \n409.98 251.50 126.60 93.87 74.01 \n \n242.93 148.87 74.71 \n55.18 \n43.32 \n \n46 \n413.32 253.61 127.73 94.77 74.78 \n \n245.37 150.39 75.50 \n55.78 \n43.81 \n \n47 \n416.05 255.34 128.67 95.54 75.46 \n \n247.49 151.70 76.18 \n56.31 \n44.26 \n \n48 \n418.06 256.64 129.40 96.15 76.03 \n \n249.24 152.79 76.75 \n56.76 \n44.64 \n \n49 \n419.27 257.45 129.89 96.60 76.47 \n \n250.57 153.63 77.20 \n57.12 \n44.96 \n \n50 \n419.62 257.73 130.12 96.86 76.78 \n \n251.45 154.19 77.51 \n57.39 \n45.21 \n \n51 \n419.03 257.43 130.06 96.91 \n \n \n251.82 154.44 77.67 \n57.54 \n \n \n52 \n417.41 256.51 129.69 96.75 \n \n \n251.63 154.35 77.66 \n57.58 \n \n \n53 \n414.71 254.93 128.99 96.36 \n \n \n250.84 153.89 77.47 \n57.49 \n \n \n54 \n410.85 252.63 127.95 95.74 \n \n \n249.40 153.04 77.09 \n57.27 \n \n \n55 \n405.77 249.59 126.54 94.85 \n \n \n247.26 151.75 76.49 \n56.90 \n \n \n56 \n399.41 245.76 124.75 \n \n \n \n244.36 150.01 75.67 \n \n \n \n57 \n391.69 241.11 122.57 \n \n \n \n240.63 147.76 74.61 \n \n \n \n58 \n382.44 235.53 119.93 \n \n \n \n235.97 144.94 73.27 \n \n \n \n59 \n371.45 228.90 116.78 \n \n \n \n230.21 141.46 71.60 \n \n \n \n60 \n358.39 221.00 113.00 \n \n \n \n223.13 137.17 69.54 \n \n \n \n注：半年交保险费=年交保险费*0.52，季交保险费=年交保险费*0.27，月交保险费=年交\n保险费*0.09。 \n                                                       单位：人民币元 \n方案二 \n保险期间 \n20 年 \n性别 \n男性 \n女性 \n    交费期间 \n年龄 \n3 年交 \n5 年交 10 年交 15 年交 20 年交 3 年交 5 年交 10 年交 15 年交 20 年交 \n18 \n47.04 \n28.81 14.43 10.63 \n8.31 \n30.60 18.74 \n9.38 \n6.91 \n5.40 \n19 \n48.72 \n29.84 14.95 11.01 \n8.61 \n31.05 19.02 \n9.52 \n7.01 \n5.48 \n20 \n50.59 \n30.98 15.52 11.43 \n8.94 \n31.58 19.34 \n9.69 \n7.13 \n5.57 \n21 \n52.66 \n32.26 16.16 11.90 \n9.31 \n32.22 19.73 \n9.88 \n7.27 \n5.69 \n22 \n54.99 \n33.68 16.87 12.43 \n9.72 \n32.99 20.21 10.12 \n7.45 \n5.82 \n23 \n57.60 \n35.28 17.68 13.02 10.19 33.92 20.77 10.40 \n7.66 \n5.99 \n24 \n60.54 \n37.09 18.58 13.69 10.71 35.03 21.45 10.74 \n7.91 \n6.18 \n25 \n63.86 \n39.12 19.60 14.44 11.30 36.35 22.26 11.15 \n8.21 \n6.41 \n26 \n67.59 \n41.40 20.75 15.29 11.96 37.89 23.21 11.62 \n8.56 \n6.69 \n27 \n71.78 \n43.97 22.04 16.24 12.71 39.69 24.31 12.18 \n8.96 \n7.01 \n28 \n76.48 \n46.85 23.49 17.31 13.55 41.78 25.59 12.82 \n9.43 \n7.38 \n",
  "blocks": [
    {
      "bbox": [
        283.75,
        73.98895263671875,
        321.7900085449219,
        84.54895782470703
      ],
      "max_font_size": 10.5600004196167,
      "text": "方案一",
      "is_heading": false
    },
    {
      "bbox": [
        38.52000045776367,
        90.06890869140625,
        367.2699890136719,
        100.62891387939453
      ],
      "max_font_size": 10.5600004196167,
      "text": "保险期间 保至70 周岁",
      "is_heading": false
    },
    {
      "bbox": [
        49.08000183105469,
        106.14892578125,
        465.5799865722656,
        116.70893096923828
      ],
      "max_font_size": 10.5600004196167,
      "text": "性别 男性 女性",
      "is_heading": false
    },
    {
      "bbox": [
        26.760000228881836,
        122.22894287109375,
        578.280029296875,
        148.388916015625
      ],
      "max_font_size": 10.5600004196167,
      "text": "交费期间年龄 3 年交 5 年交 10 年交 15 年交 20 年交 30 年交 3 年交 5 年交 10 年交 15 年交 20 年交 30 年交",
      "is_heading": false
    },
    {
      "bbox": [
        54.263999938964844,
        154.0289306640625,
        561.2400512695312,
        164.58892822265625
      ],
      "max_font_size": 10.5600004196167,
      "text": "42 396.99 243.41 122.34 90.55 71.25  234.08 143.41 71.92 53.06 41.60",
      "is_heading": false
    },
    {
      "bbox": [
        54.263999938964844,
        170.10894775390625,
        561.2400512695312,
        180.6689453125
      ],
      "max_font_size": 10.5600004196167,
      "text": "43 401.73 246.35 123.88 91.74 72.23  237.24 145.36 72.91 53.81 42.21",
      "is_heading": false
    },
    {
      "bbox": [
        54.263999938964844,
        186.18896484375,
        561.2400512695312,
        196.74896240234375
      ],
      "max_font_size": 10.5600004196167,
      "text": "44 406.08 249.07 125.30 92.85 73.15  240.21 147.19 73.85 54.52 42.78",
      "is_heading": false
    },
    {
      "bbox": [
        54.263999938964844,
        202.2689208984375,
        561.2400512695312,
        212.82891845703125
      ],
      "max_font_size": 10.5600004196167,
      "text": "45 409.98 251.50 126.60 93.87 74.01  242.93 148.87 74.71 55.18 43.32",
      "is_heading": false
    },
    {
      "bbox": [
        54.263999938964844,
        218.37896728515625,
        561.2400512695312,
        228.93896484375
      ],
      "max_font_size": 10.5600004196167,
      "text": "46 413.32 253.61 127.73 94.77 74.78  245.37 150.39 75.50 55.78 43.81",
      "is_heading": false
    },
    {
      "bbox": [
        54.263999938964844,
        234.45892333984375,
        561.2400512695312,
        245.0189208984375
      ],
      "max_font_size": 10.5600004196167,
      "text": "47 416.05 255.34 128.67 95.54 75.46  247.49 151.70 76.18 56.31 44.26",
      "is_heading": false
    },
    {
      "bbox": [
        54.263999938964844,
        250.658935546875,
        561.2400512695312,
        261.21893310546875
      ],
      "max_font_size": 10.5600004196167,
      "text": "48 418.06 256.64 129.40 96.15 76.03  249.24 152.79 76.75 56.76 44.64",
      "is_heading": false
    },
    {
      "bbox": [
        54.263999938964844,
        266.73895263671875,
        561.2400512695312,
        277.2989501953125
      ],
      "max_font_size": 10.5600004196167,
      "text": "49 419.27 257.45 129.89 96.60 76.47  250.57 153.63 77.20 57.12 44.96",
      "is_heading": false
    },
    {
      "bbox": [
        54.263999938964844,
        282.81890869140625,
        561.2400512695312,
        293.37890625
      ],
      "max_font_size": 10.5600004196167,
      "text": "50 419.62 257.73 130.12 96.86 76.78  251.45 154.19 77.51 57.39 45.21",
      "is_heading": false
    },
    {
      "bbox": [
        54.263999938964844,
        298.89892578125,
        561.2400512695312,
        309.45892333984375
      ],
      "max_font_size": 10.5600004196167,
      "text": "51 419.03 257.43 130.06 96.91   251.82 154.44 77.67 57.54",
      "is_heading": false
    },
    {
      "bbox": [
        54.263999938964844,
        314.97894287109375,
        561.2400512695312,
        325.5389404296875
      ],
      "max_font_size": 10.5600004196167,
      "text": "52 417.41 256.51 129.69 96.75   251.63 154.35 77.66 57.58",
      "is_heading": false
    },
    {
      "bbox": [
        54.263999938964844,
        331.0589294433594,
        561.2400512695312,
        341.6189270019531
      ],
      "max_font_size": 10.5600004196167,
      "text": "53 414.71 254.93 128.99 96.36   250.84 153.89 77.47 57.49",
      "is_heading": false
    },
    {
      "bbox": [
        54.263999938964844,
        347.2589416503906,
        561.2400512695312,
        357.8189392089844
      ],
      "max_font_size": 10.5600004196167,
      "text": "54 410.85 252.63 127.95 95.74   249.40 153.04 77.09 57.27",
      "is_heading": false
    },
    {
      "bbox": [
        54.263999938964844,
        363.33892822265625,
        561.2400512695312,
        373.89892578125
      ],
      "max_font_size": 10.5600004196167,
      "text": "55 405.77 249.59 126.54 94.85   247.26 151.75 76.49 56.90",