{
  "page_no": 2,
  "width": 595.3200073242188,
  "height": 841.9199829101562,
  "text": "方案一 \n保险期间 \n20 年 \n性别 \n男性 \n女性 \n    交费期间 \n年龄 \n3 年交 \n5 年交 10 年交 15 年交 20 年交 3 年交 5 年交 10 年交 15 年交 20 年交 \n45 \n268.52 164.73 82.92 61.48 48.47 148.90 91.25 45.79 33.82 26.55 \n46 \n292.73 179.62 90.46 67.12 52.96 164.53 100.84 50.62 37.40 29.38 \n47 \n319.57 196.13 98.84 73.38 57.96 182.25 111.71 56.10 41.47 32.59 \n48 \n349.39 214.49 108.15 80.36 63.54 202.40 124.08 62.33 46.09 36.25 \n49 \n382.60 234.93 118.53 88.15 69.78 225.33 138.15 69.43 51.37 40.43 \n50 \n419.62 257.73 130.12 96.86 76.78 251.45 154.19 77.51 57.39 45.21 \n51 \n460.95 283.19 143.07 106.61 84.65 281.20 172.46 86.74 64.26 50.68 \n52 \n507.05 311.60 157.54 117.53 93.49 315.06 193.26 97.24 72.09 56.94 \n53 \n558.39 343.25 173.68 129.75 103.42 353.52 216.89 109.18 81.02 64.08 \n54 \n615.39 378.40 191.64 143.40 114.55 397.11 243.67 122.74 91.18 72.24 \n55 \n678.44 417.31 211.57 158.59 127.02 446.34 273.94 138.08 102.71 81.53 \n56 \n747.90 460.19 233.60 175.47 \n \n501.74 308.01 155.38 115.74 \n \n57 \n824.03 507.25 257.86 194.15 \n \n563.82 346.21 174.81 130.45 \n \n58 \n907.04 558.62 284.44 214.75 \n \n633.03 388.84 196.56 146.96 \n \n59 \n997.00 614.37 313.44 237.37 \n \n709.78 436.15 220.77 165.43 \n \n60 \n1093.86 674.53 344.89 262.10 \n \n794.40 488.36 247.58 186.01 \n \n注：半年交保险费=年交保险费*0.52，季交保险费=年交保险费*0.27，月交保险费=年交\n保险费*0.09。 \n                                                             单位：人民币元 \n方案一 \n保险期间 \n30 年 \n性别 \n男性 \n女性 \n交费期间\n年龄 \n3 年交 5 年交 10 年交 15 年交 20 年交 30 年交 3 年交 5 年交 10 年交 15 年交 20 年交 30 年交 \n18 \n73.47 \n45.00 22.54 16.60 12.98 10.16 41.83 \n25.62 \n12.83 \n9.44 \n7.38 \n5.77 \n19 \n78.19 \n47.89 23.99 17.67 13.82 10.82 43.90 \n26.89 \n13.46 \n9.91 \n7.75 \n6.06 \n20 \n83.40 \n51.08 25.59 18.85 14.74 11.55 46.23 \n28.31 \n14.18 \n10.44 \n8.16 \n6.38 \n21 \n89.14 \n54.59 27.35 20.15 15.76 12.35 48.84 \n29.91 \n14.98 \n11.03 \n8.62 \n6.74 \n22 \n95.44 \n58.46 29.29 21.58 16.88 13.23 51.76 \n31.70 \n15.87 \n11.69 \n9.13 \n7.14 \n23 \n102.34 62.69 31.41 23.14 18.10 14.19 55.02 \n33.70 \n16.87 \n12.42 \n9.71 \n7.59 \n24 \n109.86 67.29 33.72 24.84 19.43 15.24 58.64 \n35.91 \n17.98 \n13.24 \n10.35 \n8.10 \n25 \n118.02 72.29 36.23 26.69 20.88 16.39 62.65 \n38.37 \n19.21 \n14.15 \n11.06 \n8.65 \n26 \n126.82 77.69 38.94 28.69 22.45 17.62 67.06 \n41.07 \n20.57 \n15.14 \n11.84 \n9.27 \n27 \n136.30 83.49 41.85 30.84 24.13 18.95 71.91 \n44.04 \n22.06 \n16.24 \n12.69 \n9.94 \n28 \n146.48 89.74 44.98 33.15 25.94 20.39 77.22 \n47.29 \n23.69 \n17.44 \n13.63 10.68 \n29 \n157.44 96.46 48.35 35.64 27.90 21.94 83.07 \n50.88 \n25.48 \n18.76 \n14.67 11.49 \n30 \n169.31 103.73 52.00 38.33 30.01 23.62 89.53 \n54.84 \n27.46 \n20.22 \n15.81 12.39 \n31 \n182.22 111.65 55.97 41.26 32.31 25.45 96.73 \n59.24 \n29.67 \n21.85 \n17.08 13.39 \n",
  "blocks": [
    {
      "bbox": [
        283.6300048828125,
        73.98895263671875,
        321.6700134277344,
        84.54895782470703
      ],
      "max_font_size": 10.5600004196167,
      "text": "方案一",
      "is_heading": false
    },
    {
      "bbox": [
        73.94400024414062,
        90.06890869140625,
        352.6300048828125,
        100.62891387939453
      ],
      "max_font_size": 10.5600004196167,
      "text": "保险期间 20 年",
      "is_heading": false
    },
    {
      "bbox": [
        84.38400268554688,
        106.14892578125,
        456.4599914550781,
        116.70893096923828
      ],
      "max_font_size": 10.5600004196167,
      "text": "性别 男性 女性",
      "is_heading": false
    },
    {
      "bbox": [
        60.86399841308594,
        122.22894287109375,
        543.1200561523438,
        148.388916015625
      ],
      "max_font_size": 10.5600004196167,
      "text": "交费期间 年龄 3 年交 5 年交 10 年交 15 年交 20 年交 3 年交 5 年交 10 年交 15 年交 20 年交",
      "is_heading": false
    },
    {
      "bbox": [
        89.66400146484375,
        154.0289306640625,
        539.6400146484375,
        164.58892822265625
      ],
      "max_font_size": 10.5600004196167,
      "text": "45 268.52 164.73 82.92 61.48 48.47 148.90 91.25 45.79 33.82 26.55",
      "is_heading": false
    },
    {
      "bbox": [
        89.66400146484375,
        170.10894775390625,
        539.6400146484375,
        180.6689453125
      ],
      "max_font_size": 10.5600004196167,
      "text": "46 292.73 179.62 90.46 67.12 52.96 164.53 100.84 50.62 37.40 29.38",
      "is_heading": false
    },
    {
      "bbox": [
        89.66400146484375,
        186.18896484375,
        539.6400146484375,
        196.74896240234375
      ],
      "max_font_size": 10.5600004196167,
      "text": "47 319.57 196.13 98.84 73.38 57.96 182.25 111.71 56.10 41.47 32.59",
      "is_heading": false
    },
    {
      "bbox": [
        89.66400146484375,
        202.2689208984375,
        539.6400146484375,
        212.82891845703125
      ],
      "max_font_size": 10.5600004196167,
      "text": "48 349.39 214.49 108.15 80.36 63.54 202.40 124.08 62.33 46.09 36.25",
      "is_heading": false
    },
    {
      "bbox": [
        89.66400146484375,
        218.37896728515625,
        539.6400146484375,
        228.93896484375
      ],
      "max_font_size": 10.5600004196167,
      "text": "49 382.60 234.93 118.53 88.15 69.78 225.33 138.15 69.43 51.37 40.43",
      "is_heading": false
    },
    {
      "bbox": [
        89.66400146484375,
        234.45892333984375,
        539.6400146484375,
        245.0189208984375
      ],
      "max_font_size": 10.5600004196167,
      "text": "50 419.62 257.73 130.12 96.86 76.78 251.45 154.19 77.51 57.39 45.21",
      "is_heading": false
    },
    {
      "bbox": [
        89.66400146484375,
        250.658935546875,
        539.6400146484375,
        261.21893310546875
      ],
      "max_font_size": 10.5600004196167,
      "text": "51 460.95 283.19 143.07 106.61 84.65 281.20 172.46 86.74 64.26 50.68",
      "is_heading": false
    },
    {
      "bbox": [
        89.66400146484375,
        266.73895263671875,
        539.6400146484375,
        277.2989501953125
      ],
      "max_font_size": 10.5600004196167,
      "text": "52 507.05 311.60 157.54 117.53 93.49 315.06 193.26 97.24 72.09 56.94",
      "is_heading": false
    },
    {
      "bbox": [
        89.66400146484375,
        282.81890869140625,
        539.6400146484375,
        293.37890625
      ],
      "max_font_size": 10.5600004196167,
      "text": "53 558.39 343.25 173.68 129.75 103.42 353.52 216.89 109.18 81.02 64.08",
      "is_heading": false
    },
    {
      "bbox": [
        89.66400146484375,
        298.89892578125,
        539.6400146484375,
        309.45892333984375
      ],
      "max_font_size": 10.5600004196167,
      "text": "54 615.39 378.40 191.64 143.40 114.55 397.11 243.67 122.74 91.18 72.24",
      "is_heading": false
    },
    {
      "bbox": [
        89.66400146484375,
        314.97894287109375,
        539.6400146484375,
        325.5389404296875
      ],
      "max_font_size": 10.5600004196167,
      "text": "55 678.44 417.31 211.57 158.59 127.02 446.34 273.94 138.08 102.71 81.53",
      "is_heading": false
    },
    {
      "bbox": [
        89.66400146484375,
        331.0589294433594,
        526.0800170898438,
        341.6189270019531
      ],
      "max_font_size": 10.5600004196167,
      "text": "56 747.90 460.19 233.60 175.47  501.74 308.01 155.38 115.74",
      "is_heading": false
    },
    {
      "bbox": [
        89.66400146484375,
        347.2589416503906,
        526.0800170898438,
        357.8189392089844
      ],
      "max_font_size": 10.5600004196167,
      "text": "57 824.03 507.25 257.86 194.15  563.82 346.21 174.81 130.45",
      "is_heading": false
    },
    {
      "bbox": [
        89.66400146484375,
        363.33892822265625,
        526.0800170898438,
        373.89892578125
      ],
      "max_font_size": 10.5600004196167,
      "text": "58 907.04 558.62 284.44 214.75  633.03 388.84 196.56 146.96",