{
  "page_no": 4,
  "width": 595.3200073242188,
  "height": 841.9199829101562,
  "text": "方案一 \n保险期间 \n保至60 周岁 \n性别 \n男性 \n女性 \n交费期间\n年龄 \n3 年交 5 年交 10 年交 15 年交 20 年交 30 年交 3 年交 5 年交 10 年交 15 年交 20 年交 30 年交 \n24 \n159.85 97.91 49.06 36.15 28.28 22.18 86.22 \n52.80 \n26.44 \n19.47 \n15.22 11.90 \n25 \n161.60 98.99 49.61 36.55 28.60 22.44 86.83 \n53.18 \n26.63 \n19.61 \n15.32 11.99 \n26 \n163.31 100.04 50.14 36.94 28.91 22.69 87.42 \n53.54 \n26.81 \n19.74 \n15.43 12.08 \n27 \n164.95 101.04 50.65 37.32 29.21 22.94 88.00 \n53.89 \n26.99 \n19.87 \n15.53 12.16 \n28 \n166.50 102.00 51.13 37.68 29.49 23.18 88.55 \n54.23 \n27.16 \n20.00 \n15.63 12.24 \n29 \n167.96 102.90 51.58 38.02 29.76 23.40 89.07 \n54.55 \n27.32 \n20.11 \n15.73 12.32 \n30 \n169.31 103.73 52.00 38.33 30.01 23.62 89.53 \n54.84 \n27.46 \n20.22 \n15.81 12.39 \n31 \n170.51 104.47 52.37 38.61 30.24 \n \n89.94 \n55.09 \n27.59 \n20.31 \n15.89 \n \n32 \n171.55 105.11 52.69 38.85 30.44 \n \n90.27 \n55.29 \n27.69 \n20.39 \n15.95 \n \n33 \n172.40 105.63 52.96 39.05 30.61 \n \n90.50 \n55.43 \n27.76 \n20.44 \n15.99 \n \n34 \n173.01 106.00 53.15 39.21 30.74 \n \n90.61 \n55.49 \n27.79 \n20.47 \n16.02 \n \n35 \n173.64 106.39 53.36 39.37 30.88 \n \n90.80 \n55.61 \n27.86 \n20.52 \n16.06 \n \n36 \n174.91 107.17 53.76 39.68 31.13 \n \n91.58 \n56.08 \n28.10 \n20.70 \n16.20 \n \n37 \n175.96 107.83 54.10 39.95 31.35 \n \n92.25 \n56.50 \n28.31 \n20.86 \n16.33 \n \n38 \n176.79 108.34 54.38 40.17 31.54 \n \n92.80 \n56.84 \n28.48 \n20.99 \n16.44 \n \n39 \n177.34 108.69 54.57 40.33 31.68 \n \n93.21 \n57.09 \n28.61 \n21.10 \n16.52 \n \n40 \n177.56 108.84 54.66 40.41 31.77 \n \n93.45 \n57.24 \n28.69 \n21.16 \n16.58 \n \n41 \n177.41 108.76 54.64 40.42 \n \n \n93.49 \n57.27 \n28.71 \n21.18 \n \n \n42 \n176.83 108.42 54.49 40.33 \n \n \n93.30 \n57.16 \n28.66 \n21.15 \n \n \n43 \n175.74 107.77 54.19 40.13 \n \n \n92.84 \n56.88 \n28.53 \n21.06 \n \n \n44 \n174.08 106.77 53.72 39.80 \n \n \n92.07 \n56.42 \n28.31 \n20.90 \n \n \n45 \n171.76 105.37 53.04 39.32 \n \n \n90.96 \n55.74 \n27.97 \n20.66 \n \n \n46 \n168.68 103.50 52.13 \n \n \n \n89.45 \n54.82 \n27.52 \n \n \n \n47 \n164.75 101.11 50.95 \n \n \n \n87.49 \n53.63 \n26.93 \n \n \n \n48 \n159.87 98.14 49.49 \n \n \n \n85.05 \n52.14 \n26.19 \n \n \n \n49 \n153.95 94.53 47.70 \n \n \n \n82.06 \n50.31 \n25.28 \n \n \n \n50 \n146.90 90.23 45.55 \n \n \n \n78.47 \n48.12 \n24.19 \n \n \n \n51 \n138.63 85.17 \n \n \n \n \n74.24 \n45.53 \n \n \n \n \n52 \n129.05 79.31 \n \n \n \n \n69.30 \n42.51 \n \n \n \n \n53 \n118.07 72.58 \n \n \n \n \n63.60 \n39.02 \n \n \n \n \n54 \n105.62 64.95 \n \n \n \n \n57.09 \n35.03 \n \n \n \n \n55 \n91.61 \n56.35 \n \n \n \n \n49.71 \n30.51 \n \n \n \n \n注：半年交保险费=年交保险费*0.52，季交保险费=年交保险费*0.27，月交保险费=年交\n保险费*0.09。 \n \n \n \n",
  "blocks": [
    {
      "bbox": [
        283.75,
        73.98895263671875,
        321.7900085449219,
        84.54895782470703
      ],
      "max_font_size": 10.5600004196167,
      "text": "方案一",
      "is_heading": false
    },
    {
      "bbox": [
        38.52000045776367,
        90.06890869140625,
        367.2699890136719,
        100.62891387939453
      ],
      "max_font_size": 10.5600004196167,
      "text": "保险期间 保至60 周岁",
      "is_heading": false
    },
    {
      "bbox": [
        49.08000183105469,
        106.14892578125,
        465.5799865722656,
        116.70893096923828
      ],
      "max_font_size": 10.5600004196167,
      "text": "性别 男性 女性",
      "is_heading": false
    },
    {
      "bbox": [
        26.760000228881836,
        122.22894287109375,
        578.280029296875,
        148.388916015625
      ],
      "max_font_size": 10.5600004196167,
      "text": "交费期间年龄 3 年交 5 年交 10 年交 15 年交 20 年交 30 年交 3 年交 5 年交 10 年交 15 年交 20 年交 30 年交",
      "is_heading": false
    },
    {
      "bbox": [
        54.263999938964844,
        154.0289306640625,
        574.9200439453125,
        164.58892822265625
      ],
      "max_font_size": 10.5600004196167,
      "text": "24 159.85 97.91 49.06 36.15 28.28 22.18 86.22 52.80 26.44 19.47 15.22 11.90",
      "is_heading": false
    },
    {
      "bbox": [
        54.263999938964844,
        170.10894775390625,
        574.9200439453125,
        180.6689453125
      ],
      "max_font_size": 10.5600004196167,
      "text": "25 161.60 98.99 49.61 36.55 28.60 22.44 86.83 53.18 26.63 19.61 15.32 11.99",
      "is_heading": false
    },
    {
      "bbox": [
        54.263999938964844,
        186.18896484375,
        574.9200439453125,
        196.74896240234375
      ],
      "max_font_size": 10.5600004196167,
      "text": "26 163.31 100.04 50.14 36.94 28.91 22.69 87.42 53.54 26.81 19.74 15.43 12.08",
      "is_heading": false
    },
    {
      "bbox": [
        54.263999938964844,
        202.2689208984375,
        574.9200439453125,
        212.82891845703125
      ],
      "max_font_size": 10.5600004196167,
      "text": "27 164.95 101.04 50.65 37.32 29.21 22.94 88.00 53.89 26.99 19.87 15.53 12.16",
      "is_heading": false
    },
    {
      "bbox": [
        54.263999938964844,
        218.37896728515625,
        574.9200439453125,
        228.93896484375
      ],
      "max_font_size": 10.5600004196167,
      "text": "28 166.50 102.00 51.13 37.68 29.49 23.18 88.55 54.23 27.16 20.00 15.63 12.24",
      "is_heading": false
    },
    {
      "bbox": [
        54.263999938964844,
        234.45892333984375,
        574.9200439453125,
        245.0189208984375
      ],
      "max_font_size": 10.5600004196167,
      "text": "29 167.96 102.90 51.58 38.02 29.76 23.40 89.07 54.55 27.32 20.11 15.73 12.32",
      "is_heading": false
    },
    {
      "bbox": [
        54.263999938964844,
        250.658935546875,
        574.9200439453125,
        261.21893310546875
      ],
      "max_font_size": 10.5600004196167,
      "text": "30 169.31 103.73 52.00 38.33 30.01 23.62 89.53 54.84 27.46 20.22 15.81 12.39",
      "is_heading": false
    },
    {
      "bbox": [
        54.263999938964844,
        266.73895263671875,
        561.2400512695312,
        277.2989501953125
      ],
      "max_font_size": 10.5600004196167,
      "text": "31 170.51 104.47 52.37 38.61 30.24  89.94 55.09 27.59 20.31 15.89",
      "is_heading": false
    },
    {
      "bbox": [
        54.263999938964844,
        282.81890869140625,
        561.2400512695312,
        293.37890625
      ],
      "max_font_size": 10.5600004196167,
      "text": "32 171.55 105.11 52.69 38.85 30.44  90.27 55.29 27.69 20.39 15.95",
      "is_heading": false
    },
    {
      "bbox": [
        54.263999938964844,
        298.89892578125,
        561.2400512695312,
        309.45892333984375
      ],
      "max_font_size": 10.5600004196167,
      "text": "33 172.40 105.63 52.96 39.05 30.61  90.50 55.43 27.76 20.44 15.99",
      "is_heading": false
    },
    {
      "bbox": [
        54.263999938964844,
        314.97894287109375,
        561.2400512695312,
        325.5389404296875
      ],
      "max_font_size": 10.5600004196167,
      "text": "34 173.01 106.00 53.15 39.21 30.74  90.61 55.49 27.79 20.47 16.02",
      "is_heading": false
    },
    {
      "bbox": [
        54.263999938964844,
        331.0589294433594,
        561.2400512695312,
        341.6189270019531
      ],
      "max_font_size": 10.5600004196167,
      "text": "35 173.64 106.39 53.36 39.37 30.88  90.80 55.61 27.86 20.52 16.06",
      "is_heading": false
    },
    {
      "bbox": [
        54.263999938964844,
        347.2589416503906,
        561.2400512695312,
        357.8189392089844
      ],
      "max_font_size": 10.5600004196167,
      "text": "36 174.91 107.17 53.76 39.68 31.13  91.58 56.08 28.10 20.70 16.20",
      "is_heading": false
    },
    {
      "bbox": [
        54.263999938964844,
        363.33892822265625,
        561.2400512695312,
        373.89892578125
      ],
      "max_font_size": 10.5600004196167,
      "text": "37 175.96 107.83 54.10 39.95 31.35  92.25 56.50 28.31 20.86 16.33",