{
  "page_no": 6,
  "width": 595.3200073242188,
  "height": 841.9199829101562,
  "text": "方案一 \n保险期间 \n保至65 周岁 \n性别 \n男性 \n女性 \n交费期间\n年龄 \n3 年交 5 年交 10 年交 15 年交 20 年交 30 年交 3 年交 5 年交 10 年交 15 年交 20 年交 30 年交 \n55 \n219.23 134.84 \n \n \n \n \n125.03 76.73 \n \n \n \n \n56 \n207.35 127.58 \n \n \n \n \n118.77 72.91 \n \n \n \n \n57 \n193.88 119.34 \n \n \n \n \n111.58 68.51 \n \n \n \n \n58 \n178.64 110.02 \n \n \n \n \n103.32 63.46 \n \n \n \n \n59 \n161.39 99.45 \n \n \n \n \n93.82 \n57.65 \n \n \n \n \n60 \n141.76 87.42 \n \n \n \n \n82.84 \n50.93 \n \n \n \n \n注：半年交保险费=年交保险费*0.52，季交保险费=年交保险费*0.27，月交保险费=年交\n保险费*0.09。 \n                                                          单位：人民币元 \n方案一 \n保险期间 \n保至70 周岁 \n性别 \n男性 \n女性 \n交费期间\n年龄 \n3 年交 5 年交 10 年交 15 年交 20 年交 30 年交 3 年交 5 年交 10 年交 15 年交 20 年交 30 年交 \n18 \n268.20 164.26 82.28 60.59 47.39 37.10 159.38 97.60 \n48.87 \n35.97 \n28.12 21.98 \n19 \n273.18 167.31 83.81 61.73 48.27 37.81 162.02 99.22 \n49.68 \n36.57 \n28.58 22.35 \n20 \n278.21 170.40 85.36 62.87 49.17 38.52 164.69 100.85 50.50 \n37.18 \n29.06 22.72 \n21 \n283.29 173.51 86.93 64.03 50.08 39.24 167.39 102.51 51.33 \n37.79 \n29.53 23.10 \n22 \n288.44 176.67 88.51 65.20 51.00 39.97 170.14 104.19 52.18 \n38.41 \n30.02 23.48 \n23 \n293.64 179.86 90.12 66.39 51.93 40.72 172.93 105.90 53.03 \n39.04 \n30.51 23.87 \n24 \n298.90 183.09 91.74 67.59 52.88 41.47 175.76 107.64 53.90 \n39.68 \n31.02 24.27 \n25 \n304.21 186.34 93.38 68.80 53.83 42.24 178.64 109.40 54.79 \n40.33 \n31.53 24.67 \n26 \n309.57 189.63 95.04 70.03 54.79 43.02 181.56 111.19 55.69 \n41.00 \n32.05 25.08 \n27 \n314.95 192.94 96.70 71.26 55.77 43.80 184.53 113.01 56.60 \n41.67 \n32.57 25.50 \n28 \n320.36 196.26 98.37 72.50 56.74 44.59 187.53 114.85 57.52 \n42.35 \n33.11 25.93 \n29 \n325.77 199.58 100.05 73.74 57.72 45.39 190.57 116.71 58.46 \n43.04 \n33.65 26.36 \n30 \n331.18 202.90 101.71 74.97 58.71 46.19 193.61 118.58 59.39 \n43.73 \n34.19 26.80 \n31 \n336.55 206.21 103.37 76.21 59.68 47.00 196.67 120.46 60.33 \n44.42 \n34.74 27.23 \n32 \n341.88 209.48 105.01 77.43 60.66 47.80 199.72 122.32 61.26 \n45.11 \n35.28 27.67 \n33 \n347.14 212.69 106.63 78.64 61.63 48.61 202.75 124.17 62.19 \n45.80 \n35.83 28.11 \n34 \n352.28 215.83 108.22 79.83 62.58 49.40 205.71 125.98 63.10 \n46.47 \n36.36 28.55 \n35 \n357.53 219.06 109.86 81.07 63.57 50.23 208.83 127.89 64.06 \n47.19 \n36.93 29.01 \n36 \n363.54 222.75 111.74 82.48 64.71 51.18 212.59 130.20 65.23 \n48.06 \n37.62 29.57 \n37 \n369.48 226.41 113.60 83.88 65.84 52.14 216.34 132.50 66.39 \n48.92 \n38.30 30.13 \n38 \n375.32 230.01 115.44 85.27 66.96 53.10 220.05 134.78 67.54 \n49.78 \n38.98 30.69 \n39 \n381.04 233.54 117.25 86.65 68.07 54.05 223.71 137.03 68.68 \n50.63 \n39.66 31.25 \n40 \n386.58 236.96 119.01 87.99 69.16 55.01 227.28 139.23 69.79 \n51.46 \n40.32 31.81 \n41 \n391.92 240.26 120.71 89.29 70.22 \n \n230.75 141.36 70.87 \n52.28 \n40.97 \n \n",
  "blocks": [
    {
      "bbox": [
        283.75,
        73.98895263671875,
        321.7900085449219,
        84.54895782470703
      ],
      "max_font_size": 10.5600004196167,
      "text": "方案一",
      "is_heading": false
    },
    {
      "bbox": [
        38.52000045776367,
        90.06890869140625,
        367.2699890136719,
        100.62891387939453
      ],
      "max_font_size": 10.5600004196167,
      "text": "保险期间 保至65 周岁",
      "is_heading": false
    },
    {
      "bbox": [
        49.08000183105469,
        106.14892578125,
        465.5799865722656,
        116.70893096923828
      ],
      "max_font_size": 10.5600004196167,
      "text": "性别 男性 女性",
      "is_heading": false
    },
    {
      "bbox": [
        26.760000228881836,
        122.22894287109375,
        578.280029296875,
        148.388916015625
      ],
      "max_font_size": 10.5600004196167,
      "text": "交费期间年龄 3 年交 5 年交 10 年交 15 年交 20 年交 30 年交 3 年交 5 年交 10 年交 15 年交 20 年交 30 年交",
      "is_heading": false
    },
    {
      "bbox": [
        54.263999938964844,
        154.0289306640625,
        561.2400512695312,
        164.58892822265625
      ],
      "max_font_size": 10.5600004196167,
      "text": "55 219.23 134.84     125.03 76.73",
      "is_heading": false
    },
    {
      "bbox": [
        54.263999938964844,
        170.10894775390625,
        561.2400512695312,
        180.6689453125
      ],
      "max_font_size": 10.5600004196167,
      "text": "56 207.35 127.58     118.77 72.91",
      "is_heading": false
    },
    {
      "bbox": [
        54.263999938964844,
        186.18896484375,
        561.2400512695312,
        196.74896240234375
      ],
      "max_font_size": 10.5600004196167,
      "text": "57 193.88 119.34     111.58 68.51",
      "is_heading": false
    },
    {
      "bbox": [
        54.263999938964844,
        202.2689208984375,
        561.2400512695312,
        212.82891845703125
      ],
      "max_font_size": 10.5600004196167,
      "text": "58 178.64 110.02     103.32 63.46",
      "is_heading": false
    },
    {
      "bbox": [
        54.263999938964844,
        218.37896728515625,
        561.2400512695312,
        228.93896484375
      ],
      "max_font_size": 10.5600004196167,
      "text": "59 161.39 99.45     93.82 57.65",
      "is_heading": false
    },
    {
      "bbox": [
        54.263999938964844,
        234.45892333984375,
        561.2400512695312,
        245.0189208984375
      ],
      "max_font_size": 10.5600004196167,
      "text": "60 141.76 87.42     82.84 50.93",
      "is_heading": false
    },
    {
      "bbox": [
        89.90399932861328,
        250.658935546875,
        510.1000061035156,
        276.81890869140625
      ],
      "max_font_size": 10.5600004196167,
      "text": "注：半年交保险费=年交保险费*0.52，季交保险费=年交保险费*0.27，月交保险费=年交保险费*0.09。",
      "is_heading": false
    },
    {
      "bbox": [
        98.06400299072266,
        289.658935546875,
        507.4800109863281,
        300.21893310546875
      ],
      "max_font_size": 10.5600004196167,
      "text": "单位：人民币元",
      "is_heading": false
    },
    {
      "bbox": [
        283.75,
        305.73895263671875,
        321.7900085449219,
        316.2989501953125
      ],
      "max_font_size": 10.5600004196167,
      "text": "方案一",
      "is_heading": false
    },
    {
      "bbox": [
        38.52000045776367,
        321.8189392089844,
        367.2699890136719,
        332.3789367675781
      ],
      "max_font_size": 10.5600004196167,
      "text": "保险期间 保至70 周岁",
      "is_heading": false
    },
    {
      "bbox": [
        49.08000183105469,
        337.89892578125,
        465.5799865722656,
        348.45892333984375
      ],
      "max_font_size": 10.5600004196167,
      "text": "性别 男性 女性",
      "is_heading": false
    },
    {
      "bbox": [
        26.760000228881836,
        353.97894287109375,
        578.280029296875,
        380.1389465332031
      ],
      "max_font_size": 10.5600004196167,
      "text": "交费期间年龄 3 年交 5 年交 10 年交 15 年交 20 年交 30 年交 3 年交 5 年交 10 年交 15 年交 20 年交 30 年交",
      "is_heading": false
    },
    {
      "bbox": [
        54.263999938964844,
        385.6789245605469,
        574.9200439453125,
        396.2389221191406
      ],
      "max_font_size": 10.5600004196167,
      "text": "18 268.20 164.26 82.28 60.59 47.39 37.10 159.38 97.60 48.87 35.97 28.12 21.98",
      "is_heading": false
    },
    {
      "bbox": [
        54.263999938964844,
        401.8789367675781,
        574.9200439453125,
        412.4389343261719
      ],
      "max_font_size": 10.5600004196167,
      "text": "19 273.18 167.31 83.81 61.73 48.27 37.81 162.02 99.22 49.68 36.57 28.58 22.35",
      "is_heading": false
    },
    {
      "bbox": [
        54.263999938964844,
        417.95892333984375,
        574.9200439453125,
        428.5189208984375
      ],
      "max_font_size": 10.5600004196167,
      "text": "20 278.21 170.40 85.36 62.87 49.17 38.52 164.69 100.85 50.50 37.18 29.06 22.72",