{
  "page_no": 9,
  "width": 595.3200073242188,
  "height": 841.9199829101562,
  "text": "                                                             单位：人民币元 \n方案二 \n保险期间 \n30 年 \n性别 \n男性 \n女性 \n交费期间\n年龄 \n3 年交 5 年交 10 年交 15 年交 20 年交 30 年交 3 年交 5 年交 10 年交 15 年交 20 年交 30 年交 \n18 \n81.60 \n49.97 25.03 18.43 14.42 11.29 48.54 \n29.73 \n14.89 \n10.96 \n8.56 \n6.69 \n19 \n86.51 \n52.98 26.54 19.55 15.29 11.97 50.69 \n31.04 \n15.55 \n11.44 \n8.94 \n6.99 \n20 \n91.93 \n56.31 28.21 20.78 16.25 12.73 53.11 \n32.52 \n16.29 \n11.99 \n9.37 \n7.33 \n21 \n97.91 \n59.97 30.04 22.13 17.31 13.56 55.82 \n34.18 \n17.12 \n12.60 \n9.85 \n7.70 \n22 \n104.49 64.00 32.06 23.62 18.48 14.48 58.86 \n36.04 \n18.05 \n13.29 \n10.39 \n8.12 \n23 \n111.67 68.40 34.27 25.25 19.75 15.49 62.24 \n38.12 \n19.09 \n14.05 \n10.98 \n8.59 \n24 \n119.51 73.20 36.68 27.02 21.14 16.58 66.00 \n40.42 \n20.24 \n14.90 \n11.65 \n9.11 \n25 \n128.00 78.41 39.29 28.95 22.65 17.77 70.16 \n42.97 \n21.52 \n15.84 \n12.38 \n9.69 \n26 \n137.18 84.03 42.12 31.03 24.28 19.06 74.74 \n45.77 \n22.92 \n16.88 \n13.19 10.33 \n27 \n147.05 90.08 45.15 33.27 26.04 20.45 79.76 \n48.85 \n24.47 \n18.01 \n14.08 11.02 \n28 \n157.66 96.58 48.41 35.68 27.92 21.95 85.28 \n52.23 \n26.16 \n19.26 \n15.06 11.79 \n29 \n169.08 103.59 51.93 38.27 29.96 23.56 91.34 \n55.94 \n28.02 \n20.63 \n16.13 12.64 \n30 \n181.44 111.17 55.73 41.08 32.16 25.31 98.05 \n60.05 \n30.08 \n22.14 \n17.32 13.57 \n31 \n194.90 119.42 59.86 44.13 34.56 27.22 105.51 64.62 \n32.36 \n23.83 \n18.64 14.61 \n32 \n209.63 128.44 64.39 47.48 37.20 29.31 113.85 69.73 \n34.92 \n25.72 \n20.11 15.78 \n33 \n225.85 138.37 69.38 51.16 40.09 31.62 123.24 75.48 \n37.80 \n27.84 \n21.78 17.09 \n34 \n243.73 149.33 74.88 55.23 43.30 34.18 133.82 81.95 \n41.05 \n30.23 \n23.65 18.57 \n35 \n263.78 161.62 81.05 59.81 46.90 37.06 146.01 89.42 \n44.79 \n32.99 \n25.82 20.28 \n36 \n286.12 175.31 87.94 64.91 50.93 40.28 160.12 98.06 \n49.13 \n36.19 \n28.33 22.27 \n37 \n310.86 190.49 95.58 70.57 55.39 43.87 176.07 107.84 54.03 \n39.81 \n31.17 24.52 \n38 \n338.30 207.32 104.05 76.86 60.35 47.86 194.13 118.90 59.58 \n43.92 \n34.39 27.07 \n39 \n368.74 226.00 113.46 83.85 65.87 52.31 214.59 131.44 65.88 \n48.57 \n38.04 29.98 \n40 \n402.53 246.74 123.91 91.62 72.01 57.28 237.75 145.64 73.00 \n53.83 \n42.18 33.27 \n41 \n440.00 269.74 135.52 100.25 78.84 62.82 263.96 161.71 81.08 \n59.80 \n46.87 37.02 \n42 \n481.48 295.21 148.38 109.82 86.41 68.99 293.59 179.87 90.20 \n66.55 \n52.18 41.26 \n43 \n527.28 323.34 162.59 120.41 94.80 75.86 326.98 200.35 100.49 74.17 \n58.17 46.08 \n44 \n577.65 354.30 178.24 132.08 104.06 83.48 364.54 223.38 112.07 82.75 \n64.93 51.52 \n45 \n632.81 388.21 195.41 144.89 114.24 91.91 406.63 249.19 125.06 92.37 \n72.51 57.65 \n46 \n692.94 425.18 214.14 158.88 125.38 \n \n453.62 278.02 139.57 103.12 81.00 \n \n47 \n758.15 465.30 234.48 174.09 137.51 \n \n505.88 310.09 155.72 115.10 90.46 \n \n48 \n828.53 508.62 256.46 190.56 150.68 \n \n563.75 345.60 173.61 128.39 100.97 \n \n49 \n904.12 555.16 280.10 208.30 164.90 \n \n627.55 384.76 193.35 143.06 112.61 \n \n50 \n984.90 604.92 305.41 227.33 180.22 \n \n697.55 427.75 215.04 159.20 125.43 \n \n51 \n1070.80 657.86 332.36 247.66 \n \n \n774.01 474.71 238.74 176.87 \n \n \n52 \n1161.66 713.88 360.93 269.26 \n \n \n857.08 525.74 264.53 196.12 \n \n \n53 \n1257.20 772.82 391.04 292.13 \n \n \n946.84 580.90 292.43 217.01 \n \n \n54 \n1357.07 834.46 422.62 316.22 \n \n \n1043.23 640.15 322.44 239.54 \n \n \n",
  "blocks": [
    {
      "bbox": [
        89.90399932861328,
        73.5089111328125,
        515.6400146484375,
        84.06891632080078
      ],
      "max_font_size": 10.5600004196167,
      "text": "单位：人民币元",
      "is_heading": false
    },
    {
      "bbox": [
        283.75,
        89.58892822265625,
        321.7900085449219,
        100.14893341064453
      ],
      "max_font_size": 10.5600004196167,
      "text": "方案二",
      "is_heading": false
    },
    {
      "bbox": [
        38.52000045776367,
        105.6689453125,
        350.2300109863281,
        116.22895050048828
      ],
      "max_font_size": 10.5600004196167,
      "text": "保险期间 30 年",
      "is_heading": false
    },
    {
      "bbox": [
        49.08000183105469,
        121.74896240234375,
        465.5799865722656,
        132.3089599609375
      ],
      "max_font_size": 10.5600004196167,
      "text": "性别 男性 女性",
      "is_heading": false
    },
    {
      "bbox": [
        26.760000228881836,
        137.82891845703125,
        578.280029296875,
        163.98895263671875
      ],
      "max_font_size": 10.5600004196167,
      "text": "交费期间年龄 3 年交 5 年交 10 年交 15 年交 20 年交 30 年交 3 年交 5 年交 10 年交 15 年交 20 年交 30 年交",
      "is_heading": false
    },
    {
      "bbox": [
        54.263999938964844,
        169.62896728515625,
        572.1600341796875,
        180.18896484375
      ],
      "max_font_size": 10.5600004196167,
      "text": "18 81.60 49.97 25.03 18.43 14.42 11.29 48.54 29.73 14.89 10.96 8.56 6.69",
      "is_heading": false
    },
    {
      "bbox": [
        54.263999938964844,
        185.70892333984375,
        572.1600341796875,
        196.2689208984375
      ],
      "max_font_size": 10.5600004196167,
      "text": "19 86.51 52.98 26.54 19.55 15.29 11.97 50.69 31.04 15.55 11.44 8.94 6.99",
      "is_heading": false
    },
    {
      "bbox": [
        54.263999938964844,
        201.7889404296875,
        572.1600341796875,
        212.34893798828125
      ],
      "max_font_size": 10.5600004196167,
      "text": "20 91.93 56.31 28.21 20.78 16.25 12.73 53.11 32.52 16.29 11.99 9.37 7.33",
      "is_heading": false
    },
    {
      "bbox": [
        54.263999938964844,
        217.89892578125,
        572.1600341796875,
        228.45892333984375
      ],
      "max_font_size": 10.5600004196167,
      "text": "21 97.91 59.97 30.04 22.13 17.31 13.56 55.82 34.18 17.12 12.60 9.85 7.70",
      "is_heading": false
    },
    {
      "bbox": [
        54.263999938964844,
        233.97894287109375,
        572.1600341796875,
        244.5389404296875
      ],
      "max_font_size": 10.5600004196167,
      "text": "22 104.49 64.00 32.06 23.62 18.48 14.48 58.86 36.04 18.05 13.29 10.39 8.12",
      "is_heading": false
    },
    {
      "bbox": [
        54.263999938964844,
        250.0589599609375,
        572.1600341796875,
        260.61895751953125
      ],
      "max_font_size": 10.5600004196167,
      "text": "23 111.67 68.40 34.27 25.25 19.75 15.49 62.24 38.12 19.09 14.05 10.98 8.59",
      "is_heading": false
    },
    {
      "bbox": [
        54.263999938964844,
        266.2589111328125,
        572.1600341796875,
        276.81890869140625
      ],
      "max_font_size": 10.5600004196167,
      "text": "24 119.51 73.20 36.68 27.02 21.14 16.58 66.00 40.42 20.24 14.90 11.65 9.11",
      "is_heading": false
    },
    {
      "bbox": [
        54.263999938964844,
        282.33892822265625,
        572.1600341796875,
        292.89892578125
      ],
      "max_font_size": 10.5600004196167,
      "text": "25 128.00 78.41 39.29 28.95 22.65 17.77 70.16 42.97 21.52 15.84 12.38 9.69",
      "is_heading": false
    },
    {
      "bbox": [
        54.263999938964844,
        298.4189453125,
        574.9200439453125,
        308.97894287109375
      ],
      "max_font_size": 10.5600004196167,
      "text": "26 137.18 84.03 42.12 31.03 24.28 19.06 74.74 45.77 22.92 16.88 13.19 10.33",
      "is_heading": false
    },
    {
      "bbox": [
        54.263999938964844,
        314.49896240234375,
        574.9200439453125,
        325.0589599609375
      ],
      "max_font_size": 10.5600004196167,
      "text": "27 147.05 90.08 45.15 33.27 26.04 20.45 79.76 48.85 24.47 18.01 14.08 11.02",
      "is_heading": false
    },
    {
      "bbox": [
        54.263999938964844,
        330.5789489746094,
        574.9200439453125,
        341.1389465332031
      ],
      "max_font_size": 10.5600004196167,