{
  "page_no": 2,
  "width": 595.3200073242188,
  "height": 842.0399780273438,
  "text": " \n52 \n674.2 \n266.6 \n167.2 \n92.5 \n \n \n640.2 \n251.9 \n157.3 \n86.0 \n \n \n53 \n687.4 \n272.0 \n170.7 \n94.6 \n \n \n656.5 \n258.5 \n161.6 \n88.4 \n \n \n54 \n699.9 \n277.2 \n174.1 \n96.7 \n \n \n673.0 \n265.2 \n165.8 \n90.9 \n \n \n55 \n711.5 \n282.1 \n177.3 \n98.6 \n \n \n689.4 \n271.9 \n170.1 \n93.3 \n \n \n56 \n722.0 \n286.5 \n180.2 \n \n \n \n705.7 \n278.6 \n174.3 \n \n \n \n57 \n731.4 \n290.5 \n182.9 \n \n \n \n721.8 \n285.2 \n178.6 \n \n \n \n58 \n739.5 \n294.0 \n185.3 \n \n \n \n737.5 \n291.6 \n182.7 \n \n \n \n59 \n746.5 \n297.1 \n187.5 \n \n \n \n752.4 \n297.8 \n186.7 \n \n \n \n60 \n752.2 \n299.8 \n189.4 \n \n \n \n766.3 \n303.6 \n190.5 \n \n \n \n61 \n756.5 \n \n \n \n \n \n778.8 \n \n \n \n \n \n62 \n759.3 \n \n \n \n \n \n789.9 \n \n \n \n \n \n63 \n760.6 \n \n \n \n \n \n799.7 \n \n \n \n \n \n64 \n760.0 \n \n \n \n \n \n807.9 \n \n \n \n \n \n65 \n757.4 \n \n \n \n \n \n814.3 \n \n \n \n \n \n注：月交保险费=年交保险费*0.09。 \n \n \n \n保至终身 \n年龄 \n男性 \n女性 \n趸交 \n3 年交 5 年交 10 年交 15 年交 20 年交 \n趸交 \n3 年交 5 年交 10 年交 15 年交 20 年交 \n18 \n375.5 \n146.2 \n90.9 \n49.1 \n34.5 \n27.7 \n423.6 \n165.1 \n102.7 \n55.5 \n39.0 \n31.3 \n19 \n387.1 \n150.8 \n93.7 \n50.7 \n35.6 \n28.6 \n437.1 \n170.5 \n106.0 \n57.3 \n40.3 \n32.3 \n20 \n399.1 \n155.5 \n96.7 \n52.3 \n36.8 \n29.5 \n451.2 \n176.0 \n109.5 \n59.2 \n41.6 \n33.4 \n21 \n411.4 \n160.4 \n99.7 \n53.9 \n38.0 \n30.5 \n465.7 \n181.8 \n113.1 \n61.1 \n43.0 \n34.5 \n22 \n424.1 \n165.4 \n102.9 \n55.6 \n39.2 \n31.5 \n480.7 \n187.7 \n116.8 \n63.2 \n44.5 \n35.7 \n23 \n437.3 \n170.6 \n106.1 \n57.4 \n40.4 \n32.5 \n496.2 \n193.9 \n120.6 \n65.3 \n46.0 \n36.9 \n24 \n450.7 \n175.9 \n109.5 \n59.2 \n41.7 \n33.5 \n512.3 \n200.3 \n124.6 \n67.4 \n47.5 \n38.2 \n25 \n464.6 \n181.4 \n112.9 \n61.1 \n43.1 \n34.6 \n529.0 \n206.9 \n128.8 \n69.7 \n49.1 \n39.5 \n26 \n478.9 \n187.1 \n116.5 \n63.1 \n44.5 \n35.8 \n546.2 \n213.7 \n133.0 \n72.1 \n50.8 \n40.8 \n27 \n493.7 \n193.0 \n120.1 \n65.1 \n45.9 \n36.9 \n564.0 \n220.8 \n137.5 \n74.5 \n52.5 \n42.2 \n28 \n508.8 \n199.0 \n123.9 \n67.2 \n47.4 \n38.2 \n582.5 \n228.2 \n142.1 \n77.0 \n54.3 \n43.7 \n29 \n524.5 \n205.2 \n127.8 \n69.3 \n48.9 \n39.4 \n601.6 \n235.8 \n146.9 \n79.6 \n56.2 \n45.2 \n30 \n540.7 \n211.7 \n131.9 \n71.6 \n50.5 \n40.7 \n621.4 \n243.8 \n151.8 \n82.4 \n58.1 \n46.8 \n31 \n557.4 \n218.3 \n136.0 \n73.9 \n52.2 \n42.1 \n641.9 \n252.0 \n157.0 \n85.2 \n60.2 \n48.5 \n32 \n574.6 \n225.2 \n140.4 \n76.2 \n53.9 \n43.5 \n663.2 \n260.5 \n162.3 \n88.2 \n62.3 \n50.2 \n33 \n592.3 \n232.3 \n144.8 \n78.7 \n55.7 \n45.0 \n685.2 \n269.4 \n167.9 \n91.2 \n64.5 \n52.0 \n34 \n610.6 \n239.7 \n149.4 \n81.3 \n57.5 \n46.5 \n708.1 \n278.6 \n173.7 \n94.4 \n66.8 \n53.9 \n35 \n629.4 \n247.2 \n154.2 \n83.9 \n59.5 \n48.1 \n731.8 \n288.1 \n179.7 \n97.7 \n69.1 \n55.9 \n36 \n648.8 \n255.0 \n159.1 \n86.7 \n61.5 \n49.8 \n756.4 \n298.1 \n185.9 \n101.2 \n71.6 \n57.9 \n37 \n668.7 \n263.1 \n164.1 \n89.5 \n63.5 \n51.5 \n781.9 \n308.4 \n192.4 \n104.8 \n74.2 \n60.1 \n38 \n689.2 \n271.3 \n169.4 \n92.4 \n65.7 \n53.3 \n808.4 \n319.1 \n199.2 \n108.6 \n77.0 \n62.3 \n39 \n710.3 \n279.9 \n174.8 \n95.5 \n67.9 \n55.2 \n835.8 \n330.3 \n206.2 \n112.5 \n79.8 \n64.7 \n40 \n732.0 \n288.7 \n180.3 \n98.6 \n70.2 \n57.2 \n864.2 \n341.8 \n213.5 \n116.6 \n82.7 \n67.2 \n41 \n754.2 \n297.7 \n186.0 \n101.9 \n72.6 \n59.2 \n893.7 \n353.9 \n221.1 \n120.8 \n85.8 \n69.7 \n",
  "blocks": [
    {
      "bbox": [
        54.959999084472656,
        76.7843246459961,
        538.9599609375,
        275.2943115234375
      ],
      "max_font_size": 9.960000038146973,
      "text": "52 674.2 266.6 167.2 92.5   640.2 251.9 157.3 86.0   53 687.4 272.0 170.7 94.6   656.5 258.5 161.6 88.4   54 699.9 277.2 174.1 96.7   673.0 265.2 165.8 90.9   55 711.5 282.1 177.3 98.6   689.4 271.9 170.1 93.3   56 722.0 286.5 180.2    705.7 278.6 174.3    57 731.4 290.5 182.9    721.8 285.2 178.6    58 739.5 294.0 185.3    737.5 291.6 182.7    59 746.5 297.1 187.5    752.4 297.8 186.7    60 752.2 299.8 189.4    766.3 303.6 190.5    61 756.5      778.8      62 759.3      789.9      63 760.6      799.7      64 760.0      807.9      65 757.4      814.3",
      "is_heading": false
    },
    {
      "bbox": [
        79.46399688720703,
        285.09893798828125,
        252.77000427246094,
        295.658935546875
      ],
      "max_font_size": 10.5600004196167,
      "text": "注：月交保险费=年交保险费*0.09。",
      "is_heading": false
    },
    {
      "bbox": [
        274.8500061035156,
        360.4943542480469,
        319.7900085449219,
        370.454345703125
      ],
      "max_font_size": 9.960000038146973,
      "text": "保至终身",
      "is_heading": false
    },
    {
      "bbox": [
        49.91999816894531,
        385.3343505859375,
        74.96400451660156,
        395.2943420410156
      ],
      "max_font_size": 9.960000038146973,
      "text": "年龄",
      "is_heading": false
    },
    {
      "bbox": [
        191.17999267578125,
        376.5743408203125,
        450.9700012207031,
        386.5343322753906
      ],
      "max_font_size": 9.960000038146973,
      "text": "男性 女性",
      "is_heading": false
    },
    {
      "bbox": [
        92.90399932861328,
        392.65435791015625,
        555.0399780273438,
        402.6143493652344
      ],
      "max_font_size": 9.960000038146973,
      "text": "趸交 3 年交 5 年交 10 年交 15 年交 20 年交 趸交 3 年交 5 年交 10 年交 15 年交 20 年交",
      "is_heading": false
    },
    {
      "bbox": [
        54.959999084472656,
        408.6143493652344,
        548.9199829101562,
        752.100341796875
      ],
      "max_font_size": 9.960000038146973,
      "text": "18 375.5 146.2 90.9 49.1 34.5 27.7 423.6 165.1 102.7 55.5 39.0 31.3 19 387.1 150.8 93.7 50.7 35.6 28.6 437.1 170.5 106.0 57.3 40.3 32.3 20 399.1 155.5 96.7 52.3 36.8 29.5 451.2 176.0 109.5 59.2 41.6 33.4 21 411.4 160.4 99.7 53.9 38.0 30.5 465.7 181.8 113.1 61.1 43.0 34.5 22 424.1 165.4 102.9 55.6 39.2 31.5 480.7 187.7 116.8 63.2 44.5 35.7 23 437.3 170.6 106.1 57.4 40.4 32.5 496.2 193.9 120.6 65.3 46.0 36.9 24 450.7 175.9 109.5 59.2 41.7 33.5 512.3 200.3 124.6 67.4 47.5 38.2 25 464.6 181.4 112.9 61.1 43.1 34.6 529.0 206.9 128.8 69.7 49.1 39.5 26 478.9 187.1 116.5 63.1 44.5 35.8 546.2 213.7 133.0 72.1 50.8 40.8 27 493.7 193.0 120.1 65.1 45.9 36.9 564.0 220.8 137.5 74.5 52.5 42.2 28 508.8 199.0 123.9 67.2 47.4 38.2 582.5 228.2 142.1 77.0 54.3 43.7 29 524.5 205.2 127.8 69.3 48.9 39.4 601.6 235.8 146.9 79.6 56.2 45.2 30 540.7 211.7 131.9 71.6 50.5 40.7 621.4 243.8 151.8 82.4 58.1 46.8 31 557.4 218.3 136.0 73.9 52.2 42.1 641.9 252.0 157.0 85.2 60.2 48.5 32 574.6 225.2 140.4 76.2 53.9 43.5 663.2 260.5 162.3 88.2 62.3 50.2 33 592.3 232.3 144.8 78.7 55.7 45.0 685.2 269.4 167.9 91.2 64.5 52.0 34 610.6 239.7 149.4 81.3 57.5 46.5 708.1 278.6 173.7 94.4 66.8 53.9 35 629.4 247.2 154.2 83.9 59.5 48.1 731.8 288.1 179.7 97.7 69.1 55.9 36 648.8 255.0 159.1 86.7 61.5 49.8 756.4 298.1 185.9 101.2 71.6 57.9 37 668.7 263.1 164.1 89.5 63.5 51.5 781.9 308.4 192.4 104.8 74.2 60.1 38 689.2 271.3 169.4 92.4 65.7 53.3 808.4 319.1 199.2 108.6 77.0 62.3 39 710.3 279.9 174.8 95.5 67.9 55.2 835.8 330.3 206.2 112.5 79.8 64.7 40 732.0 288.7 180.3 98.6 70.2 57.2 864.2 341.8 213.5 116.6 82.7 67.2 41 754.2 297.7 186.0 101.9 72.6 59.2 893.7 353.9 221.1 120.8 85.8 69.7",
      "is_heading": false
    }
  ]
}