{
  "page_no": 1,
  "width": 595.3200073242188,
  "height": 842.0399780273438,
  "text": " \n利安人寿保险股份有限公司 \n利安安鑫相伴长期护理保险 \n费率表 \n(每千元基本保险金额对应的趸交或年交保险费) \n \n单位：人民币元 \n保至80 周岁 \n年龄 \n男性 \n女性 \n趸交 \n3 年交 5 年交 10 年交 15 年交 20 年交 \n趸交 \n3 年交 5 年交 10 年交 15 年交 20 年交 \n18 \n273.5 \n106.1 \n65.9 \n35.5 \n25.0 \n20.0 \n237.7 \n92.1 \n57.2 \n30.8 \n21.6 \n17.3 \n19 \n281.6 \n109.3 \n67.9 \n36.6 \n25.7 \n20.6 \n244.9 \n94.9 \n58.9 \n31.7 \n22.3 \n17.8 \n20 \n289.9 \n112.5 \n69.9 \n37.7 \n26.5 \n21.2 \n252.2 \n97.8 \n60.7 \n32.7 \n23.0 \n18.3 \n21 \n298.4 \n115.9 \n72.0 \n38.9 \n27.3 \n21.9 \n259.8 \n100.8 \n62.6 \n33.7 \n23.7 \n18.9 \n22 \n307.2 \n119.3 \n74.2 \n40.0 \n28.1 \n22.5 \n267.7 \n103.8 \n64.5 \n34.7 \n24.4 \n19.5 \n23 \n316.2 \n122.9 \n76.4 \n41.2 \n29.0 \n23.2 \n275.8 \n107.0 \n66.5 \n35.8 \n25.1 \n20.1 \n24 \n325.4 \n126.5 \n78.6 \n42.5 \n29.9 \n23.9 \n284.2 \n110.3 \n68.5 \n36.9 \n25.9 \n20.7 \n25 \n334.9 \n130.2 \n81.0 \n43.7 \n30.8 \n24.7 \n292.8 \n113.7 \n70.6 \n38.1 \n26.7 \n21.4 \n26 \n344.6 \n134.0 \n83.3 \n45.0 \n31.7 \n25.4 \n301.6 \n117.1 \n72.8 \n39.2 \n27.6 \n22.1 \n27 \n354.5 \n138.0 \n85.8 \n46.4 \n32.6 \n26.2 \n310.7 \n120.7 \n75.0 \n40.4 \n28.4 \n22.7 \n28 \n364.7 \n142.0 \n88.3 \n47.7 \n33.6 \n27.0 \n320.1 \n124.4 \n77.3 \n41.7 \n29.3 \n23.5 \n29 \n375.2 \n146.1 \n90.9 \n49.2 \n34.6 \n27.8 \n329.8 \n128.2 \n79.7 \n43.0 \n30.2 \n24.2 \n30 \n385.9 \n150.4 \n93.5 \n50.6 \n35.7 \n28.7 \n339.8 \n132.1 \n82.1 \n44.3 \n31.2 \n25.0 \n31 \n397.0 \n154.7 \n96.3 \n52.1 \n36.7 \n29.6 \n350.1 \n136.2 \n84.6 \n45.7 \n32.1 \n25.8 \n32 \n408.3 \n159.2 \n99.1 \n53.7 \n37.8 \n30.5 \n360.7 \n140.3 \n87.2 \n47.1 \n33.1 \n26.6 \n33 \n419.9 \n163.8 \n102.0 \n55.2 \n39.0 \n31.4 \n371.7 \n144.7 \n89.9 \n48.6 \n34.2 \n27.4 \n34 \n431.8 \n168.5 \n104.9 \n56.9 \n40.2 \n32.4 \n382.9 \n149.1 \n92.7 \n50.1 \n35.3 \n28.3 \n35 \n443.9 \n173.3 \n107.9 \n58.5 \n41.4 \n33.4 \n394.6 \n153.7 \n95.6 \n51.7 \n36.4 \n29.2 \n36 \n456.3 \n178.3 \n111.0 \n60.3 \n42.6 \n34.4 \n406.5 \n158.4 \n98.5 \n53.3 \n37.5 \n30.1 \n37 \n469.0 \n183.3 \n114.2 \n62.0 \n43.9 \n35.5 \n418.8 \n163.3 \n101.6 \n54.9 \n38.7 \n31.1 \n38 \n481.9 \n188.5 \n117.4 \n63.8 \n45.2 \n36.6 \n431.5 \n168.3 \n104.7 \n56.7 \n39.9 \n32.1 \n39 \n495.0 \n193.7 \n120.7 \n65.7 \n46.5 \n37.7 \n444.4 \n173.4 \n107.9 \n58.4 \n41.2 \n33.2 \n40 \n508.3 \n199.0 \n124.1 \n67.6 \n47.9 \n38.8 \n457.8 \n178.7 \n111.2 \n60.3 \n42.5 \n34.2 \n41 \n521.8 \n204.4 \n127.5 \n69.5 \n49.3 \n40.0 \n471.5 \n184.2 \n114.7 \n62.2 \n43.9 \n35.4 \n42 \n535.4 \n209.9 \n131.0 \n71.4 \n50.8 \n41.3 \n485.5 \n189.8 \n118.2 \n64.1 \n45.3 \n36.5 \n43 \n549.2 \n215.4 \n134.5 \n73.4 \n52.3 \n42.5 \n499.9 \n195.5 \n121.8 \n66.1 \n46.7 \n37.7 \n44 \n563.1 \n221.1 \n138.0 \n75.5 \n53.8 \n43.8 \n514.5 \n201.3 \n125.4 \n68.1 \n48.2 \n38.9 \n45 \n577.0 \n226.7 \n141.6 \n77.5 \n55.3 \n45.1 \n529.5 \n207.3 \n129.2 \n70.2 \n49.7 \n40.2 \n46 \n591.0 \n232.4 \n145.2 \n79.6 \n56.9 \n \n544.7 \n213.4 \n133.0 \n72.4 \n51.2 \n \n47 \n604.9 \n238.1 \n148.9 \n81.7 \n58.4 \n \n560.1 \n219.6 \n136.9 \n74.5 \n52.8 \n \n48 \n618.9 \n243.8 \n152.6 \n83.9 \n60.0 \n \n575.9 \n225.9 \n140.9 \n76.8 \n54.5 \n \n49 \n632.9 \n249.5 \n156.2 \n86.0 \n61.7 \n \n591.8 \n232.3 \n145.0 \n79.0 \n56.1 \n \n50 \n646.9 \n255.3 \n159.9 \n88.2 \n63.3 \n \n607.8 \n238.8 \n149.1 \n81.3 \n57.8 \n \n51 \n660.7 \n261.0 \n163.6 \n90.3 \n \n \n623.9 \n245.3 \n153.2 \n83.7 \n \n \n",
  "blocks": [
    {
      "bbox": [
        189.25999450683594,
        79.9579849243164,
        415.2699890136719,
        97.9579849243164
      ],
      "max_font_size": 18.0,
      "text": "利安人寿保险股份有限公司",
      "is_heading": false
    },
    {
      "bbox": [
        213.41000366210938,
        111.55963134765625,
        389.16998291015625,
        125.5996322631836
      ],
      "max_font_size": 14.039999961853027,
      "text": "利安安鑫相伴长期护理保险",
      "is_heading": false
    },
    {
      "bbox": [
        276.6499938964844,
        138.55963134765625,
        325.78997802734375,
        152.59963989257812
      ],
      "max_font_size": 14.039999961853027,
      "text": "费率表",
      "is_heading": false
    },
    {
      "bbox": [
        187.4600067138672,
        162.5489501953125,
        413.2300109863281,
        173.10894775390625
      ],
      "max_font_size": 10.5600004196167,
      "text": "(每千元基本保险金额对应的趸交或年交保险费)",
      "is_heading": false
    },
    {
      "bbox": [
        267.2900085449219,
        202.5089111328125,
        521.3800048828125,
        227.86431884765625
      ],
      "max_font_size": 10.5600004196167,
      "text": "单位：人民币元 保至80 周岁",
      "is_heading": false
    },
    {
      "bbox": [
        49.91999816894531,
        242.74435424804688,
        74.96400451660156,
        252.704345703125
      ],
      "max_font_size": 9.960000038146973,
      "text": "年龄",
      "is_heading": false
    },
    {
      "bbox": [
        191.17999267578125,
        233.98434448242188,
        450.9700012207031,
        243.9443359375
      ],
      "max_font_size": 9.960000038146973,
      "text": "男性 女性",
      "is_heading": false
    },
    {
      "bbox": [
        92.90399932861328,
        250.18435668945312,
        555.0399780273438,
        260.14434814453125
      ],
      "max_font_size": 9.960000038146973,
      "text": "趸交 3 年交 5 年交 10 年交 15 年交 20 年交 趸交 3 年交 5 年交 10 年交 15 年交 20 年交",
      "is_heading": false
    },
    {
      "bbox": [
        54.959999084472656,
        266.1743469238281,
        548.9199829101562,
        754.620361328125
      ],
      "max_font_size": 9.960000038146973,
      "text": "18 273.5 106.1 65.9 35.5 25.0 20.0 237.7 92.1 57.2 30.8 21.6 17.3 19 281.6 109.3 67.9 36.6 25.7 20.6 244.9 94.9 58.9 31.7 22.3 17.8 20 289.9 112.5 69.9 37.7 26.5 21.2 252.2 97.8 60.7 32.7 23.0 18.3 21 298.4 115.9 72.0 38.9 27.3 21.9 259.8 100.8 62.6 33.7 23.7 18.9 22 307.2 119.3 74.2 40.0 28.1 22.5 267.7 103.8 64.5 34.7 24.4 19.5 23 316.2 122.9 76.4 41.2 29.0 23.2 275.8 107.0 66.5 35.8 25.1 20.1 24 325.4 126.5 78.6 42.5 29.9 23.9 284.2 110.3 68.5 36.9 25.9 20.7 25 334.9 130.2 81.0 43.7 30.8 24.7 292.8 113.7 70.6 38.1 26.7 21.4 26 344.6 134.0 83.3 45.0 31.7 25.4 301.6 117.1 72.8 39.2 27.6 22.1 27 354.5 138.0 85.8 46.4 32.6 26.2 310.7 120.7 75.0 40.4 28.4 22.7 28 364.7 142.0 88.3 47.7 33.6 27.0 320.1 124.4 77.3 41.7 29.3 23.5 29 375.2 146.1 90.9 49.2 34.6 27.8 329.8 128.2 79.7 43.0 30.2 24.2 30 385.9 150.4 93.5 50.6 35.7 28.7 339.8 132.1 82.1 44.3 31.2 25.0 31 397.0 154.7 96.3 52.1 36.7 29.6 350.1 136.2 84.6 45.7 32.1 25.8 32 408.3 159.2 99.1 53.7 37.8 30.5 360.7 140.3 87.2 47.1 33.1 26.6 33 419.9 163.8 102.0 55.2 39.0 31.4 371.7 144.7 89.9 48.6 34.2 27.4 34 431.8 168.5 104.9 56.9 40.2 32.4 382.9 149.1 92.7 50.1 35.3 28.3 35 443.9 173.3 107.9 58.5 41.4 33.4 394.6 153.7 95.6 51.7 36.4 29.2 36 456.3 178.3 111.0 60.3 42.6 34.4 406.5 158.4 98.5 53.3 37.5 30.1 37 469.0 183.3 114.2 62.0 43.9 35.5 418.8 163.3 101.6 54.9 38.7 31.1 38 481.9 188.5 117.4 63.8 45.2 36.6 431.5 168.3 104.7 56.7 39.9 32.1 39 495.0 193.7 120.7 65.7 46.5 37.7 444.4 173.4 107.9 58.4 41.2 33.2 40 508.3 199.0 124.1 67.6 47.9 38.8 457.8 178.7 111.2 60.3 42.5 34.2 41 521.8 204.4 127.5 69.5 49.3 40.0 471.5 184.2 114.7 62.2 43.9 35.4 42 535.4 209.9 131.0 71.4 50.8 41.3 485.5 189.8 118.2 64.1 45.3 36.5 43 549.2 215.4 134.5 73.4 52.3 42.5 499.9 195.5 121.8 66.1 46.7 37.7 44 563.1 221.1 138.0 75.5 53.8 43.8 514.5 201.3 125.4 68.1 48.2 38.9 45 577.0 226.7 141.6 77.5 55.3 45.1 529.5 207.3 129.2 70.2 49.7 40.2 46 591.0 232.4 145.2 79.6 56.9  544.7 213.4 133.0 72.4 51.2  47 604.9 238.1 148.9 81.7 58.4  560.1 219.6 136.9 74.5 52.8  48 618.9 243.8 152.6 83.9 60.0  575.9 225.9 140.9 76.8 54.5  49 632.9 249.5 156.2 86.0 61.7  591.8 232.3 145.0 79.0 56.1  50 646.9 255.3 159.9 88.2 63.3  607.8 238.8 149.1 81.3 57.8  51 660.7 261.0 163.6 90.3   623.9 245.3 153.2 83.7",
      "is_heading": false
    }
  ]
}