{
  "page_no": 1,
  "width": 595.3200073242188,
  "height": 841.9199829101562,
  "text": "利安人寿保险股份有限公司 \n康无忧定期重大疾病保险 \n费率表 \n (每10000 元基本保险金额) \n \n \n男性                                                 单位：人民币元 \n年\n龄 \n保险期间20 年 \n保险期间30 年 \n保险期间至60 周岁 \n保险期间至70 周岁 \n趸交 \n20 年\n交 \n趸交 \n30 年\n交 \n趸交 \n10 年交 \n20 年\n交 \n30 年\n交 \n趸交 \n10 年\n交 \n20 年\n交 \n30 年\n交 \n3 \n170.3  \n10.9  \n272.7  \n13.2  \n1136.5  \n128.1  \n72.7  \n54.9  \n1810.5  \n204.1  \n115.8  \n87.4  \n4 \n174.1  \n11.1  \n281.3  \n13.6  \n1155.0  \n130.2  \n73.9  \n55.8  \n1846.5  \n208.1  \n118.1  \n89.2  \n5 \n178.9  \n11.4  \n291.9  \n14.1  \n1174.5  \n132.4  \n75.1  \n56.7  \n1884.0  \n212.3  \n120.5  \n91.0  \n6 \n184.6  \n11.8  \n304.5  \n14.7  \n1195.1  \n134.7  \n76.4  \n57.8  \n1922.9  \n216.7  \n123.0  \n92.9  \n7 \n190.4  \n12.2  \n319.3  \n15.4  \n1216.5  \n137.1  \n77.8  \n58.8  \n1963.2  \n221.2  \n125.6  \n94.9  \n8 \n197.1  \n12.6  \n336.3  \n16.3  \n1238.8  \n139.6  \n79.3  \n59.9  \n2004.8  \n225.9  \n128.3  \n97.0  \n9 \n204.8  \n13.1  \n355.8  \n17.2  \n1261.9  \n142.2  \n80.8  \n61.1  \n2047.6  \n230.7  \n131.1  \n99.1  \n10 \n213.3  \n13.7  \n378.0  \n18.3  \n1285.6  \n144.9  \n82.3  \n62.3  \n2091.5  \n235.7  \n133.9  \n101.3  \n11 \n222.5  \n14.3  \n402.9  \n19.5  \n1309.7  \n147.6  \n83.9  \n63.5  \n2136.4  \n240.8  \n136.9  \n103.6  \n12 \n232.8  \n14.9  \n430.9  \n20.9  \n1334.3  \n150.4  \n85.5  \n64.7  \n2182.3  \n246.0  \n139.9  \n105.9  \n13 \n244.3  \n15.7  \n462.1  \n22.4  \n1359.1  \n153.2  \n87.1  \n66.0  \n2229.0  \n251.3  \n142.9  \n108.3  \n14 \n256.8  \n16.5  \n496.6  \n24.1  \n1384.2  \n156.1  \n88.8  \n67.3  \n2276.6  \n256.7  \n146.0  \n110.7  \n15 \n271.1  \n17.4  \n535.3  \n26.1  \n1410.0  \n159.0  \n90.5  \n68.6  \n2325.5  \n262.3  \n149.3  \n113.2  \n16 \n287.5  \n18.5  \n578.6  \n28.2  \n1436.6  \n162.1  \n92.3  \n70.0  \n2375.6  \n268.1  \n152.6  \n115.8  \n17 \n306.2  \n19.7  \n627.0  \n30.6  \n1463.8  \n165.3  \n94.1  \n71.5  \n2427.1  \n274.0  \n156.0  \n118.5  \n18 \n327.6  \n21.1  \n681.1  \n33.3  \n1492.0  \n168.5  \n96.0  \n73.0  \n2480.1  \n280.2  \n159.6  \n121.4  \n19 \n346.2  \n22.3  \n735.5  \n36.0  \n1515.8  \n171.3  \n97.6  \n74.3  \n2529.8  \n285.8  \n162.9  \n124.0  \n20 \n367.6  \n23.7  \n795.6  \n39.1  \n1539.7  \n174.0  \n99.2  \n75.6  \n2580.6  \n291.6  \n166.2  \n126.7  \n21 \n392.2  \n25.3  \n861.9  \n42.4  \n1564.0  \n176.7  \n100.8  \n77.0  \n2632.3  \n297.5  \n169.7  \n129.5  \n22 \n420.4  \n27.1  \n934.6  \n46.1  \n1588.5  \n179.5  \n102.5  \n78.3  \n2685.1  \n303.5  \n173.2  \n132.4  \n23 \n452.8  \n29.2  \n1014.0  \n50.1  \n1613.5  \n182.4  \n104.2  \n79.8  \n2739.0  \n309.6  \n176.9  \n135.4  \n24 \n489.6  \n31.6  \n1100.4  \n54.6  \n1638.8  \n185.3  \n105.9  \n81.3  \n2794.2  \n315.9  \n180.6  \n138.6  \n25 \n531.2  \n34.4  \n1194.1  \n59.4  \n1664.5  \n188.2  \n107.7  \n82.8  \n2850.5  \n322.4  \n184.5  \n141.9  \n26 \n578.0  \n37.5  \n1295.3  \n64.7  \n1690.4  \n191.2  \n109.6  \n84.4  \n2907.9  \n329.0  \n188.5  \n145.3  \n27 \n632.0  \n41.0  \n1406.7  \n70.6  \n1717.7  \n194.4  \n111.5  \n86.2  \n2967.5  \n335.9  \n192.7  \n148.9  \n28 \n692.0  \n45.0  \n1527.4  \n77.0  \n1745.0  \n197.6  \n113.6  \n88.0  \n3028.0  \n342.9  \n197.0  \n152.6  \n29 \n758.8  \n49.5  \n1658.1  \n84.0  \n1772.2  \n200.9  \n115.6  \n89.8  \n3089.4  \n350.1  \n201.5  \n156.6  \n30 \n832.5  \n54.5  \n1799.4  \n91.7  \n1799.4  \n204.1  \n117.7  \n91.7  \n3151.8  \n357.5  \n206.1  \n160.6  \n31 \n913.7  \n59.9  \n1951.6  \n100.1  1826.2  \n207.3  \n119.8  \n \n3214.9  \n365.0  \n210.9  \n164.9  \n32 \n1001.8  \n65.9  \n2113.9  \n109.2  1852.3  \n210.5  \n121.9  \n \n3278.5  \n372.6  \n215.8  \n169.4  \n33 \n1097.2  \n72.5  \n2286.4  \n119.0  1877.4  \n213.6  \n124.0  \n \n3342.3  \n380.3  \n220.8  \n174.0  \n34 \n1200.0  \n79.6  \n2469.2  \n129.6  1901.3  \n216.6  \n126.1  \n \n3406.3  \n388.1  \n226.0  \n178.8  \n35 \n1310.5  \n87.3  \n2662.4  \n141.0  1923.9  \n219.5  \n128.2  \n \n3470.3  \n396.0  \n231.3  \n183.8  \n36 \n1429.1  \n95.7  \n2866.4  \n153.3  1944.8  \n222.3  \n130.3  \n \n3534.1  \n404.0  \n236.7  \n189.1  \n37 \n1557.1  \n104.9  \n3080.2  \n166.6  1963.7  \n224.9  \n132.2  \n \n3597.6  \n412.1  \n242.3  \n194.5  \n38 \n1695.1  \n114.8  \n3304.2  \n180.8  1980.1  \n227.3  \n134.2  \n \n3660.4  \n420.2  \n248.0  \n200.3  \n39 \n1843.7  \n125.7  \n3538.3  \n196.0  1993.5  \n229.4  \n136.0  \n \n3722.1  \n428.3  \n253.8  \n206.2  \n40 \n2003.3  \n137.6  \n3782.2  \n212.4  2003.3  \n231.1  \n137.6  \n \n3782.2  \n436.4  \n259.8  \n212.4  \n41 \n2174.2  \n150.5  \n \n \n2009.0  \n232.4  \n \n \n3840.5  \n444.4  \n265.8  \n \n42 \n2355.8  \n164.4  \n \n \n2009.8  \n233.3  \n \n \n3896.5  \n452.3  \n271.9  \n \n43 \n2548.1  \n179.5  \n \n \n2005.2  \n233.6  \n \n \n3949.7  \n460.1  \n278.2  \n \n44 \n2751.3  \n195.7  \n \n \n1994.6  \n233.2  \n \n \n3999.9  \n467.7  \n284.5  \n \n45 \n2965.6  \n213.1  \n \n \n1977.3  \n232.1  \n \n \n4046.6  \n475.1  \n290.8  \n \n46 \n3191.4  \n232.0  \n \n \n1952.3  \n230.2  \n \n \n4089.3  \n482.2  \n297.3  \n \n47 \n3427.7  \n252.2  \n \n \n1918.6  \n227.3  \n \n \n4127.1  \n488.9  \n303.7  \n \n48 \n3675.0  \n274.0  \n \n \n1874.8  \n223.2  \n \n \n4159.2  \n495.3  \n310.1  \n \n49 \n3933.7  \n297.5  \n \n \n1819.9  \n217.9  \n \n \n4185.1  \n501.0  \n316.5  \n \n50 \n4203.9  \n322.8  \n \n \n1752.5  \n211.0  \n \n \n4203.9  \n506.2  \n322.8  \n \n",
  "blocks": [
    {
      "bbox": [
        201.2899932861328,
        74.25032043457031,
        402.010009765625,
        90.21031951904297
      ],
      "max_font_size": 15.960000038146973,
      "text": "利安人寿保险股份有限公司",
      "is_heading": false
    },
    {
      "bbox": [
        209.3300018310547,
        94.31031799316406,
        393.9700012207031,
        110.27031707763672
      ],
      "max_font_size": 15.960000038146973,
      "text": "康无忧定期重大疾病保险",
      "is_heading": false
    },
    {
      "bbox": [
        273.5299987792969,
        114.23036193847656,
        329.75,
        130.19036865234375
      ],
      "max_font_size": 15.960000038146973,
      "text": "费率表",
      "is_heading": false
    },
    {
      "bbox": [
        232.00999450683594,
        138.908935546875,
        368.5899963378906,
        149.46893310546875
      ],
      "max_font_size": 10.5600004196167,
      "text": "(每10000 元基本保险金额)",
      "is_heading": false
    },
    {
      "bbox": [
        116.41999816894531,
        197.67198181152344,
        485.0199890136719,
        209.67198181152344
      ],
      "max_font_size": 12.0,
      "text": "男性                                                 单位：人民币元",
      "is_heading": false
    },
    {
      "bbox": [
        66.0,
        219.67359924316406,
        78.08399963378906,
        238.03359985351562
      ],
      "max_font_size": 8.039999961853027,
      "text": "年龄",
      "is_heading": false
    },
    {
      "bbox": [
        95.66400146484375,
        214.1536407470703,
        501.3999938964844,
        222.19363403320312
      ],
      "max_font_size": 8.039999961853027,
      "text": "保险期间20 年 保险期间30 年 保险期间至60 周岁 保险期间至70 周岁",
      "is_heading": false
    },
    {
      "bbox": [
        96.02400207519531,
        225.55360412597656,
        151.9399871826172,
        238.75363159179688
      ],
      "max_font_size": 8.039999961853027,
      "text": "趸交 20 年",
      "is_heading": false
    },
    {
      "bbox": [
        138.97999572753906,
        225.55360412597656,
        229.84999084472656,
        243.91360473632812
      ],
      "max_font_size": 8.039999961853027,
      "text": "交 趸交 30 年",
      "is_heading": false
    },
    {
      "bbox": [
        216.88999938964844,
        225.55360412597656,
        344.71002197265625,
        243.91360473632812
      ],
      "max_font_size": 8.039999961853027,
      "text": "交 趸交 10 年交 20 年",