{
  "page_no": 2,
  "width": 595.3200073242188,
  "height": 841.9199829101562,
  "text": "女性                                                 单位：人民币元 \n \n注：半年交保费=0.52*年交保费，季交保费=0.265*年交保费，月交保费=0.09*年交保\n费，四舍五入到分。本注解适用于以上各表。 \n年\n龄 \n保险期间20 年 \n保险期间30 年 \n保险期间至60 周岁 \n保险期间至70 周岁 \n趸交 \n20 年\n交 \n趸交 \n30 年\n交 \n趸交 \n10 年交 \n20 年\n交 \n30 年\n交 \n趸交 \n10 年\n交 \n20 年\n交 \n30 年\n交 \n3 \n172.3  \n11.0  \n271.7  \n13.1  \n972.1  \n109.6  \n62.2  \n46.9  \n1469.8  \n165.7  \n94.0  \n71.0  \n4 \n172.7  \n11.0  \n278.0  \n13.4  \n984.0  \n110.9  \n62.9  \n47.5  \n1494.8  \n168.5  \n95.6  \n72.2  \n5 \n174.7  \n11.2  \n286.7  \n13.8  \n997.2  \n112.4  \n63.8  \n48.2  \n1521.4  \n171.5  \n97.3  \n73.5  \n6 \n178.2  \n11.4  \n297.7  \n14.4  \n1011.7  \n114.0  \n64.7  \n48.9  \n1549.5  \n174.6  \n99.1  \n74.9  \n7 \n182.2  \n11.7  \n311.2  \n15.0  \n1027.3  \n115.8  \n65.7  \n49.6  \n1579.0  \n177.9  \n101.0  \n76.3  \n8 \n187.6  \n12.0  \n327.1  \n15.8  \n1044.0  \n117.6  \n66.8  \n50.5  \n1609.9  \n181.4  \n103.0  \n77.8  \n9 \n194.3  \n12.4  \n345.5  \n16.7  \n1061.5  \n119.6  \n67.9  \n51.3  \n1642.0  \n185.0  \n105.1  \n79.4  \n10 \n202.0  \n12.9  \n366.3  \n17.7  \n1079.6  \n121.6  \n69.1  \n52.3  \n1675.2  \n188.8  \n107.2  \n81.1  \n11 \n210.8  \n13.5  \n389.7  \n18.9  \n1098.3  \n123.8  \n70.3  \n53.2  \n1709.2  \n192.6  \n109.4  \n82.8  \n12 \n220.8  \n14.1  \n415.6  \n20.1  \n1117.3  \n125.9  \n71.6  \n54.2  \n1744.0  \n196.6  \n111.7  \n84.6  \n13 \n232.1  \n14.9  \n444.0  \n21.5  \n1136.6  \n128.1  \n72.8  \n55.2  \n1779.4  \n200.6  \n114.0  \n86.4  \n14 \n244.5  \n15.7  \n474.9  \n23.1  \n1156.0  \n130.3  \n74.1  \n56.2  \n1815.5  \n204.7  \n116.4  \n88.2  \n15 \n258.8  \n16.6  \n508.9  \n24.7  \n1175.9  \n132.6  \n75.4  \n57.2  \n1852.4  \n208.9  \n118.8  \n90.1  \n16 \n274.9  \n17.6  \n546.0  \n26.6  \n1196.3  \n134.9  \n76.8  \n58.3  \n1890.3  \n213.2  \n121.3  \n92.1  \n17 \n293.0  \n18.8  \n586.6  \n28.6  \n1217.2  \n137.3  \n78.2  \n59.4  \n1929.1  \n217.7  \n123.9  \n94.1  \n18 \n313.5  \n20.1  \n631.0  \n30.8  \n1238.5  \n139.8  \n79.6  \n60.5  \n1968.8  \n222.2  \n126.5  \n96.2  \n19 \n333.5  \n21.4  \n676.4  \n33.1  \n1257.7  \n142.0  \n80.9  \n61.5  \n2007.1  \n226.6  \n129.1  \n98.2  \n20 \n356.0  \n22.9  \n725.7  \n35.6  \n1277.0  \n144.2  \n82.2  \n62.6  \n2046.0  \n231.0  \n131.7  \n100.3  \n21 \n381.1  \n24.6  \n778.9  \n38.3  \n1296.4  \n146.4  \n83.5  \n63.7  \n2085.6  \n235.6  \n134.3  \n102.4  \n22 \n409.1  \n26.4  \n836.1  \n41.2  \n1315.9  \n148.7  \n84.8  \n64.8  \n2125.7  \n240.2  \n137.1  \n104.6  \n23 \n439.9  \n28.4  \n897.5  \n44.3  \n1335.4  \n150.9  \n86.2  \n65.9  \n2166.5  \n244.8  \n139.8  \n106.9  \n24 \n473.8  \n30.6  \n963.2  \n47.7  \n1354.8  \n153.1  \n87.5  \n67.0  \n2207.8  \n249.6  \n142.7  \n109.2  \n25 \n510.7  \n33.0  \n1033.4  \n51.3  \n1374.1  \n155.4  \n88.9  \n68.2  \n2249.6  \n254.4  \n145.6  \n111.6  \n26 \n550.9  \n35.7  \n1108.3  \n55.2  \n1393.1  \n157.6  \n90.3  \n69.3  \n2291.9  \n259.3  \n148.5  \n114.1  \n27 \n596.1  \n38.7  \n1189.9  \n59.4  \n1413.2  \n160.0  \n91.7  \n70.6  \n2335.7  \n264.4  \n151.6  \n116.6  \n28 \n645.1  \n42.0  \n1277.3  \n64.0  \n1432.9  \n162.3  \n93.2  \n71.8  \n2379.9  \n269.5  \n154.8  \n119.3  \n29 \n698.0  \n45.5  \n1370.8  \n69.0  \n1452.1  \n164.6  \n94.6  \n73.1  \n2424.3  \n274.8  \n158.0  \n122.0  \n30 \n755.2  \n49.3  \n1470.8  \n74.4  \n1470.8  \n166.8  \n96.1  \n74.4  \n2469.0  \n280.1  \n161.3  \n124.8  \n31 \n816.8  \n53.5  \n1577.7  \n80.2  \n1489.0  \n169.1  \n97.5  \n \n2513.9  \n285.4  \n164.6  \n127.7  \n32 \n882.3  \n57.9  \n1691.0  \n86.4  \n1505.8  \n171.1  \n98.9  \n \n2558.4  \n290.8  \n168.0  \n130.7  \n33 \n951.7  \n62.7  \n1811.1  \n93.0  \n1521.3  \n173.1  \n100.2  \n \n2602.5  \n296.1  \n171.4  \n133.6  \n34 \n1025.3  \n67.8  \n1938.7  \n100.1  1535.2  \n174.9  \n101.4  \n \n2646.0  \n301.4  \n174.8  \n136.7  \n35 \n1103.3  \n73.2  \n2074.3  \n107.8  1547.4  \n176.5  \n102.6  \n \n2688.9  \n306.7  \n178.3  \n139.8  \n36 \n1185.8  \n78.9  \n2218.5  \n116.1  1557.6  \n177.9  \n103.7  \n \n2730.8  \n312.0  \n181.7  \n142.9  \n37 \n1273.7  \n85.1  \n2371.3  \n125.0  1565.6  \n179.1  \n104.6  \n \n2771.7  \n317.1  \n185.2  \n146.1  \n38 \n1367.2  \n91.7  \n2533.1  \n134.6  1571.0  \n180.1  \n105.4  \n \n2811.3  \n322.2  \n188.6  \n149.4  \n39 \n1466.7  \n98.9  \n2704.3  \n144.9  1573.4  \n180.7  \n106.0  \n \n2849.2  \n327.1  \n192.0  \n152.7  \n40 \n1572.3  \n106.5  \n2885.1  \n156.0  1572.3  \n180.9  \n106.5  \n \n2885.1  \n331.9  \n195.4  \n156.0  \n41 \n1684.4  \n114.7  \n \n \n1567.4  \n180.7  \n \n \n2918.7  \n336.5  \n198.7  \n \n42 \n1803.1  \n123.4  \n \n \n1558.3  \n180.0  \n \n \n2949.8  \n340.8  \n201.9  \n \n43 \n1928.9  \n132.8  \n \n \n1544.5  \n178.9  \n \n \n2978.2  \n344.9  \n205.0  \n \n44 \n2062.7  \n142.9  \n \n \n1526.0  \n177.1  \n \n \n3003.5  \n348.7  \n208.0  \n \n45 \n2205.4  \n153.7  \n \n \n1502.1  \n174.8  \n \n \n3025.6  \n352.1  \n210.9  \n \n46 \n2358.0  \n165.6  \n \n \n1472.7  \n171.9  \n \n \n3044.3  \n355.3  \n213.7  \n \n47 \n2520.3  \n178.3  \n \n \n1436.7  \n168.2  \n \n \n3058.8  \n358.1  \n216.4  \n \n48 \n2693.0  \n192.1  \n \n \n1393.6  \n163.6  \n \n \n3068.7  \n360.3  \n218.9  \n \n49 \n2877.0  \n207.0  \n \n \n1342.6  \n158.2  \n \n \n3073.6  \n362.1  \n221.1  \n \n50 \n3073.0  \n223.2  \n \n \n1283.2  \n151.7  \n \n \n3073.0  \n363.3  \n223.2  \n \n",
  "blocks": [
    {
      "bbox": [
        116.41999816894531,
        77.65196228027344,
        485.0199890136719,
        89.65196228027344
      ],
      "max_font_size": 12.0,
      "text": "女性                                                 单位：人民币元",
      "is_heading": false
    },
    {
      "bbox": [
        90.02400207519531,
        662.908935546875,
        504.94384765625,
        687.0289306640625
      ],
      "max_font_size": 10.5600004196167,
      "text": "注：半年交保费=0.52*年交保费，季交保费=0.265*年交保费，月交保费=0.09*年交保费，四舍五入到分。本注解适用于以上各表。",
      "is_heading": false
    },
    {
      "bbox": [
        66.23999786376953,
        99.67359924316406,
        78.3239974975586,
        118.03359985351562
      ],
      "max_font_size": 8.039999961853027,
      "text": "年龄",
      "is_heading": false
    },
    {
      "bbox": [
        95.90399932861328,
        94.15364074707031,
        501.5199890136719,
        102.19363403320312
      ],
      "max_font_size": 8.039999961853027,
      "text": "保险期间20 年 保险期间30 年 保险期间至60 周岁 保险期间至70 周岁",
      "is_heading": false
    },
    {
      "bbox": [
        96.26399993896484,
        105.55360412597656,
        152.17999267578125,
        118.75363159179688
      ],
      "max_font_size": 8.039999961853027,
      "text": "趸交 20 年",
      "is_heading": false
    },
    {
      "bbox": [
        139.22000122070312,
        105.55360412597656,
        230.08999633789062,
        123.91360473632812
      ],
      "max_font_size": 8.039999961853027,
      "text": "交 趸交 30 年",
      "is_heading": false
    },
    {
      "bbox": [
        217.1300048828125,
        105.55360412597656,
        344.95001220703125,
        123.91360473632812
      ],
      "max_font_size": 8.039999961853027,
      "text": "交 趸交 10 年交 20 年",
      "is_heading": false
    },
    {
      "bbox": [
        331.9700012207031,
        115.87361145019531,
        344.04998779296875,
        123.91360473632812
      ],
      "max_font_size": 8.039999961853027,
      "text": "交",
      "is_heading": false
    },
    {
      "bbox": [
        362.4700012207031,
        105.55360412597656,
        380.4700012207031,
        113.59359741210938
      ],
      "max_font_size": 8.039999961853027,
      "text": "30 年",
      "is_heading": false
    },
    {
      "bbox": [
        367.510009765625,
        105.55360412597656,
        458.3500061035156,
        123.91360473632812
      ],
      "max_font_size": 8.039999961853027,
      "text": "交 趸交 10 年",