{
  "page_no": 10,
  "width": 595.3200073242188,
  "height": 841.9199829101562,
  "text": "附件：年风险保险费费率表（每1000 元风险保额）                                 单位：人民币元 \n年龄 \n男 \n女 \n年龄 \n男 \n女 \n0 \n0.867 \n0.620 \n53 \n5.445 \n2.424 \n1 \n0.615 \n0.456 \n54 \n5.869 \n2.634 \n2 \n0.445 \n0.337 \n55 \n6.302 \n2.853 \n3 \n0.339 \n0.256 \n56 \n6.747 \n3.085 \n4 \n0.280 \n0.203 \n57 \n7.227 \n3.342 \n5 \n0.251 \n0.170 \n58 \n7.770 \n3.638 \n6 \n0.237 \n0.149 \n59 \n8.403 \n3.990 \n7 \n0.233 \n0.137 \n60 \n9.161 \n4.414 \n8 \n0.238 \n0.133 \n61 \n10.065 \n4.923 \n9 \n0.250 \n0.136 \n62 \n11.129 \n5.529 \n10 \n0.269 \n0.145 \n63 \n12.360 \n6.244 \n11 \n0.293 \n0.157 \n64 \n13.771 \n7.078 \n12 \n0.319 \n0.172 \n65 \n15.379 \n8.045 \n13 \n0.347 \n0.189 \n66 \n17.212 \n9.165 \n14 \n0.375 \n0.206 \n67 \n19.304 \n10.460 \n15 \n0.402 \n0.221 \n68 \n21.691 \n11.955 \n16 \n0.427 \n0.234 \n69 \n24.411 \n13.674 \n17 \n0.449 \n0.245 \n70 \n27.495 \n15.643 \n18 \n0.469 \n0.255 \n71 \n30.965 \n17.887 \n19 \n0.489 \n0.262 \n72 \n34.832 \n20.432 \n20 \n0.508 \n0.269 \n73 \n39.105 \n23.303 \n21 \n0.527 \n0.274 \n74 \n43.796 \n26.528 \n22 \n0.547 \n0.279 \n75 \n48.921 \n30.137 \n23 \n0.568 \n0.284 \n76 \n54.506 \n34.165 \n24 \n0.591 \n0.289 \n77 \n60.586 \n38.653 \n25 \n0.615 \n0.294 \n78 \n67.202 \n43.648 \n26 \n0.644 \n0.300 \n79 \n74.400 \n49.205 \n27 \n0.675 \n0.307 \n80 \n82.220 \n55.385 \n28 \n0.711 \n0.316 \n81 \n90.700 \n62.254 \n29 \n0.751 \n0.327 \n82 \n99.868 \n69.880 \n30 \n0.797 \n0.340 \n83 \n109.754 \n78.320 \n31 \n0.847 \n0.356 \n84 \n120.388 \n87.611 \n32 \n0.903 \n0.374 \n85 \n131.817 \n97.754 \n33 \n0.966 \n0.397 \n86 \n144.105 \n108.704 \n34 \n1.035 \n0.423 \n87 \n157.334 \n120.371 \n35 \n1.111 \n0.454 \n88 \n171.609 \n132.638 \n36 \n1.196 \n0.489 \n89 \n187.046 \n145.395 \n37 \n1.290 \n0.530 \n90 \n203.765 \n158.572 \n38 \n1.395 \n0.577 \n91 \n221.873 \n172.172 \n39 \n1.515 \n0.631 \n92 \n241.451 \n186.294 \n40 \n1.651 \n0.692 \n93 \n262.539 \n201.129 \n41 \n1.804 \n0.762 \n94 \n285.129 \n216.940 \n42 \n1.978 \n0.841 \n95 \n309.160 \n234.026 \n43 \n2.173 \n0.929 \n96 \n334.529 \n252.673 \n44 \n2.393 \n1.028 \n97 \n361.101 \n273.112 \n45 \n2.639 \n1.137 \n98 \n388.727 \n295.478 \n46 \n2.913 \n1.259 \n99 \n417.257 \n319.794 \n47 \n3.213 \n1.392 \n100 \n446.544 \n345.975 \n48 \n3.538 \n1.537 \n101 \n476.447 \n373.856 \n49 \n3.884 \n1.692 \n102 \n506.830 \n403.221 \n50 \n4.249 \n1.859 \n103 \n537.558 \n433.833 \n51 \n4.633 \n2.037 \n104 及以上 \n568.497 \n465.447 \n52 \n5.032 \n2.226 \n \n \n \n注：上表中“年龄”为我们按本合同约定收取风险保险费时的被保险人的年龄。 \n",
  "blocks": [
    {
      "bbox": [
        56.63999938964844,
        65.8310317993164,
        541.2999877929688,
        77.52095031738281
      ],
      "max_font_size": 10.5600004196167,
      "text": "附件：年风险保险费费率表（每1000 元风险保额）                                 单位：人民币元",
      "is_heading": false
    },
    {
      "bbox": [
        56.63999938964844,
        79.388916015625,
        520.9000244140625,
        769.0569458007812
      ],
      "max_font_size": 10.5600004196167,
      "text": "年龄 男 女 年龄 男 女 0 0.867 0.620 53 5.445 2.424 1 0.615 0.456 54 5.869 2.634 2 0.445 0.337 55 6.302 2.853 3 0.339 0.256 56 6.747 3.085 4 0.280 0.203 57 7.227 3.342 5 0.251 0.170 58 7.770 3.638 6 0.237 0.149 59 8.403 3.990 7 0.233 0.137 60 9.161 4.414 8 0.238 0.133 61 10.065 4.923 9 0.250 0.136 62 11.129 5.529 10 0.269 0.145 63 12.360 6.244 11 0.293 0.157 64 13.771 7.078 12 0.319 0.172 65 15.379 8.045 13 0.347 0.189 66 17.212 9.165 14 0.375 0.206 67 19.304 10.460 15 0.402 0.221 68 21.691 11.955 16 0.427 0.234 69 24.411 13.674 17 0.449 0.245 70 27.495 15.643 18 0.469 0.255 71 30.965 17.887 19 0.489 0.262 72 34.832 20.432 20 0.508 0.269 73 39.105 23.303 21 0.527 0.274 74 43.796 26.528 22 0.547 0.279 75 48.921 30.137 23 0.568 0.284 76 54.506 34.165 24 0.591 0.289 77 60.586 38.653 25 0.615 0.294 78 67.202 43.648 26 0.644 0.300 79 74.400 49.205 27 0.675 0.307 80 82.220 55.385 28 0.711 0.316 81 90.700 62.254 29 0.751 0.327 82 99.868 69.880 30 0.797 0.340 83 109.754 78.320 31 0.847 0.356 84 120.388 87.611 32 0.903 0.374 85 131.817 97.754 33 0.966 0.397 86 144.105 108.704 34 1.035 0.423 87 157.334 120.371 35 1.111 0.454 88 171.609 132.638 36 1.196 0.489 89 187.046 145.395 37 1.290 0.530 90 203.765 158.572 38 1.395 0.577 91 221.873 172.172 39 1.515 0.631 92 241.451 186.294 40 1.651 0.692 93 262.539 201.129 41 1.804 0.762 94 285.129 216.940 42 1.978 0.841 95 309.160 234.026 43 2.173 0.929 96 334.529 252.673 44 2.393 1.028 97 361.101 273.112 45 2.639 1.137 98 388.727 295.478 46 2.913 1.259 99 417.257 319.794 47 3.213 1.392 100 446.544 345.975 48 3.538 1.537 101 476.447 373.856 49 3.884 1.692 102 506.830 403.221 50 4.249 1.859 103 537.558 433.833 51 4.633 2.037 104 及以上 568.497 465.447 52 5.032 2.226    注：上表中“年龄”为我们按本合同约定收取风险保险费时的被保险人的年龄。",
      "is_heading": false
    }
  ]
}