{
  "page_no": 13,
  "width": 595.3200073242188,
  "height": 842.0399780273438,
  "text": " \n保障方案 \n保障方案一 \n性别 \n男性 \n女性 \n交费期间 \n年龄 \n3 年交 5 年交 10 年交 15 年交 20 年交 3 年交 5 年交 10 年交 15 年交 20 年交 \n1 \n937 \n1511 \n2818 \n4037 \n5128 \n940 \n1515 \n2825 \n4047 \n5141 \n2 \n914 \n1474 \n2749 \n3939 \n5003 \n917 \n1478 \n2756 \n3948 \n5016 \n3 \n892 \n1438 \n2682 \n3843 \n4881 \n894 \n1442 \n2689 \n3852 \n4893 \n4 \n870 \n1403 \n2617 \n3749 \n4762 \n873 \n1406 \n2623 \n3758 \n4774 \n5 \n849 \n1369 \n2553 \n3658 \n4646 \n851 \n1372 \n2559 \n3667 \n4658 \n6 \n828 \n1335 \n2491 \n3568 \n4533 \n830 \n1339 \n2497 \n3577 \n4544 \n7 \n808 \n1303 \n2430 \n3481 \n4422 \n810 \n1306 \n2436 \n3490 \n4433 \n8 \n789 \n1271 \n2371 \n3396 \n4315 \n790 \n1274 \n2377 \n3405 \n4325 \n9 \n769 \n1240 \n2313 \n3314 \n4209 \n771 \n1243 \n2319 \n3322 \n4220 \n10 \n751 \n1210 \n2257 \n3233 \n4107 \n752 \n1213 \n2262 \n3241 \n4117 \n11 \n732 \n1180 \n2201 \n3154 \n4007 \n734 \n1183 \n2207 \n3162 \n4016 \n12 \n714 \n1151 \n2148 \n3077 \n3909 \n716 \n1154 \n2153 \n3085 \n3918 \n13 \n697 \n1123 \n2095 \n3002 \n3814 \n699 \n1126 \n2101 \n3009 \n3823 \n14 \n680 \n1096 \n2044 \n2929 \n3721 \n682 \n1099 \n2049 \n2936 \n3730 \n15 \n663 \n1069 \n1994 \n2857 \n3630 \n665 \n1072 \n1999 \n2864 \n3639 \n16 \n647 \n1043 \n1946 \n2788 \n3541 \n649 \n1046 \n1951 \n2795 \n3550 \n17 \n631 \n1018 \n1898 \n2720 \n3455 \n633 \n1020 \n1903 \n2726 \n3463 \n18 \n616 \n993 \n1852 \n2653 \n3371 \n618 \n995 \n1857 \n2660 \n3379 \n19 \n601 \n969 \n1807 \n2589 \n3289 \n602 \n971 \n1811 \n2595 \n3296 \n20 \n586 \n945 \n1763 \n2525 \n3208 \n588 \n947 \n1767 \n2532 \n3216 \n21 \n572 \n922 \n1720 \n2464 \n3130 \n573 \n924 \n1724 \n2470 \n3138 \n22 \n558 \n900 \n1678 \n2404 \n3054 \n559 \n902 \n1682 \n2410 \n3061 \n23 \n544 \n878 \n1637 \n2345 \n2979 \n546 \n880 \n1641 \n2351 \n2987 \n24 \n531 \n856 \n1597 \n2288 \n2907 \n532 \n858 \n1601 \n2294 \n2914 \n25 \n518 \n835 \n1558 \n2232 \n2836 \n520 \n837 \n1562 \n2238 \n2843 \n26 \n506 \n815 \n1520 \n2178 \n2767 \n507 \n817 \n1524 \n2183 \n2773 \n27 \n493 \n795 \n1483 \n2125 \n2699 \n494 \n797 \n1487 \n2130 \n2706 \n28 \n481 \n776 \n1447 \n2073 \n2634 \n482 \n778 \n1450 \n2078 \n2640 \n29 \n470 \n757 \n1411 \n2022 \n2569 \n471 \n759 \n1415 \n2027 \n2575 \n30 \n458 \n738 \n1377 \n1973 \n2507 \n459 \n740 \n1381 \n1978 \n2513 \n31 \n447 \n720 \n1343 \n1925 \n2446 \n448 \n722 \n1347 \n1930 \n2451 \n32 \n436 \n703 \n1311 \n1878 \n2386 \n437 \n704 \n1314 \n1883 \n2392 \n33 \n425 \n686 \n1279 \n1832 \n2328 \n426 \n687 \n1282 \n1837 \n2333 \n34 \n415 \n669 \n1247 \n1788 \n2271 \n416 \n671 \n1251 \n1792 \n2276 \n35 \n405 \n653 \n1217 \n1744 \n2216 \n406 \n654 \n1220 \n1748 \n2221 \n36 \n395 \n637 \n1187 \n1701 \n2162 \n396 \n638 \n1190 \n1706 \n2167 \n37 \n385 \n621 \n1158 \n1660 \n2109 \n386 \n623 \n1161 \n1664 \n2114 \n38 \n376 \n606 \n1130 \n1619 \n2058 \n377 \n607 \n1133 \n1623 \n2063 \n39 \n367 \n591 \n1103 \n1580 \n2008 \n368 \n593 \n1105 \n1584 \n2012 \n40 \n358 \n577 \n1076 \n1541 \n1959 \n359 \n578 \n1078 \n1545 \n1963 \n41 \n349 \n563 \n1049 \n1504 \n1911 \n350 \n564 \n1052 \n1507 \n1916 \n42 \n341 \n549 \n1024 \n1467 \n1865 \n341 \n550 \n1026 \n1471 \n1869 \n43 \n332 \n536 \n999 \n1431 \n1820 \n333 \n537 \n1001 \n1435 \n1823 \n44 \n324 \n522 \n974 \n1397 \n1775 \n325 \n524 \n977 \n1400 \n1779 \n45 \n316 \n510 \n951 \n1362 \n1732 \n317 \n511 \n953 \n1366 \n1736 \n46 \n309 \n497 \n927 \n1329 \n1690 \n309 \n499 \n930 \n1332 \n1694 \n47 \n301 \n485 \n905 \n1297 \n1649 \n302 \n486 \n907 \n1300 \n1652 \n",
  "blocks": [
    {
      "bbox": [
        64.58399963378906,
        75.70430755615234,
        535.8399658203125,
        125.62432861328125
      ],
      "max_font_size": 9.960000038146973,
      "text": "保障方案 保障方案一 性别 男性 女性 交费期间 年龄 3 年交 5 年交 10 年交 15 年交 20 年交 3 年交 5 年交 10 年交 15 年交 20 年交",
      "is_heading": false
    },
    {
      "bbox": [
        94.46399688720703,
        129.10433959960938,
        529.47998046875,
        758.7003173828125
      ],
      "max_font_size": 9.960000038146973,
      "text": "1 937 1511 2818 4037 5128 940 1515 2825 4047 5141 2 914 1474 2749 3939 5003 917 1478 2756 3948 5016 3 892 1438 2682 3843 4881 894 1442 2689 3852 4893 4 870 1403 2617 3749 4762 873 1406 2623 3758 4774 5 849 1369 2553 3658 4646 851 1372 2559 3667 4658 6 828 1335 2491 3568 4533 830 1339 2497 3577 4544 7 808 1303 2430 3481 4422 810 1306 2436 3490 4433 8 789 1271 2371 3396 4315 790 1274 2377 3405 4325 9 769 1240 2313 3314 4209 771 1243 2319 3322 4220 10 751 1210 2257 3233 4107 752 1213 2262 3241 4117 11 732 1180 2201 3154 4007 734 1183 2207 3162 4016 12 714 1151 2148 3077 3909 716 1154 2153 3085 3918 13 697 1123 2095 3002 3814 699 1126 2101 3009 3823 14 680 1096 2044 2929 3721 682 1099 2049 2936 3730 15 663 1069 1994 2857 3630 665 1072 1999 2864 3639 16 647 1043 1946 2788 3541 649 1046 1951 2795 3550 17 631 1018 1898 2720 3455 633 1020 1903 2726 3463 18 616 993 1852 2653 3371 618 995 1857 2660 3379 19 601 969 1807 2589 3289 602 971 1811 2595 3296 20 586 945 1763 2525 3208 588 947 1767 2532 3216 21 572 922 1720 2464 3130 573 924 1724 2470 3138 22 558 900 1678 2404 3054 559 902 1682 2410 3061 23 544 878 1637 2345 2979 546 880 1641 2351 2987 24 531 856 1597 2288 2907 532 858 1601 2294 2914 25 518 835 1558 2232 2836 520 837 1562 2238 2843 26 506 815 1520 2178 2767 507 817 1524 2183 2773 27 493 795 1483 2125 2699 494 797 1487 2130 2706 28 481 776 1447 2073 2634 482 778 1450 2078 2640 29 470 757 1411 2022 2569 471 759 1415 2027 2575 30 458 738 1377 1973 2507 459 740 1381 1978 2513 31 447 720 1343 1925 2446 448 722 1347 1930 2451 32 436 703 1311 1878 2386 437 704 1314 1883 2392 33 425 686 1279 1832 2328 426 687 1282 1837 2333 34 415 669 1247 1788 2271 416 671 1251 1792 2276 35 405 653 1217 1744 2216 406 654 1220 1748 2221 36 395 637 1187 1701 2162 396 638 1190 1706 2167 37 385 621 1158 1660 2109 386 623 1161 1664 2114 38 376 606 1130 1619 2058 377 607 1133 1623 2063 39 367 591 1103 1580 2008 368 593 1105 1584 2012 40 358 577 1076 1541 1959 359 578 1078 1545 1963 41 349 563 1049 1504 1911 350 564 1052 1507 1916 42 341 549 1024 1467 1865 341 550 1026 1471 1869 43 332 536 999 1431 1820 333 537 1001 1435 1823 44 324 522 974 1397 1775 325 524 977 1400 1779 45 316 510 951 1362 1732 317 511 953 1366 1736 46 309 497 927 1329 1690 309 499 930 1332 1694 47 301 485 905 1297 1649 302 486 907 1300 1652",
      "is_heading": false
    }
  ]
}