{
  "page_no": 8,
  "width": 595.3200073242188,
  "height": 842.0399780273438,
  "text": " \n保障方案 \n保障方案一 \n性别 \n男性 \n女性 \n交费期间 \n年龄 \n3 年交 5 年交 10 年交 15 年交 20 年交 3 年交 5 年交 10 年交 15 年交 20 年交 \n61 \n160 \n \n \n \n \n155 \n \n \n \n \n62 \n156 \n \n \n \n \n151 \n \n \n \n \n注：月交保险费=年交保险费*0.085。 \n \n保障方案 \n保障方案二 \n性别 \n男性 \n女性 \n交费期间 \n年龄 \n3 年交 5 年交 10 年交 15 年交 20 年交 3 年交 5 年交 10 年交 15 年交 20 年交 \n0 \n875 \n1410 \n2629 \n3765 \n4779 \n795 \n1281 \n2388 \n3420 \n4342 \n1 \n854 \n1376 \n2564 \n3672 \n4661 \n775 \n1249 \n2329 \n3335 \n4235 \n2 \n833 \n1342 \n2501 \n3581 \n4546 \n756 \n1219 \n2272 \n3253 \n4131 \n3 \n812 \n1309 \n2439 \n3492 \n4433 \n738 \n1189 \n2216 \n3173 \n4029 \n4 \n792 \n1277 \n2379 \n3406 \n4323 \n720 \n1160 \n2162 \n3095 \n3930 \n5 \n773 \n1245 \n2320 \n3322 \n4216 \n702 \n1131 \n2108 \n3019 \n3833 \n6 \n754 \n1214 \n2263 \n3239 \n4112 \n685 \n1103 \n2056 \n2945 \n3738 \n7 \n735 \n1184 \n2207 \n3159 \n4010 \n668 \n1076 \n2006 \n2872 \n3645 \n8 \n717 \n1155 \n2152 \n3081 \n3910 \n651 \n1050 \n1956 \n2801 \n3555 \n9 \n699 \n1126 \n2099 \n3004 \n3812 \n635 \n1024 \n1908 \n2731 \n3467 \n10 \n682 \n1099 \n2047 \n2929 \n3717 \n620 \n999 \n1861 \n2664 \n3381 \n11 \n665 \n1071 \n1996 \n2856 \n3624 \n604 \n974 \n1815 \n2598 \n3297 \n12 \n649 \n1045 \n1946 \n2785 \n3534 \n589 \n950 \n1770 \n2534 \n3215 \n13 \n632 \n1019 \n1897 \n2715 \n3445 \n575 \n926 \n1726 \n2471 \n3135 \n14 \n617 \n994 \n1850 \n2648 \n3359 \n561 \n903 \n1683 \n2409 \n3057 \n15 \n601 \n969 \n1804 \n2581 \n3275 \n547 \n881 \n1641 \n2349 \n2981 \n16 \n586 \n945 \n1759 \n2517 \n3192 \n533 \n859 \n1601 \n2291 \n2907 \n17 \n572 \n921 \n1715 \n2453 \n3111 \n520 \n838 \n1561 \n2234 \n2834 \n18 \n558 \n898 \n1672 \n2391 \n3033 \n507 \n817 \n1522 \n2178 \n2763 \n19 \n544 \n875 \n1630 \n2331 \n2956 \n495 \n797 \n1484 \n2123 \n2694 \n20 \n530 \n854 \n1588 \n2272 \n2881 \n482 \n777 \n1447 \n2070 \n2626 \n21 \n517 \n832 \n1548 \n2215 \n2808 \n470 \n758 \n1411 \n2018 \n2560 \n22 \n504 \n811 \n1509 \n2158 \n2736 \n459 \n739 \n1375 \n1967 \n2495 \n23 \n491 \n791 \n1471 \n2103 \n2666 \n447 \n720 \n1341 \n1918 \n2432 \n24 \n479 \n771 \n1434 \n2050 \n2597 \n436 \n702 \n1307 \n1870 \n2370 \n25 \n467 \n751 \n1397 \n1997 \n2531 \n425 \n685 \n1274 \n1822 \n2310 \n26 \n455 \n732 \n1361 \n1946 \n2465 \n414 \n667 \n1242 \n1776 \n2252 \n27 \n443 \n714 \n1326 \n1896 \n2401 \n404 \n651 \n1210 \n1731 \n2194 \n28 \n432 \n695 \n1292 \n1847 \n2339 \n394 \n634 \n1180 \n1687 \n2138 \n29 \n421 \n678 \n1259 \n1799 \n2278 \n384 \n618 \n1150 \n1644 \n2083 \n30 \n410 \n660 \n1227 \n1752 \n2218 \n374 \n603 \n1121 \n1602 \n2029 \n31 \n400 \n643 \n1195 \n1706 \n2159 \n365 \n587 \n1092 \n1560 \n1977 \n32 \n390 \n627 \n1163 \n1661 \n2102 \n356 \n572 \n1064 \n1520 \n1925 \n33 \n380 \n611 \n1133 \n1617 \n2046 \n347 \n558 \n1036 \n1481 \n1875 \n34 \n370 \n595 \n1103 \n1574 \n1991 \n338 \n543 \n1010 \n1442 \n1826 \n35 \n360 \n579 \n1074 \n1532 \n1937 \n329 \n529 \n984 \n1405 \n1778 \n36 \n351 \n564 \n1045 \n1491 \n1885 \n321 \n516 \n958 \n1368 \n1730 \n37 \n342 \n549 \n1018 \n1451 \n1833 \n312 \n503 \n933 \n1332 \n1684 \n",
  "blocks": [
    {
      "bbox": [
        64.58399963378906,
        76.0643539428711,
        535.8399658203125,
        126.10430908203125
      ],
      "max_font_size": 9.960000038146973,
      "text": "保障方案 保障方案一 性别 男性 女性 交费期间 年龄 3 年交 5 年交 10 年交 15 年交 20 年交 3 年交 5 年交 10 年交 15 年交 20 年交",
      "is_heading": false
    },
    {
      "bbox": [
        94.46399688720703,
        129.58432006835938,
        519.5199584960938,
        153.10430908203125
      ],
      "max_font_size": 9.960000038146973,
      "text": "61 160     155     62 156     151",
      "is_heading": false
    },
    {
      "bbox": [
        79.46399688720703,
        162.5489501953125,
        258.0500183105469,
        173.10894775390625
      ],
      "max_font_size": 10.5600004196167,
      "text": "注：月交保险费=年交保险费*0.085。",
      "is_heading": false
    },
    {
      "bbox": [
        64.58399963378906,
        182.58892822265625,
        535.8399658203125,
        246.5843505859375
      ],
      "max_font_size": 10.5600004196167,
      "text": "保障方案 保障方案二 性别 男性 女性 交费期间 年龄 3 年交 5 年交 10 年交 15 年交 20 年交 3 年交 5 年交 10 年交 15 年交 20 年交",
      "is_heading": false
    },
    {
      "bbox": [
        94.46399688720703,
        250.06436157226562,
        529.47998046875,
        758.4603271484375
      ],
      "max_font_size": 9.960000038146973,
      "text": "0 875 1410 2629 3765 4779 795 1281 2388 3420 4342 1 854 1376 2564 3672 4661 775 1249 2329 3335 4235 2 833 1342 2501 3581 4546 756 1219 2272 3253 4131 3 812 1309 2439 3492 4433 738 1189 2216 3173 4029 4 792 1277 2379 3406 4323 720 1160 2162 3095 3930 5 773 1245 2320 3322 4216 702 1131 2108 3019 3833 6 754 1214 2263 3239 4112 685 1103 2056 2945 3738 7 735 1184 2207 3159 4010 668 1076 2006 2872 3645 8 717 1155 2152 3081 3910 651 1050 1956 2801 3555 9 699 1126 2099 3004 3812 635 1024 1908 2731 3467 10 682 1099 2047 2929 3717 620 999 1861 2664 3381 11 665 1071 1996 2856 3624 604 974 1815 2598 3297 12 649 1045 1946 2785 3534 589 950 1770 2534 3215 13 632 1019 1897 2715 3445 575 926 1726 2471 3135 14 617 994 1850 2648 3359 561 903 1683 2409 3057 15 601 969 1804 2581 3275 547 881 1641 2349 2981 16 586 945 1759 2517 3192 533 859 1601 2291 2907 17 572 921 1715 2453 3111 520 838 1561 2234 2834 18 558 898 1672 2391 3033 507 817 1522 2178 2763 19 544 875 1630 2331 2956 495 797 1484 2123 2694 20 530 854 1588 2272 2881 482 777 1447 2070 2626 21 517 832 1548 2215 2808 470 758 1411 2018 2560 22 504 811 1509 2158 2736 459 739 1375 1967 2495 23 491 791 1471 2103 2666 447 720 1341 1918 2432 24 479 771 1434 2050 2597 436 702 1307 1870 2370 25 467 751 1397 1997 2531 425 685 1274 1822 2310 26 455 732 1361 1946 2465 414 667 1242 1776 2252 27 443 714 1326 1896 2401 404 651 1210 1731 2194 28 432 695 1292 1847 2339 394 634 1180 1687 2138 29 421 678 1259 1799 2278 384 618 1150 1644 2083 30 410 660 1227 1752 2218 374 603 1121 1602 2029 31 400 643 1195 1706 2159 365 587 1092 1560 1977 32 390 627 1163 1661 2102 356 572 1064 1520 1925 33 380 611 1133 1617 2046 347 558 1036 1481 1875 34 370 595 1103 1574 1991 338 543 1010 1442 1826 35 360 579 1074 1532 1937 329 529 984 1405 1778 36 351 564 1045 1491 1885 321 516 958 1368 1730 37 342 549 1018 1451 1833 312 503 933 1332 1684",
      "is_heading": false
    }
  ]
}