{
  "page_no": 9,
  "width": 595.3200073242188,
  "height": 842.0399780273438,
  "text": " \n保障方案 \n保障方案二 \n性别 \n男性 \n女性 \n交费期间 \n年龄 \n3 年交 5 年交 10 年交 15 年交 20 年交 3 年交 5 年交 10 年交 15 年交 20 年交 \n38 \n333 \n535 \n990 \n1411 \n1782 \n304 \n490 \n908 \n1296 \n1639 \n39 \n324 \n520 \n963 \n1373 \n1733 \n296 \n477 \n884 \n1262 \n1595 \n40 \n315 \n506 \n937 \n1335 \n1684 \n289 \n464 \n861 \n1228 \n1551 \n41 \n307 \n493 \n911 \n1297 \n1636 \n281 \n452 \n838 \n1195 \n1509 \n42 \n299 \n479 \n886 \n1261 \n1589 \n274 \n440 \n815 \n1162 \n1467 \n43 \n291 \n466 \n861 \n1225 \n1543 \n267 \n428 \n793 \n1130 \n1426 \n44 \n283 \n454 \n837 \n1190 \n1498 \n260 \n417 \n772 \n1099 \n1386 \n45 \n275 \n441 \n813 \n1155 \n1453 \n253 \n406 \n750 \n1068 \n1346 \n46 \n267 \n429 \n789 \n1121 \n \n246 \n395 \n729 \n1038 \n \n47 \n260 \n416 \n766 \n1087 \n \n239 \n384 \n709 \n1008 \n \n48 \n253 \n404 \n744 \n1054 \n \n233 \n373 \n689 \n979 \n \n49 \n245 \n393 \n721 \n1021 \n \n226 \n363 \n669 \n950 \n \n50 \n238 \n381 \n699 \n989 \n \n220 \n353 \n649 \n921 \n \n51 \n231 \n370 \n677 \n \n \n214 \n343 \n630 \n \n \n52 \n224 \n359 \n656 \n \n \n208 \n333 \n611 \n \n \n53 \n218 \n348 \n634 \n \n \n202 \n323 \n592 \n \n \n54 \n211 \n337 \n613 \n \n \n196 \n314 \n574 \n \n \n55 \n205 \n326 \n592 \n \n \n190 \n304 \n556 \n \n \n56 \n198 \n315 \n \n \n \n184 \n295 \n \n \n \n57 \n192 \n305 \n \n \n \n179 \n285 \n \n \n \n58 \n185 \n294 \n \n \n \n173 \n276 \n \n \n \n59 \n179 \n284 \n \n \n \n168 \n267 \n \n \n \n60 \n173 \n273 \n \n \n \n162 \n258 \n \n \n \n61 \n166 \n \n \n \n \n157 \n \n \n \n \n62 \n160 \n \n \n \n \n151 \n \n \n \n \n注：月交保险费=年交保险费*0.085。 \n \n养老保险金开始领取年龄：70 周岁 \n单位：人民币元 \n保障方案 \n保障方案一 \n性别 \n男性 \n女性 \n交费期间 \n年龄 \n3 年交 5 年交 10 年交 15 年交 20 年交 3 年交 5 年交 10 年交 15 年交 20 年交 \n0 \n845 \n1363 \n2542 \n3641 \n4625 \n833 \n1343 \n2505 \n3589 \n4559 \n1 \n825 \n1329 \n2480 \n3552 \n4513 \n813 \n1310 \n2444 \n3501 \n4447 \n2 \n805 \n1297 \n2419 \n3466 \n4403 \n793 \n1278 \n2384 \n3416 \n4339 \n3 \n785 \n1265 \n2360 \n3381 \n4295 \n774 \n1247 \n2326 \n3333 \n4233 \n4 \n766 \n1235 \n2303 \n3299 \n4191 \n755 \n1217 \n2269 \n3251 \n4130 \n5 \n747 \n1204 \n2247 \n3218 \n4088 \n736 \n1187 \n2214 \n3172 \n4029 \n6 \n729 \n1175 \n2192 \n3140 \n3989 \n718 \n1158 \n2160 \n3095 \n3931 \n7 \n711 \n1146 \n2138 \n3063 \n3892 \n701 \n1130 \n2107 \n3019 \n3835 \n8 \n694 \n1118 \n2086 \n2989 \n3797 \n684 \n1102 \n2056 \n2946 \n3742 \n9 \n677 \n1091 \n2035 \n2916 \n3704 \n667 \n1075 \n2006 \n2874 \n3650 \n10 \n660 \n1065 \n1986 \n2845 \n3614 \n651 \n1049 \n1957 \n2804 \n3561 \n11 \n644 \n1039 \n1937 \n2775 \n3526 \n635 \n1024 \n1909 \n2735 \n3475 \n",
  "blocks": [
    {
      "bbox": [
        64.58399963378906,
        75.70430755615234,
        535.8399658203125,
        125.62432861328125
      ],
      "max_font_size": 9.960000038146973,
      "text": "保障方案 保障方案二 性别 男性 女性 交费期间 年龄 3 年交 5 年交 10 年交 15 年交 20 年交 3 年交 5 年交 10 年交 15 年交 20 年交",
      "is_heading": false
    },
    {
      "bbox": [
        94.46399688720703,
        129.10433959960938,
        529.47998046875,
        462.39434814453125
      ],
      "max_font_size": 9.960000038146973,
      "text": "38 333 535 990 1411 1782 304 490 908 1296 1639 39 324 520 963 1373 1733 296 477 884 1262 1595 40 315 506 937 1335 1684 289 464 861 1228 1551 41 307 493 911 1297 1636 281 452 838 1195 1509 42 299 479 886 1261 1589 274 440 815 1162 1467 43 291 466 861 1225 1543 267 428 793 1130 1426 44 283 454 837 1190 1498 260 417 772 1099 1386 45 275 441 813 1155 1453 253 406 750 1068 1346 46 267 429 789 1121  246 395 729 1038  47 260 416 766 1087  239 384 709 1008  48 253 404 744 1054  233 373 689 979  49 245 393 721 1021  226 363 669 950  50 238 381 699 989  220 353 649 921  51 231 370 677   214 343 630   52 224 359 656   208 333 611   53 218 348 634   202 323 592   54 211 337 613   196 314 574   55 205 326 592   190 304 556   56 198 315    184 295    57 192 305    179 285    58 185 294    173 276    59 179 284    168 267    60 173 273    162 258    61 166     157     62 160     151",
      "is_heading": false
    },
    {
      "bbox": [
        79.46399688720703,
        472.1989440917969,
        258.0500183105469,
        482.7589416503906
      ],
      "max_font_size": 10.5600004196167,
      "text": "注：月交保险费=年交保险费*0.085。",
      "is_heading": false
    },
    {
      "bbox": [
        217.3699951171875,
        512.158935546875,
        383.4700012207031,
        522.7189331054688
      ],
      "max_font_size": 10.5600004196167,
      "text": "养老保险金开始领取年龄：70 周岁",
      "is_heading": false
    },
    {
      "bbox": [
        64.58399963378906,
        532.198974609375,
        535.8399658203125,
        596.1943359375
      ],
      "max_font_size": 10.5600004196167,
      "text": "单位：人民币元 保障方案 保障方案一 性别 男性 女性 交费期间 年龄 3 年交 5 年交 10 年交 15 年交 20 年交 3 年交 5 年交 10 年交 15 年交 20 年交",
      "is_heading": false
    },
    {
      "bbox": [
        94.46399688720703,
        599.7943115234375,
        529.47998046875,
        757.8603515625
      ],
      "max_font_size": 9.960000038146973,
      "text": "0 845 1363 2542 3641 4625 833 1343 2505 3589 4559 1 825 1329 2480 3552 4513 813 1310 2444 3501 4447 2 805 1297 2419 3466 4403 793 1278 2384 3416 4339 3 785 1265 2360 3381 4295 774 1247 2326 3333 4233 4 766 1235 2303 3299 4191 755 1217 2269 3251 4130 5 747 1204 2247 3218 4088 736 1187 2214 3172 4029 6 729 1175 2192 3140 3989 718 1158 2160 3095 3931 7 711 1146 2138 3063 3892 701 1130 2107 3019 3835 8 694 1118 2086 2989 3797 684 1102 2056 2946 3742 9 677 1091 2035 2916 3704 667 1075 2006 2874 3650 10 660 1065 1986 2845 3614 651 1049 1957 2804 3561 11 644 1039 1937 2775 3526 635 1024 1909 2735 3475",
      "is_heading": false
    }
  ]
}