{
  "page_no": 11,
  "width": 595.3200073242188,
  "height": 842.0399780273438,
  "text": " \n保障方案 \n保障方案一 \n性别 \n男性 \n女性 \n交费期间 \n年龄 \n3 年交 5 年交 10 年交 15 年交 20 年交 3 年交 5 年交 10 年交 15 年交 20 年交 \n59 \n197 \n317 \n591 \n \n \n194 \n313 \n583 \n \n \n60 \n192 \n309 \n576 \n \n \n189 \n305 \n569 \n \n \n61 \n188 \n302 \n \n \n \n185 \n298 \n \n \n \n62 \n183 \n294 \n \n \n \n180 \n290 \n \n \n \n63 \n178 \n287 \n \n \n \n176 \n283 \n \n \n \n64 \n174 \n280 \n \n \n \n172 \n276 \n \n \n \n65 \n170 \n273 \n \n \n \n167 \n269 \n \n \n \n66 \n166 \n \n \n \n \n163 \n \n \n \n \n67 \n162 \n \n \n \n \n159 \n \n \n \n \n注：月交保险费=年交保险费*0.085。 \n \n保障方案 \n保障方案二 \n性别 \n男性 \n女性 \n交费期间 \n年龄 \n3 年交 5 年交 10 年交 15 年交 20 年交 3 年交 5 年交 10 年交 15 年交 20 年交 \n0 \n1173 \n1890 \n3523 \n5045 \n6404 \n1054 \n1699 \n3167 \n4535 \n5758 \n1 \n1144 \n1843 \n3436 \n4920 \n6245 \n1028 \n1657 \n3089 \n4424 \n5617 \n2 \n1116 \n1798 \n3352 \n4798 \n6090 \n1003 \n1617 \n3013 \n4315 \n5478 \n3 \n1088 \n1754 \n3269 \n4679 \n5940 \n979 \n1577 \n2939 \n4209 \n5343 \n4 \n1062 \n1711 \n3188 \n4563 \n5792 \n954 \n1538 \n2867 \n4105 \n5211 \n5 \n1035 \n1669 \n3109 \n4450 \n5649 \n931 \n1500 \n2796 \n4004 \n5083 \n6 \n1010 \n1627 \n3032 \n4340 \n5508 \n908 \n1463 \n2727 \n3905 \n4957 \n7 \n985 \n1587 \n2957 \n4232 \n5372 \n886 \n1427 \n2660 \n3809 \n4834 \n8 \n961 \n1548 \n2883 \n4127 \n5238 \n864 \n1392 \n2594 \n3714 \n4714 \n9 \n937 \n1509 \n2812 \n4025 \n5108 \n843 \n1358 \n2530 \n3622 \n4597 \n10 \n914 \n1472 \n2742 \n3925 \n4981 \n822 \n1324 \n2468 \n3532 \n4483 \n11 \n891 \n1435 \n2674 \n3827 \n4856 \n802 \n1291 \n2406 \n3445 \n4372 \n12 \n869 \n1400 \n2607 \n3732 \n4734 \n782 \n1260 \n2347 \n3359 \n4263 \n13 \n847 \n1365 \n2542 \n3638 \n4615 \n762 \n1228 \n2288 \n3276 \n4157 \n14 \n826 \n1331 \n2479 \n3547 \n4499 \n744 \n1198 \n2232 \n3194 \n4054 \n15 \n806 \n1298 \n2417 \n3458 \n4386 \n725 \n1168 \n2176 \n3115 \n3952 \n16 \n786 \n1266 \n2356 \n3371 \n4276 \n707 \n1139 \n2122 \n3037 \n3853 \n17 \n766 \n1234 \n2297 \n3286 \n4168 \n690 \n1111 \n2069 \n2961 \n3757 \n18 \n747 \n1203 \n2239 \n3204 \n4063 \n672 \n1083 \n2018 \n2887 \n3662 \n19 \n728 \n1173 \n2183 \n3123 \n3960 \n656 \n1056 \n1967 \n2815 \n3570 \n20 \n710 \n1143 \n2128 \n3044 \n3859 \n639 \n1030 \n1918 \n2744 \n3481 \n21 \n692 \n1115 \n2074 \n2967 \n3761 \n624 \n1004 \n1870 \n2675 \n3393 \n22 \n675 \n1087 \n2022 \n2891 \n3665 \n608 \n979 \n1823 \n2608 \n3307 \n23 \n658 \n1059 \n1971 \n2817 \n3571 \n593 \n955 \n1777 \n2542 \n3223 \n24 \n641 \n1033 \n1920 \n2745 \n3479 \n578 \n931 \n1732 \n2478 \n3141 \n25 \n625 \n1007 \n1871 \n2675 \n3390 \n564 \n907 \n1689 \n2415 \n3061 \n26 \n609 \n981 \n1824 \n2607 \n3303 \n549 \n885 \n1646 \n2354 \n2983 \n27 \n594 \n956 \n1777 \n2540 \n3217 \n536 \n862 \n1604 \n2294 \n2907 \n28 \n579 \n932 \n1731 \n2474 \n3133 \n522 \n841 \n1563 \n2235 \n2833 \n29 \n564 \n908 \n1687 \n2410 \n3051 \n509 \n819 \n1524 \n2178 \n2759 \n30 \n550 \n884 \n1643 \n2347 \n2971 \n496 \n799 \n1485 \n2122 \n2688 \n",
  "blocks": [
    {
      "bbox": [
        64.58399963378906,
        75.70430755615234,
        535.8399658203125,
        125.62432861328125
      ],
      "max_font_size": 9.960000038146973,
      "text": "保障方案 保障方案一 性别 男性 女性 交费期间 年龄 3 年交 5 年交 10 年交 15 年交 20 年交 3 年交 5 年交 10 年交 15 年交 20 年交",
      "is_heading": false
    },
    {
      "bbox": [
        94.46399688720703,
        129.10433959960938,
        519.5199584960938,
        246.8243408203125
      ],
      "max_font_size": 9.960000038146973,
      "text": "59 197 317 591   194 313 583   60 192 309 576   189 305 569   61 188 302    185 298    62 183 294    180 290    63 178 287    176 283    64 174 280    172 276    65 170 273    167 269    66 166     163     67 162     159",
      "is_heading": false
    },
    {
      "bbox": [
        79.46399688720703,
        256.658935546875,
        258.0500183105469,
        267.21893310546875
      ],
      "max_font_size": 10.5600004196167,
      "text": "注：月交保险费=年交保险费*0.085。",
      "is_heading": false
    },
    {
      "bbox": [
        64.58399963378906,
        276.69891357421875,
        535.8399658203125,
        340.6943359375
      ],
      "max_font_size": 10.5600004196167,
      "text": "保障方案 保障方案二 性别 男性 女性 交费期间 年龄 3 年交 5 年交 10 年交 15 年交 20 年交 3 年交 5 年交 10 年交 15 年交 20 年交",
      "is_heading": false
    },
    {
      "bbox": [
        94.46399688720703,
        344.2943420410156,
        529.47998046875,
        758.34033203125
      ],
      "max_font_size": 9.960000038146973,
      "text": "0 1173 1890 3523 5045 6404 1054 1699 3167 4535 5758 1 1144 1843 3436 4920 6245 1028 1657 3089 4424 5617 2 1116 1798 3352 4798 6090 1003 1617 3013 4315 5478 3 1088 1754 3269 4679 5940 979 1577 2939 4209 5343 4 1062 1711 3188 4563 5792 954 1538 2867 4105 5211 5 1035 1669 3109 4450 5649 931 1500 2796 4004 5083 6 1010 1627 3032 4340 5508 908 1463 2727 3905 4957 7 985 1587 2957 4232 5372 886 1427 2660 3809 4834 8 961 1548 2883 4127 5238 864 1392 2594 3714 4714 9 937 1509 2812 4025 5108 843 1358 2530 3622 4597 10 914 1472 2742 3925 4981 822 1324 2468 3532 4483 11 891 1435 2674 3827 4856 802 1291 2406 3445 4372 12 869 1400 2607 3732 4734 782 1260 2347 3359 4263 13 847 1365 2542 3638 4615 762 1228 2288 3276 4157 14 826 1331 2479 3547 4499 744 1198 2232 3194 4054 15 806 1298 2417 3458 4386 725 1168 2176 3115 3952 16 786 1266 2356 3371 4276 707 1139 2122 3037 3853 17 766 1234 2297 3286 4168 690 1111 2069 2961 3757 18 747 1203 2239 3204 4063 672 1083 2018 2887 3662 19 728 1173 2183 3123 3960 656 1056 1967 2815 3570 20 710 1143 2128 3044 3859 639 1030 1918 2744 3481 21 692 1115 2074 2967 3761 624 1004 1870 2675 3393 22 675 1087 2022 2891 3665 608 979 1823 2608 3307 23 658 1059 1971 2817 3571 593 955 1777 2542 3223 24 641 1033 1920 2745 3479 578 931 1732 2478 3141 25 625 1007 1871 2675 3390 564 907 1689 2415 3061 26 609 981 1824 2607 3303 549 885 1646 2354 2983 27 594 956 1777 2540 3217 536 862 1604 2294 2907 28 579 932 1731 2474 3133 522 841 1563 2235 2833 29 564 908 1687 2410 3051 509 819 1524 2178 2759 30 550 884 1643 2347 2971 496 799 1485 2122 2688",
      "is_heading": false
    }
  ]
}