{
  "page_no": 14,
  "width": 595.3200073242188,
  "height": 842.0399780273438,
  "text": " \n保障方案 \n保障方案一 \n性别 \n男性 \n女性 \n交费期间 \n年龄 \n3 年交 5 年交 10 年交 15 年交 20 年交 3 年交 5 年交 10 年交 15 年交 20 年交 \n48 \n294 \n473 \n883 \n1265 \n1609 \n294 \n475 \n885 \n1268 \n1612 \n49 \n287 \n462 \n861 \n1234 \n1570 \n287 \n463 \n863 \n1237 \n1573 \n50 \n280 \n451 \n840 \n1204 \n1532 \n280 \n452 \n842 \n1207 \n1535 \n51 \n273 \n440 \n819 \n1175 \n1495 \n273 \n441 \n822 \n1178 \n1498 \n52 \n266 \n429 \n799 \n1146 \n1459 \n267 \n430 \n802 \n1149 \n1461 \n53 \n260 \n418 \n780 \n1119 \n1424 \n260 \n419 \n782 \n1121 \n1426 \n54 \n253 \n408 \n761 \n1091 \n1389 \n254 \n409 \n763 \n1094 \n1391 \n55 \n247 \n398 \n742 \n1065 \n1356 \n248 \n399 \n744 \n1067 \n1358 \n56 \n241 \n388 \n724 \n1039 \n \n242 \n389 \n726 \n1041 \n \n57 \n235 \n379 \n706 \n1013 \n \n236 \n380 \n708 \n1016 \n \n58 \n230 \n370 \n689 \n989 \n \n230 \n371 \n691 \n991 \n \n59 \n224 \n361 \n672 \n964 \n \n224 \n362 \n674 \n967 \n \n60 \n218 \n352 \n655 \n941 \n \n219 \n353 \n657 \n943 \n \n61 \n213 \n343 \n639 \n \n \n214 \n344 \n641 \n \n \n62 \n208 \n335 \n623 \n \n \n208 \n336 \n625 \n \n \n63 \n203 \n326 \n608 \n \n \n203 \n327 \n610 \n \n \n64 \n198 \n318 \n592 \n \n \n198 \n319 \n595 \n \n \n65 \n193 \n311 \n578 \n \n \n194 \n312 \n580 \n \n \n66 \n188 \n303 \n \n \n \n189 \n304 \n \n \n \n67 \n184 \n295 \n \n \n \n184 \n296 \n \n \n \n68 \n179 \n288 \n \n \n \n180 \n289 \n \n \n \n69 \n175 \n281 \n \n \n \n175 \n282 \n \n \n \n70 \n170 \n274 \n \n \n \n171 \n275 \n \n \n \n注：月交保险费=年交保险费*0.085。 \n \n保障方案 \n保障方案二 \n性别 \n男性 \n女性 \n交费期间 \n年龄 \n3 年交 5 年交 10 年交 15 年交 20 年交 3 年交 5 年交 10 年交 15 年交 20 年交 \n0 \n1608 \n2592 \n4831 \n6916 \n8780 \n1436 \n2313 \n4312 \n6175 \n7840 \n1 \n1569 \n2528 \n4712 \n6746 \n8563 \n1400 \n2256 \n4206 \n6023 \n7647 \n2 \n1530 \n2466 \n4595 \n6579 \n8351 \n1366 \n2201 \n4103 \n5875 \n7459 \n3 \n1493 \n2405 \n4482 \n6416 \n8144 \n1332 \n2147 \n4002 \n5730 \n7275 \n4 \n1456 \n2346 \n4371 \n6257 \n7942 \n1299 \n2094 \n3903 \n5589 \n7095 \n5 \n1420 \n2288 \n4262 \n6102 \n7745 \n1267 \n2042 \n3807 \n5451 \n6920 \n6 \n1385 \n2231 \n4157 \n5951 \n7553 \n1236 \n1992 \n3713 \n5317 \n6750 \n7 \n1350 \n2176 \n4054 \n5803 \n7366 \n1206 \n1943 \n3622 \n5185 \n6582 \n8 \n1317 \n2122 \n3953 \n5659 \n7183 \n1176 \n1895 \n3532 \n5057 \n6419 \n9 \n1284 \n2069 \n3855 \n5519 \n7005 \n1147 \n1848 \n3445 \n4932 \n6259 \n10 \n1253 \n2018 \n3760 \n5382 \n6831 \n1119 \n1803 \n3360 \n4809 \n6103 \n11 \n1222 \n1968 \n3666 \n5248 \n6661 \n1091 \n1758 \n3277 \n4690 \n5951 \n12 \n1191 \n1919 \n3575 \n5118 \n6494 \n1064 \n1715 \n3195 \n4573 \n5803 \n13 \n1162 \n1872 \n3487 \n4991 \n6330 \n1038 \n1673 \n3116 \n4459 \n5658 \n14 \n1133 \n1825 \n3400 \n4865 \n6171 \n1012 \n1631 \n3038 \n4348 \n5517 \n15 \n1105 \n1780 \n3315 \n4743 \n6015 \n987 \n1591 \n2962 \n4240 \n5379 \n16 \n1077 \n1736 \n3232 \n4623 \n5864 \n963 \n1551 \n2889 \n4134 \n5245 \n",
  "blocks": [
    {
      "bbox": [
        64.58399963378906,
        75.70430755615234,
        535.8399658203125,
        125.62432861328125
      ],
      "max_font_size": 9.960000038146973,
      "text": "保障方案 保障方案一 性别 男性 女性 交费期间 年龄 3 年交 5 年交 10 年交 15 年交 20 年交 3 年交 5 年交 10 年交 15 年交 20 年交",
      "is_heading": false
    },
    {
      "bbox": [
        94.46399688720703,
        129.10433959960938,
        529.47998046875,
        435.37432861328125
      ],
      "max_font_size": 9.960000038146973,
      "text": "48 294 473 883 1265 1609 294 475 885 1268 1612 49 287 462 861 1234 1570 287 463 863 1237 1573 50 280 451 840 1204 1532 280 452 842 1207 1535 51 273 440 819 1175 1495 273 441 822 1178 1498 52 266 429 799 1146 1459 267 430 802 1149 1461 53 260 418 780 1119 1424 260 419 782 1121 1426 54 253 408 761 1091 1389 254 409 763 1094 1391 55 247 398 742 1065 1356 248 399 744 1067 1358 56 241 388 724 1039  242 389 726 1041  57 235 379 706 1013  236 380 708 1016  58 230 370 689 989  230 371 691 991  59 224 361 672 964  224 362 674 967  60 218 352 655 941  219 353 657 943  61 213 343 639   214 344 641   62 208 335 623   208 336 625   63 203 326 608   203 327 610   64 198 318 592   198 319 595   65 193 311 578   194 312 580   66 188 303    189 304    67 184 295    184 296    68 179 288    180 289    69 175 281    175 282    70 170 274    171 275",
      "is_heading": false
    },
    {
      "bbox": [
        79.46399688720703,
        445.3189392089844,
        258.0500183105469,
        455.8789367675781
      ],
      "max_font_size": 10.5600004196167,
      "text": "注：月交保险费=年交保险费*0.085。",
      "is_heading": false
    },
    {
      "bbox": [
        64.58399963378906,
        465.2389221191406,
        535.8399658203125,
        529.3543090820312
      ],
      "max_font_size": 10.5600004196167,
      "text": "保障方案 保障方案二 性别 男性 女性 交费期间 年龄 3 年交 5 年交 10 年交 15 年交 20 年交 3 年交 5 年交 10 年交 15 年交 20 年交",
      "is_heading": false
    },
    {
      "bbox": [
        94.46399688720703,
        532.8343505859375,
        529.47998046875,
        758.34033203125
      ],
      "max_font_size": 9.960000038146973,
      "text": "0 1608 2592 4831 6916 8780 1436 2313 4312 6175 7840 1 1569 2528 4712 6746 8563 1400 2256 4206 6023 7647 2 1530 2466 4595 6579 8351 1366 2201 4103 5875 7459 3 1493 2405 4482 6416 8144 1332 2147 4002 5730 7275 4 1456 2346 4371 6257 7942 1299 2094 3903 5589 7095 5 1420 2288 4262 6102 7745 1267 2042 3807 5451 6920 6 1385 2231 4157 5951 7553 1236 1992 3713 5317 6750 7 1350 2176 4054 5803 7366 1206 1943 3622 5185 6582 8 1317 2122 3953 5659 7183 1176 1895 3532 5057 6419 9 1284 2069 3855 5519 7005 1147 1848 3445 4932 6259 10 1253 2018 3760 5382 6831 1119 1803 3360 4809 6103 11 1222 1968 3666 5248 6661 1091 1758 3277 4690 5951 12 1191 1919 3575 5118 6494 1064 1715 3195 4573 5803 13 1162 1872 3487 4991 6330 1038 1673 3116 4459 5658 14 1133 1825 3400 4865 6171 1012 1631 3038 4348 5517 15 1105 1780 3315 4743 6015 987 1591 2962 4240 5379 16 1077 1736 3232 4623 5864 963 1551 2889 4134 5245",
      "is_heading": false
    }
  ]
}