{
  "page_no": 4,
  "width": 595.3200073242188,
  "height": 842.0399780273438,
  "text": " \n保障方案 \n保障方案一 \n性别 \n男性 \n女性 \n交费期间 \n年龄 \n3 年交 5 年交 10 年交 15 年交 20 年交 3 年交 5 年交 10 年交 15 年交 20 年交 \n8 \n492 \n793 \n1480 \n2120 \n2693 \n471 \n759 \n1415 \n2028 \n2576 \n9 \n480 \n774 \n1444 \n2068 \n2627 \n459 \n740 \n1381 \n1978 \n2513 \n10 \n468 \n755 \n1408 \n2018 \n2563 \n448 \n722 \n1347 \n1930 \n2452 \n11 \n457 \n737 \n1374 \n1968 \n2501 \n437 \n705 \n1314 \n1883 \n2392 \n12 \n446 \n719 \n1340 \n1920 \n2440 \n426 \n687 \n1282 \n1837 \n2334 \n13 \n435 \n701 \n1308 \n1874 \n2380 \n416 \n671 \n1251 \n1792 \n2277 \n14 \n424 \n684 \n1276 \n1828 \n2322 \n406 \n654 \n1220 \n1748 \n2221 \n15 \n414 \n667 \n1245 \n1783 \n2265 \n396 \n638 \n1191 \n1706 \n2167 \n16 \n404 \n651 \n1214 \n1740 \n2210 \n386 \n623 \n1162 \n1664 \n2114 \n17 \n394 \n635 \n1185 \n1697 \n2156 \n377 \n608 \n1133 \n1624 \n2063 \n18 \n384 \n620 \n1156 \n1656 \n2104 \n368 \n593 \n1106 \n1584 \n2012 \n19 \n375 \n605 \n1128 \n1616 \n2052 \n359 \n578 \n1079 \n1545 \n1963 \n20 \n366 \n590 \n1100 \n1576 \n2002 \n350 \n564 \n1052 \n1508 \n1915 \n21 \n357 \n575 \n1073 \n1538 \n1954 \n341 \n550 \n1027 \n1471 \n1869 \n22 \n348 \n561 \n1047 \n1500 \n1906 \n333 \n537 \n1002 \n1435 \n1823 \n23 \n340 \n548 \n1022 \n1464 \n1859 \n325 \n524 \n977 \n1400 \n1779 \n24 \n332 \n534 \n997 \n1428 \n1814 \n317 \n511 \n953 \n1366 \n1735 \n25 \n323 \n521 \n972 \n1393 \n1770 \n309 \n499 \n930 \n1333 \n1693 \n26 \n316 \n509 \n949 \n1359 \n1727 \n302 \n487 \n907 \n1300 \n1652 \n27 \n308 \n496 \n925 \n1326 \n1685 \n294 \n475 \n885 \n1268 \n1611 \n28 \n300 \n484 \n903 \n1294 \n1644 \n287 \n463 \n864 \n1237 \n1572 \n29 \n293 \n472 \n881 \n1262 \n1604 \n280 \n452 \n843 \n1207 \n1534 \n30 \n286 \n461 \n859 \n1231 \n1565 \n273 \n441 \n822 \n1178 \n1496 \n31 \n279 \n450 \n838 \n1201 \n1526 \n267 \n430 \n802 \n1149 \n1460 \n32 \n272 \n439 \n818 \n1172 \n1489 \n260 \n420 \n783 \n1121 \n1424 \n33 \n265 \n428 \n798 \n1143 \n1453 \n254 \n409 \n763 \n1094 \n1390 \n34 \n259 \n417 \n779 \n1116 \n1418 \n248 \n399 \n745 \n1067 \n1356 \n35 \n253 \n407 \n760 \n1088 \n1383 \n242 \n390 \n727 \n1041 \n1323 \n36 \n247 \n397 \n741 \n1062 \n1349 \n236 \n380 \n709 \n1016 \n1290 \n37 \n241 \n388 \n723 \n1036 \n1316 \n230 \n371 \n692 \n991 \n1259 \n38 \n235 \n378 \n705 \n1011 \n1284 \n224 \n362 \n675 \n967 \n1228 \n39 \n229 \n369 \n688 \n986 \n1253 \n219 \n353 \n658 \n943 \n1198 \n40 \n223 \n360 \n671 \n962 \n1223 \n214 \n344 \n642 \n920 \n1169 \n41 \n218 \n351 \n655 \n939 \n \n208 \n336 \n627 \n898 \n \n42 \n213 \n343 \n639 \n916 \n \n203 \n328 \n611 \n876 \n \n43 \n207 \n334 \n623 \n893 \n \n198 \n320 \n596 \n855 \n \n44 \n202 \n326 \n608 \n872 \n \n194 \n312 \n582 \n834 \n \n45 \n197 \n318 \n593 \n850 \n \n189 \n304 \n568 \n813 \n \n46 \n193 \n310 \n579 \n \n \n184 \n297 \n554 \n \n \n47 \n188 \n303 \n565 \n \n \n180 \n290 \n540 \n \n \n48 \n183 \n295 \n551 \n \n \n175 \n283 \n527 \n \n \n49 \n179 \n288 \n537 \n \n \n171 \n276 \n514 \n \n \n50 \n174 \n281 \n524 \n \n \n167 \n269 \n502 \n \n \n51 \n170 \n274 \n \n \n \n163 \n262 \n \n \n \n52 \n166 \n268 \n \n \n \n159 \n256 \n \n \n \n53 \n162 \n261 \n \n \n \n155 \n250 \n \n \n \n54 \n158 \n255 \n \n \n \n151 \n244 \n \n \n \n",
  "blocks": [
    {
      "bbox": [
        64.58399963378906,
        75.70430755615234,
        535.8399658203125,
        125.62432861328125
      ],
      "max_font_size": 9.960000038146973,
      "text": "保障方案 保障方案一 性别 男性 女性 交费期间 年龄 3 年交 5 年交 10 年交 15 年交 20 年交 3 年交 5 年交 10 年交 15 年交 20 年交",
      "is_heading": false
    },
    {
      "bbox": [
        94.46399688720703,
        129.10433959960938,
        529.47998046875,
        758.7003173828125
      ],
      "max_font_size": 9.960000038146973,
      "text": "8 492 793 1480 2120 2693 471 759 1415 2028 2576 9 480 774 1444 2068 2627 459 740 1381 1978 2513 10 468 755 1408 2018 2563 448 722 1347 1930 2452 11 457 737 1374 1968 2501 437 705 1314 1883 2392 12 446 719 1340 1920 2440 426 687 1282 1837 2334 13 435 701 1308 1874 2380 416 671 1251 1792 2277 14 424 684 1276 1828 2322 406 654 1220 1748 2221 15 414 667 1245 1783 2265 396 638 1191 1706 2167 16 404 651 1214 1740 2210 386 623 1162 1664 2114 17 394 635 1185 1697 2156 377 608 1133 1624 2063 18 384 620 1156 1656 2104 368 593 1106 1584 2012 19 375 605 1128 1616 2052 359 578 1079 1545 1963 20 366 590 1100 1576 2002 350 564 1052 1508 1915 21 357 575 1073 1538 1954 341 550 1027 1471 1869 22 348 561 1047 1500 1906 333 537 1002 1435 1823 23 340 548 1022 1464 1859 325 524 977 1400 1779 24 332 534 997 1428 1814 317 511 953 1366 1735 25 323 521 972 1393 1770 309 499 930 1333 1693 26 316 509 949 1359 1727 302 487 907 1300 1652 27 308 496 925 1326 1685 294 475 885 1268 1611 28 300 484 903 1294 1644 287 463 864 1237 1572 29 293 472 881 1262 1604 280 452 843 1207 1534 30 286 461 859 1231 1565 273 441 822 1178 1496 31 279 450 838 1201 1526 267 430 802 1149 1460 32 272 439 818 1172 1489 260 420 783 1121 1424 33 265 428 798 1143 1453 254 409 763 1094 1390 34 259 417 779 1116 1418 248 399 745 1067 1356 35 253 407 760 1088 1383 242 390 727 1041 1323 36 247 397 741 1062 1349 236 380 709 1016 1290 37 241 388 723 1036 1316 230 371 692 991 1259 38 235 378 705 1011 1284 224 362 675 967 1228 39 229 369 688 986 1253 219 353 658 943 1198 40 223 360 671 962 1223 214 344 642 920 1169 41 218 351 655 939  208 336 627 898  42 213 343 639 916  203 328 611 876  43 207 334 623 893  198 320 596 855  44 202 326 608 872  194 312 582 834  45 197 318 593 850  189 304 568 813  46 193 310 579   184 297 554   47 188 303 565   180 290 540   48 183 295 551   175 283 527   49 179 288 537   171 276 514   50 174 281 524   167 269 502   51 170 274    163 262    52 166 268    159 256    53 162 261    155 250    54 158 255    151 244",
      "is_heading": false
    }
  ]
}