{
  "page_no": 15,
  "width": 595.3200073242188,
  "height": 842.0399780273438,
  "text": " \n保障方案 \n保障方案二 \n性别 \n男性 \n女性 \n交费期间 \n年龄 \n3 年交 5 年交 10 年交 15 年交 20 年交 3 年交 5 年交 10 年交 15 年交 20 年交 \n17 \n1051 \n1692 \n3150 \n4507 \n5716 \n939 \n1512 \n2817 \n4031 \n5114 \n18 \n1025 \n1650 \n3071 \n4393 \n5571 \n916 \n1475 \n2746 \n3930 \n4986 \n19 \n999 \n1609 \n2994 \n4282 \n5430 \n893 \n1438 \n2678 \n3832 \n4860 \n20 \n974 \n1568 \n2918 \n4174 \n5293 \n870 \n1402 \n2611 \n3736 \n4737 \n21 \n949 \n1529 \n2844 \n4068 \n5159 \n849 \n1367 \n2546 \n3641 \n4617 \n22 \n926 \n1490 \n2773 \n3966 \n5028 \n828 \n1333 \n2482 \n3549 \n4500 \n23 \n902 \n1453 \n2702 \n3865 \n4899 \n807 \n1300 \n2419 \n3460 \n4386 \n24 \n880 \n1416 \n2634 \n3767 \n4773 \n787 \n1267 \n2358 \n3372 \n4275 \n25 \n857 \n1380 \n2567 \n3670 \n4650 \n767 \n1235 \n2298 \n3286 \n4166 \n26 \n836 \n1345 \n2502 \n3576 \n4530 \n748 \n1204 \n2240 \n3203 \n4060 \n27 \n815 \n1311 \n2438 \n3483 \n4412 \n729 \n1174 \n2183 \n3122 \n3957 \n28 \n794 \n1278 \n2375 \n3393 \n4298 \n711 \n1144 \n2128 \n3042 \n3854 \n29 \n774 \n1246 \n2314 \n3305 \n4186 \n693 \n1115 \n2074 \n2964 \n3755 \n30 \n754 \n1213 \n2254 \n3220 \n4077 \n675 \n1087 \n2021 \n2888 \n3658 \n31 \n735 \n1182 \n2195 \n3136 \n3971 \n658 \n1059 \n1969 \n2813 \n3563 \n32 \n716 \n1152 \n2138 \n3054 \n3865 \n641 \n1032 \n1918 \n2740 \n3470 \n33 \n697 \n1122 \n2083 \n2974 \n3762 \n625 \n1006 \n1868 \n2669 \n3380 \n34 \n679 \n1093 \n2028 \n2895 \n3661 \n609 \n980 \n1820 \n2600 \n3291 \n35 \n662 \n1064 \n1975 \n2818 \n3563 \n593 \n955 \n1773 \n2532 \n3204 \n36 \n645 \n1037 \n1922 \n2742 \n3468 \n578 \n930 \n1727 \n2466 \n3119 \n37 \n628 \n1010 \n1871 \n2669 \n3374 \n563 \n906 \n1682 \n2400 \n3036 \n38 \n612 \n983 \n1821 \n2597 \n3282 \n549 \n882 \n1637 \n2336 \n2954 \n39 \n596 \n957 \n1772 \n2527 \n3191 \n534 \n859 \n1594 \n2274 \n2875 \n40 \n580 \n931 \n1724 \n2458 \n3102 \n521 \n837 \n1551 \n2213 \n2797 \n41 \n564 \n906 \n1678 \n2389 \n3016 \n507 \n815 \n1510 \n2154 \n2720 \n42 \n549 \n882 \n1631 \n2323 \n2931 \n494 \n793 \n1470 \n2095 \n2645 \n43 \n534 \n858 \n1586 \n2258 \n2849 \n481 \n772 \n1430 \n2037 \n2572 \n44 \n520 \n835 \n1542 \n2194 \n2766 \n468 \n751 \n1391 \n1981 \n2501 \n45 \n506 \n812 \n1498 \n2132 \n2685 \n455 \n731 \n1353 \n1926 \n2430 \n46 \n492 \n789 \n1456 \n2070 \n2607 \n443 \n712 \n1315 \n1873 \n2360 \n47 \n478 \n767 \n1415 \n2010 \n2530 \n431 \n692 \n1279 \n1819 \n2292 \n48 \n465 \n746 \n1373 \n1950 \n2453 \n419 \n673 \n1243 \n1767 \n2226 \n49 \n452 \n725 \n1333 \n1893 \n2378 \n408 \n654 \n1207 \n1716 \n2160 \n50 \n439 \n704 \n1294 \n1835 \n2304 \n397 \n636 \n1173 \n1666 \n2095 \n51 \n427 \n683 \n1255 \n1778 \n2232 \n386 \n618 \n1139 \n1616 \n2032 \n52 \n415 \n663 \n1217 \n1723 \n2160 \n375 \n601 \n1105 \n1568 \n1969 \n53 \n402 \n644 \n1179 \n1669 \n2089 \n364 \n583 \n1072 \n1520 \n1907 \n54 \n391 \n625 \n1142 \n1614 \n2019 \n354 \n567 \n1040 \n1473 \n1846 \n55 \n379 \n605 \n1105 \n1560 \n1949 \n344 \n550 \n1008 \n1426 \n1786 \n56 \n368 \n586 \n1068 \n1507 \n \n334 \n533 \n976 \n1380 \n \n57 \n356 \n568 \n1032 \n1454 \n \n324 \n517 \n945 \n1335 \n \n58 \n345 \n550 \n997 \n1402 \n \n314 \n501 \n914 \n1289 \n \n59 \n334 \n531 \n961 \n1350 \n \n304 \n486 \n884 \n1245 \n \n60 \n323 \n514 \n926 \n1297 \n \n295 \n470 \n853 \n1200 \n \n61 \n312 \n496 \n891 \n \n \n286 \n455 \n823 \n \n \n62 \n302 \n478 \n855 \n \n \n276 \n439 \n793 \n \n \n63 \n291 \n461 \n820 \n \n \n267 \n424 \n763 \n \n \n",
  "blocks": [
    {
      "bbox": [
        64.58399963378906,
        75.70430755615234,
        535.8399658203125,
        125.62432861328125
      ],
      "max_font_size": 9.960000038146973,
      "text": "保障方案 保障方案二 性别 男性 女性 交费期间 年龄 3 年交 5 年交 10 年交 15 年交 20 年交 3 年交 5 年交 10 年交 15 年交 20 年交",
      "is_heading": false
    },
    {
      "bbox": [
        94.46399688720703,
        129.10433959960938,
        529.47998046875,
        758.7003173828125
      ],
      "max_font_size": 9.960000038146973,
      "text": "17 1051 1692 3150 4507 5716 939 1512 2817 4031 5114 18 1025 1650 3071 4393 5571 916 1475 2746 3930 4986 19 999 1609 2994 4282 5430 893 1438 2678 3832 4860 20 974 1568 2918 4174 5293 870 1402 2611 3736 4737 21 949 1529 2844 4068 5159 849 1367 2546 3641 4617 22 926 1490 2773 3966 5028 828 1333 2482 3549 4500 23 902 1453 2702 3865 4899 807 1300 2419 3460 4386 24 880 1416 2634 3767 4773 787 1267 2358 3372 4275 25 857 1380 2567 3670 4650 767 1235 2298 3286 4166 26 836 1345 2502 3576 4530 748 1204 2240 3203 4060 27 815 1311 2438 3483 4412 729 1174 2183 3122 3957 28 794 1278 2375 3393 4298 711 1144 2128 3042 3854 29 774 1246 2314 3305 4186 693 1115 2074 2964 3755 30 754 1213 2254 3220 4077 675 1087 2021 2888 3658 31 735 1182 2195 3136 3971 658 1059 1969 2813 3563 32 716 1152 2138 3054 3865 641 1032 1918 2740 3470 33 697 1122 2083 2974 3762 625 1006 1868 2669 3380 34 679 1093 2028 2895 3661 609 980 1820 2600 3291 35 662 1064 1975 2818 3563 593 955 1773 2532 3204 36 645 1037 1922 2742 3468 578 930 1727 2466 3119 37 628 1010 1871 2669 3374 563 906 1682 2400 3036 38 612 983 1821 2597 3282 549 882 1637 2336 2954 39 596 957 1772 2527 3191 534 859 1594 2274 2875 40 580 931 1724 2458 3102 521 837 1551 2213 2797 41 564 906 1678 2389 3016 507 815 1510 2154 2720 42 549 882 1631 2323 2931 494 793 1470 2095 2645 43 534 858 1586 2258 2849 481 772 1430 2037 2572 44 520 835 1542 2194 2766 468 751 1391 1981 2501 45 506 812 1498 2132 2685 455 731 1353 1926 2430 46 492 789 1456 2070 2607 443 712 1315 1873 2360 47 478 767 1415 2010 2530 431 692 1279 1819 2292 48 465 746 1373 1950 2453 419 673 1243 1767 2226 49 452 725 1333 1893 2378 408 654 1207 1716 2160 50 439 704 1294 1835 2304 397 636 1173 1666 2095 51 427 683 1255 1778 2232 386 618 1139 1616 2032 52 415 663 1217 1723 2160 375 601 1105 1568 1969 53 402 644 1179 1669 2089 364 583 1072 1520 1907 54 391 625 1142 1614 2019 354 567 1040 1473 1846 55 379 605 1105 1560 1949 344 550 1008 1426 1786 56 368 586 1068 1507  334 533 976 1380  57 356 568 1032 1454  324 517 945 1335  58 345 550 997 1402  314 501 914 1289  59 334 531 961 1350  304 486 884 1245  60 323 514 926 1297  295 470 853 1200  61 312 496 891   286 455 823   62 302 478 855   276 439 793   63 291 461 820   267 424 763",
      "is_heading": false
    }
  ]
}