{
  "page_no": 7,
  "width": 595.3200073242188,
  "height": 842.0399780273438,
  "text": " \n保障方案 \n保障方案一 \n性别 \n男性 \n女性 \n交费期间 \n年龄 \n3 年交 5 年交 10 年交 15 年交 20 年交 3 年交 5 年交 10 年交 15 年交 20 年交 \n14 \n510 \n822 \n1534 \n2197 \n2792 \n494 \n796 \n1485 \n2128 \n2703 \n15 \n498 \n802 \n1496 \n2144 \n2723 \n482 \n777 \n1449 \n2076 \n2637 \n16 \n486 \n783 \n1460 \n2092 \n2657 \n470 \n758 \n1414 \n2025 \n2573 \n17 \n474 \n764 \n1424 \n2040 \n2592 \n459 \n739 \n1379 \n1976 \n2510 \n18 \n462 \n745 \n1389 \n1991 \n2529 \n448 \n721 \n1346 \n1928 \n2449 \n19 \n451 \n727 \n1356 \n1942 \n2467 \n437 \n704 \n1313 \n1881 \n2389 \n20 \n440 \n709 \n1323 \n1895 \n2407 \n426 \n687 \n1281 \n1835 \n2331 \n21 \n429 \n692 \n1290 \n1849 \n2349 \n416 \n670 \n1250 \n1790 \n2274 \n22 \n419 \n675 \n1259 \n1804 \n2291 \n405 \n654 \n1219 \n1747 \n2219 \n23 \n409 \n658 \n1228 \n1760 \n2235 \n396 \n638 \n1189 \n1704 \n2165 \n24 \n399 \n642 \n1198 \n1717 \n2181 \n386 \n622 \n1160 \n1662 \n2112 \n25 \n389 \n627 \n1169 \n1675 \n2128 \n377 \n607 \n1132 \n1622 \n2060 \n26 \n379 \n611 \n1140 \n1634 \n2076 \n367 \n592 \n1104 \n1582 \n2010 \n27 \n370 \n597 \n1113 \n1594 \n2025 \n358 \n578 \n1078 \n1544 \n1961 \n28 \n361 \n582 \n1085 \n1555 \n1976 \n350 \n564 \n1051 \n1506 \n1913 \n29 \n352 \n568 \n1059 \n1517 \n1928 \n341 \n550 \n1026 \n1469 \n1867 \n30 \n344 \n554 \n1033 \n1480 \n1881 \n333 \n536 \n1001 \n1434 \n1821 \n31 \n335 \n540 \n1008 \n1444 \n1835 \n325 \n523 \n976 \n1399 \n1777 \n32 \n327 \n527 \n983 \n1409 \n1790 \n317 \n511 \n952 \n1364 \n1733 \n33 \n319 \n514 \n959 \n1375 \n1747 \n309 \n498 \n929 \n1331 \n1691 \n34 \n311 \n502 \n936 \n1341 \n1704 \n302 \n486 \n906 \n1299 \n1650 \n35 \n304 \n490 \n913 \n1308 \n1663 \n294 \n474 \n884 \n1267 \n1610 \n36 \n296 \n478 \n891 \n1277 \n1622 \n287 \n463 \n863 \n1236 \n1571 \n37 \n289 \n466 \n869 \n1245 \n1583 \n280 \n451 \n842 \n1206 \n1532 \n38 \n282 \n455 \n848 \n1215 \n1544 \n273 \n440 \n821 \n1177 \n1495 \n39 \n275 \n444 \n827 \n1185 \n1507 \n267 \n430 \n801 \n1148 \n1459 \n40 \n269 \n433 \n807 \n1157 \n1470 \n260 \n419 \n782 \n1120 \n1423 \n41 \n262 \n422 \n787 \n1128 \n1434 \n254 \n409 \n763 \n1093 \n1388 \n42 \n256 \n412 \n768 \n1101 \n1399 \n247 \n399 \n744 \n1066 \n1355 \n43 \n249 \n402 \n749 \n1074 \n1365 \n241 \n389 \n726 \n1040 \n1322 \n44 \n243 \n392 \n731 \n1048 \n1332 \n236 \n380 \n708 \n1015 \n1289 \n45 \n237 \n382 \n713 \n1022 \n1300 \n230 \n370 \n691 \n990 \n1258 \n46 \n232 \n373 \n696 \n997 \n \n224 \n361 \n674 \n966 \n \n47 \n226 \n364 \n679 \n973 \n \n219 \n353 \n657 \n942 \n \n48 \n220 \n355 \n662 \n949 \n \n213 \n344 \n641 \n919 \n \n49 \n215 \n346 \n646 \n926 \n \n208 \n336 \n626 \n897 \n \n50 \n210 \n338 \n630 \n904 \n \n203 \n327 \n610 \n875 \n \n51 \n205 \n330 \n615 \n \n \n198 \n319 \n596 \n \n \n52 \n200 \n322 \n600 \n \n \n193 \n312 \n581 \n \n \n53 \n195 \n314 \n585 \n \n \n189 \n304 \n567 \n \n \n54 \n190 \n306 \n571 \n \n \n184 \n297 \n553 \n \n \n55 \n185 \n299 \n557 \n \n \n180 \n289 \n539 \n \n \n56 \n181 \n291 \n \n \n \n175 \n282 \n \n \n \n57 \n176 \n284 \n \n \n \n171 \n275 \n \n \n \n58 \n172 \n277 \n \n \n \n167 \n269 \n \n \n \n59 \n168 \n270 \n \n \n \n163 \n262 \n \n \n \n60 \n164 \n264 \n \n \n \n159 \n256 \n \n \n \n",
  "blocks": [
    {
      "bbox": [
        64.58399963378906,
        76.0643539428711,
        535.8399658203125,
        126.10430908203125
      ],
      "max_font_size": 9.960000038146973,
      "text": "保障方案 保障方案一 性别 男性 女性 交费期间 年龄 3 年交 5 年交 10 年交 15 年交 20 年交 3 年交 5 年交 10 年交 15 年交 20 年交",
      "is_heading": false
    },
    {
      "bbox": [
        94.46399688720703,
        129.58432006835938,
        529.47998046875,
        760.620361328125
      ],
      "max_font_size": 9.960000038146973,
      "text": "14 510 822 1534 2197 2792 494 796 1485 2128 2703 15 498 802 1496 2144 2723 482 777 1449 2076 2637 16 486 783 1460 2092 2657 470 758 1414 2025 2573 17 474 764 1424 2040 2592 459 739 1379 1976 2510 18 462 745 1389 1991 2529 448 721 1346 1928 2449 19 451 727 1356 1942 2467 437 704 1313 1881 2389 20 440 709 1323 1895 2407 426 687 1281 1835 2331 21 429 692 1290 1849 2349 416 670 1250 1790 2274 22 419 675 1259 1804 2291 405 654 1219 1747 2219 23 409 658 1228 1760 2235 396 638 1189 1704 2165 24 399 642 1198 1717 2181 386 622 1160 1662 2112 25 389 627 1169 1675 2128 377 607 1132 1622 2060 26 379 611 1140 1634 2076 367 592 1104 1582 2010 27 370 597 1113 1594 2025 358 578 1078 1544 1961 28 361 582 1085 1555 1976 350 564 1051 1506 1913 29 352 568 1059 1517 1928 341 550 1026 1469 1867 30 344 554 1033 1480 1881 333 536 1001 1434 1821 31 335 540 1008 1444 1835 325 523 976 1399 1777 32 327 527 983 1409 1790 317 511 952 1364 1733 33 319 514 959 1375 1747 309 498 929 1331 1691 34 311 502 936 1341 1704 302 486 906 1299 1650 35 304 490 913 1308 1663 294 474 884 1267 1610 36 296 478 891 1277 1622 287 463 863 1236 1571 37 289 466 869 1245 1583 280 451 842 1206 1532 38 282 455 848 1215 1544 273 440 821 1177 1495 39 275 444 827 1185 1507 267 430 801 1148 1459 40 269 433 807 1157 1470 260 419 782 1120 1423 41 262 422 787 1128 1434 254 409 763 1093 1388 42 256 412 768 1101 1399 247 399 744 1066 1355 43 249 402 749 1074 1365 241 389 726 1040 1322 44 243 392 731 1048 1332 236 380 708 1015 1289 45 237 382 713 1022 1300 230 370 691 990 1258 46 232 373 696 997  224 361 674 966  47 226 364 679 973  219 353 657 942  48 220 355 662 949  213 344 641 919  49 215 346 646 926  208 336 626 897  50 210 338 630 904  203 327 610 875  51 205 330 615   198 319 596   52 200 322 600   193 312 581   53 195 314 585   189 304 567   54 190 306 571   184 297 553   55 185 299 557   180 289 539   56 181 291    175 282    57 176 284    171 275    58 172 277    167 269    59 168 270    163 262    60 164 264    159 256",
      "is_heading": false
    }
  ]
}