{
  "page_no": 12,
  "width": 595.3200073242188,
  "height": 842.0399780273438,
  "text": " \n保障方案 \n保障方案二 \n性别 \n男性 \n女性 \n交费期间 \n年龄 \n3 年交 5 年交 10 年交 15 年交 20 年交 3 年交 5 年交 10 年交 15 年交 20 年交 \n31 \n536 \n862 \n1600 \n2285 \n2893 \n483 \n778 \n1447 \n2067 \n2618 \n32 \n522 \n840 \n1559 \n2226 \n2817 \n471 \n758 \n1410 \n2014 \n2550 \n33 \n509 \n818 \n1518 \n2167 \n2741 \n459 \n739 \n1373 \n1962 \n2484 \n34 \n495 \n797 \n1478 \n2110 \n2668 \n447 \n720 \n1338 \n1911 \n2418 \n35 \n482 \n776 \n1439 \n2053 \n2596 \n436 \n702 \n1303 \n1861 \n2354 \n36 \n470 \n755 \n1401 \n1998 \n2526 \n425 \n683 \n1269 \n1812 \n2292 \n37 \n458 \n736 \n1363 \n1944 \n2457 \n414 \n666 \n1236 \n1764 \n2231 \n38 \n446 \n716 \n1327 \n1892 \n2389 \n403 \n648 \n1203 \n1717 \n2171 \n39 \n434 \n697 \n1291 \n1840 \n2323 \n393 \n632 \n1171 \n1671 \n2112 \n40 \n422 \n679 \n1256 \n1789 \n2259 \n383 \n615 \n1140 \n1626 \n2055 \n41 \n411 \n660 \n1221 \n1740 \n2195 \n373 \n599 \n1110 \n1582 \n1999 \n42 \n400 \n642 \n1188 \n1691 \n2132 \n363 \n583 \n1080 \n1539 \n1944 \n43 \n389 \n625 \n1155 \n1643 \n2071 \n353 \n567 \n1051 \n1497 \n1889 \n44 \n379 \n608 \n1122 \n1596 \n2011 \n344 \n552 \n1022 \n1456 \n1837 \n45 \n368 \n591 \n1091 \n1550 \n1952 \n335 \n537 \n994 \n1415 \n1784 \n46 \n358 \n575 \n1059 \n1505 \n1893 \n326 \n523 \n966 \n1375 \n1733 \n47 \n348 \n559 \n1029 \n1461 \n1837 \n317 \n509 \n939 \n1336 \n1683 \n48 \n339 \n543 \n999 \n1417 \n1780 \n308 \n495 \n913 \n1297 \n1633 \n49 \n329 \n527 \n969 \n1374 \n1724 \n300 \n481 \n887 \n1260 \n1584 \n50 \n320 \n512 \n940 \n1331 \n1670 \n291 \n467 \n861 \n1222 \n1537 \n51 \n310 \n497 \n911 \n1289 \n \n283 \n454 \n836 \n1186 \n \n52 \n301 \n482 \n882 \n1248 \n \n275 \n441 \n811 \n1150 \n \n53 \n293 \n467 \n854 \n1207 \n \n268 \n428 \n786 \n1114 \n \n54 \n284 \n453 \n827 \n1167 \n \n260 \n416 \n762 \n1079 \n \n55 \n275 \n439 \n799 \n1126 \n \n252 \n403 \n738 \n1044 \n \n56 \n267 \n425 \n772 \n \n \n245 \n391 \n715 \n \n \n57 \n258 \n411 \n745 \n \n \n237 \n379 \n691 \n \n \n58 \n250 \n398 \n718 \n \n \n230 \n367 \n668 \n \n \n59 \n242 \n384 \n691 \n \n \n223 \n356 \n645 \n \n \n60 \n234 \n370 \n664 \n \n \n216 \n344 \n622 \n \n \n61 \n225 \n357 \n \n \n \n209 \n332 \n \n \n \n62 \n217 \n344 \n \n \n \n202 \n321 \n \n \n \n63 \n209 \n330 \n \n \n \n195 \n309 \n \n \n \n64 \n201 \n316 \n \n \n \n188 \n298 \n \n \n \n65 \n193 \n303 \n \n \n \n181 \n286 \n \n \n \n66 \n185 \n \n \n \n \n174 \n \n \n \n \n67 \n177 \n \n \n \n \n167 \n \n \n \n \n注：月交保险费=年交保险费*0.085。 \n \n养老保险金开始领取年龄：75 周岁 \n单位：人民币元 \n保障方案 \n保障方案一 \n性别 \n男性 \n女性 \n交费期间 \n年龄 \n3 年交 5 年交 10 年交 15 年交 20 年交 3 年交 5 年交 10 年交 15 年交 20 年交 \n0 \n961 \n1548 \n2888 \n4138 \n5256 \n963 \n1552 \n2896 \n4148 \n5269 \n",
  "blocks": [
    {
      "bbox": [
        64.58399963378906,
        75.70430755615234,
        535.8399658203125,
        125.62432861328125
      ],
      "max_font_size": 9.960000038146973,
      "text": "保障方案 保障方案二 性别 男性 女性 交费期间 年龄 3 年交 5 年交 10 年交 15 年交 20 年交 3 年交 5 年交 10 年交 15 年交 20 年交",
      "is_heading": false
    },
    {
      "bbox": [
        94.46399688720703,
        129.10433959960938,
        529.47998046875,
        624.0643310546875
      ],
      "max_font_size": 9.960000038146973,
      "text": "31 536 862 1600 2285 2893 483 778 1447 2067 2618 32 522 840 1559 2226 2817 471 758 1410 2014 2550 33 509 818 1518 2167 2741 459 739 1373 1962 2484 34 495 797 1478 2110 2668 447 720 1338 1911 2418 35 482 776 1439 2053 2596 436 702 1303 1861 2354 36 470 755 1401 1998 2526 425 683 1269 1812 2292 37 458 736 1363 1944 2457 414 666 1236 1764 2231 38 446 716 1327 1892 2389 403 648 1203 1717 2171 39 434 697 1291 1840 2323 393 632 1171 1671 2112 40 422 679 1256 1789 2259 383 615 1140 1626 2055 41 411 660 1221 1740 2195 373 599 1110 1582 1999 42 400 642 1188 1691 2132 363 583 1080 1539 1944 43 389 625 1155 1643 2071 353 567 1051 1497 1889 44 379 608 1122 1596 2011 344 552 1022 1456 1837 45 368 591 1091 1550 1952 335 537 994 1415 1784 46 358 575 1059 1505 1893 326 523 966 1375 1733 47 348 559 1029 1461 1837 317 509 939 1336 1683 48 339 543 999 1417 1780 308 495 913 1297 1633 49 329 527 969 1374 1724 300 481 887 1260 1584 50 320 512 940 1331 1670 291 467 861 1222 1537 51 310 497 911 1289  283 454 836 1186  52 301 482 882 1248  275 441 811 1150  53 293 467 854 1207  268 428 786 1114  54 284 453 827 1167  260 416 762 1079  55 275 439 799 1126  252 403 738 1044  56 267 425 772   245 391 715   57 258 411 745   237 379 691   58 250 398 718   230 367 668   59 242 384 691   223 356 645   60 234 370 664   216 344 622   61 225 357    209 332    62 217 344    202 321    63 209 330    195 309    64 201 316    188 298    65 193 303    181 286    66 185     174     67 177     167",
      "is_heading": false
    },
    {
      "bbox": [
        79.46399688720703,
        633.868896484375,
        258.0500183105469,
        658.1089477539062
      ],
      "max_font_size": 10.5600004196167,
      "text": "注：月交保险费=年交保险费*0.085。",
      "is_heading": false
    },
    {
      "bbox": [
        217.3699951171875,
        661.1089477539062,
        383.4700012207031,
        671.6689453125
      ],
      "max_font_size": 10.5600004196167,
      "text": "养老保险金开始领取年龄：75 周岁",
      "is_heading": false
    },
    {
      "bbox": [
        64.58399963378906,
        681.14892578125,
        535.8399658203125,
        745.1403198242188
      ],
      "max_font_size": 10.5600004196167,
      "text": "单位：人民币元 保障方案 保障方案一 性别 男性 女性 交费期间 年龄 3 年交 5 年交 10 年交 15 年交 20 年交 3 年交 5 年交 10 年交 15 年交 20 年交",
      "is_heading": false
    },
    {
      "bbox": [
        96.98400115966797,
        748.6203002929688,
        529.47998046875,
        758.580322265625
      ],
      "max_font_size": 9.960000038146973,
      "text": "0 961 1548 2888 4138 5256 963 1552 2896 4148 5269",
      "is_heading": false
    }
  ]
}