{
  "page_no": 10,
  "width": 595.3200073242188,
  "height": 842.0399780273438,
  "text": " \n保障方案 \n保障方案一 \n性别 \n男性 \n女性 \n交费期间 \n年龄 \n3 年交 5 年交 10 年交 15 年交 20 年交 3 年交 5 年交 10 年交 15 年交 20 年交 \n12 \n629 \n1013 \n1890 \n2708 \n3440 \n620 \n999 \n1863 \n2669 \n3390 \n13 \n613 \n989 \n1844 \n2642 \n3356 \n604 \n974 \n1817 \n2603 \n3307 \n14 \n598 \n964 \n1799 \n2577 \n3274 \n590 \n951 \n1773 \n2540 \n3226 \n15 \n584 \n941 \n1755 \n2514 \n3194 \n575 \n927 \n1730 \n2478 \n3148 \n16 \n569 \n918 \n1712 \n2453 \n3116 \n561 \n905 \n1688 \n2418 \n3071 \n17 \n556 \n896 \n1670 \n2393 \n3040 \n548 \n883 \n1646 \n2359 \n2996 \n18 \n542 \n874 \n1630 \n2335 \n2966 \n534 \n861 \n1606 \n2301 \n2923 \n19 \n529 \n852 \n1590 \n2278 \n2894 \n521 \n840 \n1567 \n2245 \n2852 \n20 \n516 \n832 \n1551 \n2222 \n2823 \n508 \n820 \n1529 \n2190 \n2782 \n21 \n503 \n811 \n1513 \n2168 \n2754 \n496 \n800 \n1491 \n2137 \n2714 \n22 \n491 \n792 \n1476 \n2115 \n2687 \n484 \n780 \n1455 \n2085 \n2648 \n23 \n479 \n772 \n1440 \n2064 \n2622 \n472 \n761 \n1420 \n2034 \n2584 \n24 \n467 \n753 \n1405 \n2013 \n2558 \n461 \n743 \n1385 \n1984 \n2521 \n25 \n456 \n735 \n1371 \n1964 \n2496 \n449 \n724 \n1351 \n1936 \n2459 \n26 \n445 \n717 \n1337 \n1916 \n2435 \n438 \n707 \n1318 \n1889 \n2399 \n27 \n434 \n700 \n1305 \n1870 \n2375 \n428 \n690 \n1286 \n1843 \n2341 \n28 \n423 \n683 \n1273 \n1824 \n2317 \n417 \n673 \n1255 \n1798 \n2284 \n29 \n413 \n666 \n1242 \n1780 \n2261 \n407 \n656 \n1224 \n1754 \n2228 \n30 \n403 \n650 \n1212 \n1736 \n2206 \n397 \n640 \n1194 \n1711 \n2174 \n31 \n393 \n634 \n1182 \n1694 \n2152 \n388 \n625 \n1165 \n1669 \n2121 \n32 \n384 \n618 \n1153 \n1653 \n2100 \n378 \n609 \n1137 \n1629 \n2069 \n33 \n374 \n603 \n1125 \n1612 \n2049 \n369 \n595 \n1109 \n1589 \n2019 \n34 \n365 \n589 \n1098 \n1573 \n1999 \n360 \n580 \n1082 \n1550 \n1969 \n35 \n356 \n574 \n1071 \n1535 \n1950 \n351 \n566 \n1056 \n1512 \n1921 \n36 \n348 \n560 \n1045 \n1497 \n1903 \n343 \n552 \n1030 \n1475 \n1875 \n37 \n339 \n547 \n1019 \n1461 \n1856 \n334 \n539 \n1005 \n1439 \n1829 \n38 \n331 \n533 \n994 \n1425 \n1811 \n326 \n526 \n980 \n1404 \n1784 \n39 \n323 \n520 \n970 \n1390 \n1767 \n318 \n513 \n956 \n1370 \n1741 \n40 \n315 \n508 \n946 \n1356 \n1724 \n310 \n500 \n933 \n1337 \n1698 \n41 \n307 \n495 \n923 \n1323 \n1682 \n303 \n488 \n910 \n1304 \n1657 \n42 \n300 \n483 \n901 \n1291 \n1641 \n295 \n476 \n888 \n1272 \n1617 \n43 \n292 \n471 \n879 \n1260 \n1601 \n288 \n464 \n866 \n1241 \n1577 \n44 \n285 \n460 \n857 \n1229 \n1562 \n281 \n453 \n845 \n1211 \n1539 \n45 \n278 \n449 \n836 \n1199 \n1524 \n274 \n442 \n825 \n1182 \n1502 \n46 \n272 \n438 \n816 \n1170 \n1487 \n268 \n431 \n804 \n1153 \n1465 \n47 \n265 \n427 \n796 \n1141 \n1451 \n261 \n421 \n785 \n1125 \n1430 \n48 \n258 \n417 \n777 \n1113 \n1416 \n255 \n411 \n766 \n1097 \n1395 \n49 \n252 \n406 \n758 \n1086 \n1382 \n249 \n400 \n747 \n1070 \n1361 \n50 \n246 \n396 \n739 \n1060 \n1348 \n242 \n391 \n729 \n1044 \n1328 \n51 \n240 \n387 \n721 \n1034 \n \n237 \n381 \n711 \n1019 \n \n52 \n234 \n377 \n703 \n1009 \n \n231 \n372 \n693 \n994 \n \n53 \n228 \n368 \n686 \n984 \n \n225 \n363 \n676 \n970 \n \n54 \n223 \n359 \n669 \n960 \n \n220 \n354 \n660 \n946 \n \n55 \n217 \n350 \n653 \n937 \n \n214 \n345 \n644 \n923 \n \n56 \n212 \n342 \n637 \n \n \n209 \n337 \n628 \n \n \n57 \n207 \n333 \n621 \n \n \n204 \n329 \n613 \n \n \n58 \n202 \n325 \n606 \n \n \n199 \n321 \n598 \n \n \n",
  "blocks": [
    {
      "bbox": [
        64.58399963378906,
        75.70430755615234,
        535.8399658203125,
        125.62432861328125
      ],
      "max_font_size": 9.960000038146973,
      "text": "保障方案 保障方案一 性别 男性 女性 交费期间 年龄 3 年交 5 年交 10 年交 15 年交 20 年交 3 年交 5 年交 10 年交 15 年交 20 年交",
      "is_heading": false
    },
    {
      "bbox": [
        94.46399688720703,
        129.10433959960938,
        529.47998046875,
        758.7003173828125
      ],
      "max_font_size": 9.960000038146973,
      "text": "12 629 1013 1890 2708 3440 620 999 1863 2669 3390 13 613 989 1844 2642 3356 604 974 1817 2603 3307 14 598 964 1799 2577 3274 590 951 1773 2540 3226 15 584 941 1755 2514 3194 575 927 1730 2478 3148 16 569 918 1712 2453 3116 561 905 1688 2418 3071 17 556 896 1670 2393 3040 548 883 1646 2359 2996 18 542 874 1630 2335 2966 534 861 1606 2301 2923 19 529 852 1590 2278 2894 521 840 1567 2245 2852 20 516 832 1551 2222 2823 508 820 1529 2190 2782 21 503 811 1513 2168 2754 496 800 1491 2137 2714 22 491 792 1476 2115 2687 484 780 1455 2085 2648 23 479 772 1440 2064 2622 472 761 1420 2034 2584 24 467 753 1405 2013 2558 461 743 1385 1984 2521 25 456 735 1371 1964 2496 449 724 1351 1936 2459 26 445 717 1337 1916 2435 438 707 1318 1889 2399 27 434 700 1305 1870 2375 428 690 1286 1843 2341 28 423 683 1273 1824 2317 417 673 1255 1798 2284 29 413 666 1242 1780 2261 407 656 1224 1754 2228 30 403 650 1212 1736 2206 397 640 1194 1711 2174 31 393 634 1182 1694 2152 388 625 1165 1669 2121 32 384 618 1153 1653 2100 378 609 1137 1629 2069 33 374 603 1125 1612 2049 369 595 1109 1589 2019 34 365 589 1098 1573 1999 360 580 1082 1550 1969 35 356 574 1071 1535 1950 351 566 1056 1512 1921 36 348 560 1045 1497 1903 343 552 1030 1475 1875 37 339 547 1019 1461 1856 334 539 1005 1439 1829 38 331 533 994 1425 1811 326 526 980 1404 1784 39 323 520 970 1390 1767 318 513 956 1370 1741 40 315 508 946 1356 1724 310 500 933 1337 1698 41 307 495 923 1323 1682 303 488 910 1304 1657 42 300 483 901 1291 1641 295 476 888 1272 1617 43 292 471 879 1260 1601 288 464 866 1241 1577 44 285 460 857 1229 1562 281 453 845 1211 1539 45 278 449 836 1199 1524 274 442 825 1182 1502 46 272 438 816 1170 1487 268 431 804 1153 1465 47 265 427 796 1141 1451 261 421 785 1125 1430 48 258 417 777 1113 1416 255 411 766 1097 1395 49 252 406 758 1086 1382 249 400 747 1070 1361 50 246 396 739 1060 1348 242 391 729 1044 1328 51 240 387 721 1034  237 381 711 1019  52 234 377 703 1009  231 372 693 994  53 228 368 686 984  225 363 676 970  54 223 359 669 960  220 354 660 946  55 217 350 653 937  214 345 644 923  56 212 342 637   209 337 628   57 207 333 621   204 329 613   58 202 325 606   199 321 598",
      "is_heading": false
    }
  ]
}