{
  "page_no": 6,
  "width": 595.3200073242188,
  "height": 842.0399780273438,
  "text": " \n保障方案 \n保障方案二 \n性别 \n男性 \n女性 \n交费期间 \n年龄 \n3 年交 5 年交 10 年交 15 年交 20 年交 3 年交 5 年交 10 年交 15 年交 20 年交 \n37 \n261 \n420 \n778 \n1109 \n1401 \n242 \n389 \n722 \n1031 \n1304 \n38 \n254 \n409 \n757 \n1079 \n1362 \n236 \n379 \n703 \n1003 \n1269 \n39 \n248 \n398 \n737 \n1049 \n1324 \n229 \n369 \n684 \n977 \n1234 \n40 \n241 \n387 \n716 \n1020 \n1287 \n223 \n359 \n666 \n950 \n1201 \n41 \n235 \n377 \n697 \n992 \n \n218 \n350 \n648 \n925 \n \n42 \n228 \n367 \n677 \n963 \n \n212 \n341 \n631 \n899 \n \n43 \n222 \n357 \n658 \n936 \n \n206 \n332 \n614 \n874 \n \n44 \n216 \n347 \n639 \n908 \n \n201 \n323 \n597 \n850 \n \n45 \n210 \n337 \n621 \n882 \n \n196 \n314 \n581 \n826 \n \n46 \n204 \n327 \n603 \n \n \n190 \n305 \n564 \n \n \n47 \n199 \n318 \n585 \n \n \n185 \n297 \n548 \n \n \n48 \n193 \n309 \n567 \n \n \n180 \n289 \n533 \n \n \n49 \n187 \n300 \n550 \n \n \n175 \n281 \n517 \n \n \n50 \n182 \n291 \n533 \n \n \n170 \n273 \n502 \n \n \n51 \n177 \n282 \n \n \n \n165 \n265 \n \n \n \n52 \n171 \n273 \n \n \n \n161 \n257 \n \n \n \n53 \n166 \n265 \n \n \n \n156 \n250 \n \n \n \n54 \n161 \n256 \n \n \n \n151 \n242 \n \n \n \n55 \n156 \n248 \n \n \n \n147 \n235 \n \n \n \n56 \n151 \n \n \n \n \n142 \n \n \n \n \n57 \n146 \n \n \n \n \n138 \n \n \n \n \n注：月交保险费=年交保险费*0.085。 \n \n \n养老保险金开始领取年龄：65 周岁 \n单位：人民币元 \n保障方案 \n保障方案一 \n性别 \n男性 \n女性 \n交费期间 \n年龄 \n3 年交 5 年交 10 年交 15 年交 20 年交 3 年交 5 年交 10 年交 15 年交 20 年交 \n0 \n721 \n1162 \n2167 \n3105 \n3944 \n698 \n1125 \n2099 \n3007 \n3819 \n1 \n703 \n1133 \n2114 \n3029 \n3848 \n681 \n1098 \n2048 \n2933 \n3726 \n2 \n686 \n1106 \n2063 \n2955 \n3754 \n664 \n1071 \n1998 \n2862 \n3635 \n3 \n669 \n1079 \n2012 \n2883 \n3662 \n648 \n1045 \n1949 \n2792 \n3547 \n4 \n653 \n1053 \n1963 \n2813 \n3573 \n632 \n1019 \n1901 \n2724 \n3460 \n5 \n637 \n1027 \n1915 \n2744 \n3486 \n617 \n995 \n1855 \n2658 \n3376 \n6 \n622 \n1002 \n1869 \n2677 \n3401 \n602 \n970 \n1810 \n2593 \n3294 \n7 \n606 \n977 \n1823 \n2612 \n3318 \n587 \n947 \n1766 \n2530 \n3213 \n8 \n592 \n954 \n1779 \n2548 \n3237 \n573 \n924 \n1723 \n2468 \n3135 \n9 \n577 \n930 \n1735 \n2486 \n3158 \n559 \n901 \n1681 \n2408 \n3058 \n10 \n563 \n908 \n1693 \n2426 \n3081 \n545 \n879 \n1640 \n2349 \n2984 \n11 \n549 \n886 \n1652 \n2366 \n3006 \n532 \n858 \n1600 \n2292 \n2911 \n12 \n536 \n864 \n1611 \n2309 \n2933 \n519 \n837 \n1561 \n2236 \n2840 \n13 \n523 \n843 \n1572 \n2252 \n2861 \n506 \n816 \n1523 \n2181 \n2771 \n",
  "blocks": [
    {
      "bbox": [
        64.58399963378906,
        75.70430755615234,
        535.8399658203125,
        125.62432861328125
      ],
      "max_font_size": 9.960000038146973,
      "text": "保障方案 保障方案二 性别 男性 女性 交费期间 年龄 3 年交 5 年交 10 年交 15 年交 20 年交 3 年交 5 年交 10 年交 15 年交 20 年交",
      "is_heading": false
    },
    {
      "bbox": [
        94.46399688720703,
        129.10433959960938,
        529.47998046875,
        408.49432373046875
      ],
      "max_font_size": 9.960000038146973,
      "text": "37 261 420 778 1109 1401 242 389 722 1031 1304 38 254 409 757 1079 1362 236 379 703 1003 1269 39 248 398 737 1049 1324 229 369 684 977 1234 40 241 387 716 1020 1287 223 359 666 950 1201 41 235 377 697 992  218 350 648 925  42 228 367 677 963  212 341 631 899  43 222 357 658 936  206 332 614 874  44 216 347 639 908  201 323 597 850  45 210 337 621 882  196 314 581 826  46 204 327 603   190 305 564   47 199 318 585   185 297 548   48 193 309 567   180 289 533   49 187 300 550   175 281 517   50 182 291 533   170 273 502   51 177 282    165 265    52 171 273    161 257    53 166 265    156 250    54 161 256    151 242    55 156 248    147 235    56 151     142     57 146     138",
      "is_heading": false
    },
    {
      "bbox": [
        79.46399688720703,
        418.2989196777344,
        258.0500183105469,
        442.5589294433594
      ],
      "max_font_size": 10.5600004196167,
      "text": "注：月交保险费=年交保险费*0.085。",
      "is_heading": false
    },
    {
      "bbox": [
        217.3699951171875,
        472.7989196777344,
        383.4700012207031,
        483.3589172363281
      ],
      "max_font_size": 10.5600004196167,
      "text": "养老保险金开始领取年龄：65 周岁",
      "is_heading": false
    },
    {
      "bbox": [
        64.58399963378906,
        499.5589294433594,
        535.8399658203125,
        564.1543579101562
      ],
      "max_font_size": 10.5600004196167,
      "text": "单位：人民币元 保障方案 保障方案一 性别 男性 女性 交费期间 年龄 3 年交 5 年交 10 年交 15 年交 20 年交 3 年交 5 年交 10 年交 15 年交 20 年交",
      "is_heading": false
    },
    {
      "bbox": [
        94.46399688720703,
        567.63427734375,
        529.47998046875,
        753.1803588867188
      ],
      "max_font_size": 9.960000038146973,
      "text": "0 721 1162 2167 3105 3944 698 1125 2099 3007 3819 1 703 1133 2114 3029 3848 681 1098 2048 2933 3726 2 686 1106 2063 2955 3754 664 1071 1998 2862 3635 3 669 1079 2012 2883 3662 648 1045 1949 2792 3547 4 653 1053 1963 2813 3573 632 1019 1901 2724 3460 5 637 1027 1915 2744 3486 617 995 1855 2658 3376 6 622 1002 1869 2677 3401 602 970 1810 2593 3294 7 606 977 1823 2612 3318 587 947 1766 2530 3213 8 592 954 1779 2548 3237 573 924 1723 2468 3135 9 577 930 1735 2486 3158 559 901 1681 2408 3058 10 563 908 1693 2426 3081 545 879 1640 2349 2984 11 549 886 1652 2366 3006 532 858 1600 2292 2911 12 536 864 1611 2309 2933 519 837 1561 2236 2840 13 523 843 1572 2252 2861 506 816 1523 2181 2771",
      "is_heading": false
    }
  ]
}