{
  "page_no": 5,
  "width": 595.3200073242188,
  "height": 842.0399780273438,
  "text": " \n保障方案 \n保障方案一 \n性别 \n男性 \n女性 \n交费期间 \n年龄 \n3 年交 5 年交 10 年交 15 年交 20 年交 3 年交 5 年交 10 年交 15 年交 20 年交 \n55 \n154 \n248 \n \n \n \n147 \n238 \n \n \n \n56 \n150 \n \n \n \n \n144 \n \n \n \n \n57 \n147 \n \n \n \n \n140 \n \n \n \n \n注：月交保险费=年交保险费*0.085。 \n \n保障方案 \n保障方案二 \n性别 \n男性 \n女性 \n交费期间 \n年龄 \n3 年交 5 年交 10 年交 15 年交 20 年交 3 年交 5 年交 10 年交 15 年交 20 年交 \n0 \n669 \n1078 \n2010 \n2878 \n3653 \n614 \n990 \n1846 \n2643 \n3356 \n1 \n653 \n1052 \n1960 \n2807 \n3563 \n599 \n966 \n1800 \n2578 \n3274 \n2 \n637 \n1026 \n1912 \n2737 \n3475 \n585 \n942 \n1756 \n2515 \n3193 \n3 \n621 \n1001 \n1865 \n2670 \n3389 \n570 \n919 \n1713 \n2453 \n3115 \n4 \n606 \n976 \n1819 \n2604 \n3305 \n556 \n896 \n1671 \n2393 \n3038 \n5 \n591 \n952 \n1774 \n2539 \n3223 \n543 \n874 \n1630 \n2334 \n2963 \n6 \n576 \n928 \n1730 \n2477 \n3143 \n529 \n853 \n1590 \n2276 \n2890 \n7 \n562 \n905 \n1687 \n2415 \n3065 \n516 \n832 \n1551 \n2220 \n2819 \n8 \n548 \n883 \n1645 \n2355 \n2989 \n504 \n811 \n1512 \n2165 \n2749 \n9 \n534 \n861 \n1604 \n2297 \n2915 \n491 \n791 \n1475 \n2112 \n2681 \n10 \n521 \n840 \n1565 \n2240 \n2842 \n479 \n772 \n1439 \n2060 \n2614 \n11 \n508 \n819 \n1526 \n2184 \n2771 \n467 \n753 \n1403 \n2009 \n2550 \n12 \n496 \n799 \n1488 \n2130 \n2702 \n456 \n734 \n1368 \n1959 \n2486 \n13 \n484 \n779 \n1451 \n2076 \n2634 \n444 \n716 \n1334 \n1910 \n2425 \n14 \n472 \n760 \n1415 \n2024 \n2568 \n434 \n698 \n1301 \n1863 \n2364 \n15 \n460 \n741 \n1379 \n1974 \n2504 \n423 \n681 \n1269 \n1817 \n2305 \n16 \n448 \n722 \n1345 \n1924 \n2441 \n412 \n664 \n1238 \n1772 \n2248 \n17 \n437 \n704 \n1311 \n1876 \n2379 \n402 \n648 \n1207 \n1727 \n2192 \n18 \n426 \n687 \n1278 \n1829 \n2319 \n392 \n632 \n1177 \n1684 \n2137 \n19 \n416 \n669 \n1246 \n1783 \n2261 \n382 \n616 \n1148 \n1642 \n2084 \n20 \n405 \n653 \n1215 \n1738 \n2203 \n373 \n601 \n1119 \n1601 \n2031 \n21 \n395 \n636 \n1184 \n1694 \n2147 \n364 \n586 \n1091 \n1561 \n1980 \n22 \n385 \n620 \n1154 \n1651 \n2092 \n355 \n571 \n1064 \n1522 \n1930 \n23 \n376 \n605 \n1125 \n1609 \n2039 \n346 \n557 \n1037 \n1484 \n1882 \n24 \n366 \n589 \n1096 \n1568 \n1987 \n337 \n543 \n1011 \n1446 \n1834 \n25 \n357 \n575 \n1068 \n1527 \n1935 \n329 \n530 \n986 \n1410 \n1788 \n26 \n348 \n560 \n1041 \n1488 \n1885 \n321 \n516 \n961 \n1374 \n1742 \n27 \n339 \n546 \n1015 \n1450 \n1837 \n313 \n503 \n937 \n1339 \n1698 \n28 \n330 \n532 \n988 \n1412 \n1789 \n305 \n491 \n913 \n1305 \n1654 \n29 \n322 \n518 \n963 \n1376 \n1742 \n297 \n478 \n890 \n1272 \n1612 \n30 \n314 \n505 \n938 \n1340 \n1696 \n290 \n466 \n867 \n1239 \n1570 \n31 \n306 \n492 \n914 \n1305 \n1652 \n282 \n454 \n845 \n1208 \n1530 \n32 \n298 \n479 \n890 \n1271 \n1608 \n275 \n443 \n823 \n1176 \n1490 \n33 \n290 \n467 \n867 \n1237 \n1565 \n268 \n432 \n802 \n1146 \n1451 \n34 \n283 \n455 \n844 \n1204 \n1523 \n261 \n421 \n781 \n1116 \n1413 \n35 \n275 \n443 \n821 \n1172 \n1481 \n255 \n410 \n761 \n1087 \n1376 \n36 \n268 \n431 \n800 \n1140 \n1441 \n248 \n399 \n741 \n1059 \n1339 \n",
  "blocks": [
    {
      "bbox": [
        64.58399963378906,
        75.70430755615234,
        535.8399658203125,
        125.62432861328125
      ],
      "max_font_size": 9.960000038146973,
      "text": "保障方案 保障方案一 性别 男性 女性 交费期间 年龄 3 年交 5 年交 10 年交 15 年交 20 年交 3 年交 5 年交 10 年交 15 年交 20 年交",
      "is_heading": false
    },
    {
      "bbox": [
        94.46399688720703,
        129.10433959960938,
        519.5199584960938,
        166.0643310546875
      ],
      "max_font_size": 9.960000038146973,
      "text": "55 154 248    147 238    56 150     144     57 147     140",
      "is_heading": false
    },
    {
      "bbox": [
        79.46399688720703,
        175.86895751953125,
        258.0500183105469,
        186.428955078125
      ],
      "max_font_size": 10.5600004196167,
      "text": "注：月交保险费=年交保险费*0.085。",
      "is_heading": false
    },
    {
      "bbox": [
        64.58399963378906,
        195.908935546875,
        535.8399658203125,
        259.90435791015625
      ],
      "max_font_size": 10.5600004196167,
      "text": "保障方案 保障方案二 性别 男性 女性 交费期间 年龄 3 年交 5 年交 10 年交 15 年交 20 年交 3 年交 5 年交 10 年交 15 年交 20 年交",
      "is_heading": false
    },
    {
      "bbox": [
        94.46399688720703,
        263.4143371582031,
        529.47998046875,
        758.34033203125
      ],
      "max_font_size": 9.960000038146973,
      "text": "0 669 1078 2010 2878 3653 614 990 1846 2643 3356 1 653 1052 1960 2807 3563 599 966 1800 2578 3274 2 637 1026 1912 2737 3475 585 942 1756 2515 3193 3 621 1001 1865 2670 3389 570 919 1713 2453 3115 4 606 976 1819 2604 3305 556 896 1671 2393 3038 5 591 952 1774 2539 3223 543 874 1630 2334 2963 6 576 928 1730 2477 3143 529 853 1590 2276 2890 7 562 905 1687 2415 3065 516 832 1551 2220 2819 8 548 883 1645 2355 2989 504 811 1512 2165 2749 9 534 861 1604 2297 2915 491 791 1475 2112 2681 10 521 840 1565 2240 2842 479 772 1439 2060 2614 11 508 819 1526 2184 2771 467 753 1403 2009 2550 12 496 799 1488 2130 2702 456 734 1368 1959 2486 13 484 779 1451 2076 2634 444 716 1334 1910 2425 14 472 760 1415 2024 2568 434 698 1301 1863 2364 15 460 741 1379 1974 2504 423 681 1269 1817 2305 16 448 722 1345 1924 2441 412 664 1238 1772 2248 17 437 704 1311 1876 2379 402 648 1207 1727 2192 18 426 687 1278 1829 2319 392 632 1177 1684 2137 19 416 669 1246 1783 2261 382 616 1148 1642 2084 20 405 653 1215 1738 2203 373 601 1119 1601 2031 21 395 636 1184 1694 2147 364 586 1091 1561 1980 22 385 620 1154 1651 2092 355 571 1064 1522 1930 23 376 605 1125 1609 2039 346 557 1037 1484 1882 24 366 589 1096 1568 1987 337 543 1011 1446 1834 25 357 575 1068 1527 1935 329 530 986 1410 1788 26 348 560 1041 1488 1885 321 516 961 1374 1742 27 339 546 1015 1450 1837 313 503 937 1339 1698 28 330 532 988 1412 1789 305 491 913 1305 1654 29 322 518 963 1376 1742 297 478 890 1272 1612 30 314 505 938 1340 1696 290 466 867 1239 1570 31 306 492 914 1305 1652 282 454 845 1208 1530 32 298 479 890 1271 1608 275 443 823 1176 1490 33 290 467 867 1237 1565 268 432 802 1146 1451 34 283 455 844 1204 1523 261 421 781 1116 1413 35 275 443 821 1172 1481 255 410 761 1087 1376 36 268 431 800 1140 1441 248 399 741 1059 1339",
      "is_heading": false
    }
  ]
}