{
  "page_no": 2,
  "width": 595.3200073242188,
  "height": 841.9199829101562,
  "text": "年\n龄 \n男性 \n女性 \n趸交 \n3 年交 5 年交 10 年交 15 年交 20 年交 趸交 \n3 年交 5 年交 10 年交 15 年交 20 年交 \n34 \n929 \n2547 \n4178 \n7729 \n10882 \n13626 \n933 \n2561 \n4202 \n7784 \n10973 \n13752 \n35 \n929 \n2545 \n4176 \n7722 \n10871 \n13616 \n933 \n2561 \n4201 \n7781 \n10968 \n13747 \n36 \n929 \n2544 \n4173 \n7715 \n10861 \n13608 \n933 \n2560 \n4200 \n7778 \n10963 \n13743 \n37 \n929 \n2542 \n4171 \n7707 \n10852 \n13602 \n933 \n2559 \n4199 \n7774 \n10958 \n13739 \n38 \n928 \n2540 \n4167 \n7700 \n10844 \n13597 \n933 \n2558 \n4197 \n7770 \n10954 \n13737 \n39 \n928 \n2538 \n4164 \n7693 \n10837 \n13593 \n932 \n2558 \n4196 \n7767 \n10951 \n13735 \n40 \n928 \n2536 \n4160 \n7686 \n10832 \n13588 \n932 \n2556 \n4194 \n7764 \n10948 \n13733 \n41 \n927 \n2534 \n4156 \n7681 \n10827 \n13583 \n932 \n2555 \n4192 \n7761 \n10946 \n13730 \n42 \n926 \n2531 \n4152 \n7676 \n10822 \n13578 \n932 \n2554 \n4190 \n7758 \n10943 \n13728 \n43 \n926 \n2529 \n4148 \n7672 \n10817 \n13573 \n931 \n2553 \n4188 \n7756 \n10941 \n13725 \n44 \n925 \n2526 \n4145 \n7668 \n10812 \n13566 \n931 \n2552 \n4186 \n7755 \n10938 \n13721 \n45 \n924 \n2525 \n4143 \n7664 \n10807 \n13558 \n931 \n2551 \n4185 \n7753 \n10936 \n13717 \n46 \n923 \n2523 \n4141 \n7660 \n10802 \n13549 \n930 \n2550 \n4184 \n7751 \n10933 \n13711 \n47 \n923 \n2522 \n4139 \n7656 \n10797 \n13538 \n930 \n2549 \n4183 \n7749 \n10930 \n13705 \n48 \n922 \n2521 \n4138 \n7652 \n10791 \n13526 \n930 \n2549 \n4183 \n7747 \n10926 \n13697 \n49 \n922 \n2520 \n4136 \n7648 \n10783 \n13511 \n929 \n2548 \n4182 \n7744 \n10921 \n13687 \n50 \n922 \n2519 \n4134 \n7645 \n10774 \n13492 \n929 \n2548 \n4181 \n7742 \n10915 \n13676 \n51 \n922 \n2518 \n4133 \n7641 \n10763 \n \n929 \n2547 \n4180 \n7739 \n10908 \n \n52 \n921 \n2516 \n4131 \n7637 \n10750 \n \n929 \n2547 \n4179 \n7736 \n10899 \n \n53 \n921 \n2515 \n4130 \n7631 \n10733 \n \n929 \n2546 \n4178 \n7732 \n10888 \n \n54 \n921 \n2514 \n4128 \n7624 \n10711 \n \n929 \n2545 \n4177 \n7727 \n10874 \n \n55 \n921 \n2513 \n4127 \n7614 \n10682 \n \n929 \n2544 \n4175 \n7720 \n10857 \n \n56 \n922 \n2512 \n4125 \n7601 \n \n \n929 \n2543 \n4174 \n7711 \n \n \n57 \n922 \n2511 \n4124 \n7583 \n \n \n929 \n2542 \n4172 \n7700 \n \n \n58 \n922 \n2510 \n4120 \n7560 \n \n \n929 \n2541 \n4169 \n7687 \n \n \n59 \n922 \n2508 \n4115 \n7529 \n \n \n929 \n2539 \n4165 \n7669 \n \n \n60 \n922 \n2505 \n4106 \n7487 \n \n \n929 \n2537 \n4160 \n7646 \n \n \n61 \n923 \n2498 \n4094 \n \n \n \n929 \n2533 \n4152 \n \n \n \n62 \n922 \n2489 \n4076 \n \n \n \n928 \n2527 \n4142 \n \n \n \n63 \n920 \n2477 \n4055 \n \n \n \n927 \n2521 \n4130 \n \n \n \n64 \n918 \n2462 \n4026 \n \n \n \n926 \n2512 \n4115 \n \n \n \n65 \n916 \n2442 \n3987 \n \n \n \n925 \n2502 \n4097 \n \n \n \n66 \n913 \n \n \n \n \n \n923 \n \n \n \n \n \n67 \n910 \n \n \n \n \n \n921 \n \n \n \n \n \n68 \n905 \n \n \n \n \n \n919 \n \n \n \n \n \n69 \n899 \n \n \n \n \n \n916 \n \n \n \n \n \n70 \n891 \n \n \n \n \n \n912 \n \n \n \n \n \n注：月交保险费=年交保险费*0.09。 \n \n \n",
  "blocks": [
    {
      "bbox": [
        62.15999984741211,
        76.1643295288086,
        77.24400329589844,
        98.14434814453125
      ],
      "max_font_size": 9.960000038146973,
      "text": "年龄",
      "is_heading": false
    },
    {
      "bbox": [
        184.82000732421875,
        74.36434173583984,
        440.2900085449219,
        84.3243408203125
      ],
      "max_font_size": 9.960000038146973,
      "text": "男性 女性",
      "is_heading": false
    },
    {
      "bbox": [
        88.58399963378906,
        90.34432220458984,
        542.4400024414062,
        100.3043212890625
      ],
      "max_font_size": 9.960000038146973,
      "text": "趸交 3 年交 5 年交 10 年交 15 年交 20 年交 趸交 3 年交 5 年交 10 年交 15 年交 20 年交",
      "is_heading": false
    },
    {
      "bbox": [
        62.15999984741211,
        106.3043441772461,
        538.5999755859375,
        116.38433837890625
      ],
      "max_font_size": 9.960000038146973,
      "text": "34 929 2547 4178 7729 10882 13626 933 2561 4202 7784 10973 13752",
      "is_heading": false
    },
    {
      "bbox": [
        62.15999984741211,
        122.50435638427734,
        538.5999755859375,
        132.5843505859375
      ],
      "max_font_size": 9.960000038146973,
      "text": "35 929 2545 4176 7722 10871 13616 933 2561 4201 7781 10968 13747",
      "is_heading": false
    },
    {
      "bbox": [
        62.15999984741211,
        138.82437133789062,
        538.5999755859375,
        148.90435791015625
      ],
      "max_font_size": 9.960000038146973,
      "text": "36 929 2544 4173 7715 10861 13608 933 2560 4200 7778 10963 13743",
      "is_heading": false
    },
    {
      "bbox": [
        62.15999984741211,
        155.02432250976562,
        538.5999755859375,
        165.1043701171875
      ],
      "max_font_size": 9.960000038146973,
      "text": "37 929 2542 4171 7707 10852 13602 933 2559 4199 7774 10958 13739",
      "is_heading": false
    },
    {
      "bbox": [
        62.15999984741211,
        171.22433471679688,
        538.5999755859375,
        181.3043212890625
      ],
      "max_font_size": 9.960000038146973,
      "text": "38 928 2540 4167 7700 10844 13597 933 2558 4197 7770 10954 13737",
      "is_heading": false
    },
    {
      "bbox": [
        62.15999984741211,
        187.54434204101562,
        538.5999755859375,
        197.62432861328125
      ],
      "max_font_size": 9.960000038146973,
      "text": "39 928 2538 4164 7693 10837 13593 932 2558 4196 7767 10951 13735",
      "is_heading": false
    },
    {
      "bbox": [
        62.15999984741211,
        203.74435424804688,
        538.5999755859375,
        213.8243408203125
      ],
      "max_font_size": 9.960000038146973,
      "text": "40 928 2536 4160 7686 10832 13588 932 2556 4194 7764 10948 13733",
      "is_heading": false
    },
    {
      "bbox": [
        62.15999984741211,
        220.06436157226562,
        538.5999755859375,
        230.14434814453125
      ],
      "max_font_size": 9.960000038146973,
      "text": "41 927 2534 4156 7681 10827 13583 932 2555 4192 7761 10946 13730",
      "is_heading": false
    },
    {
      "bbox": [
        62.15999984741211,
        236.26437377929688,
        538.5999755859375,
        246.3443603515625
      ],
      "max_font_size": 9.960000038146973,
      "text": "42 926 2531 4152 7676 10822 13578 932 2554 4190 7758 10943 13728",
      "is_heading": false
    },
    {
      "bbox": [
        62.15999984741211,
        252.46432495117188,
        538.5999755859375,
        262.5443115234375
      ],
      "max_font_size": 9.960000038146973,
      "text": "43 926 2529 4148 7672 10817 13573 931 2553 4188 7756 10941 13725",
      "is_heading": false
    },
    {
      "bbox": [
        62.15999984741211,
        268.8143615722656,
        538.5999755859375,
        278.89434814453125
      ],
      "max_font_size": 9.960000038146973,
      "text": "44 925 2526 4145 7668 10812 13566 931 2552 4186 7755 10938 13721",
      "is_heading": false
    },
    {
      "bbox": [
        62.15999984741211,
        285.0143737792969,
        538.5999755859375,
        295.0943603515625
      ],
      "max_font_size": 9.960000038146973,
      "text": "45 924 2525 4143 7664 10807 13558 931 2551 4185 7753 10936 13717",
      "is_heading": false
    },
    {
      "bbox": [
        62.15999984741211,
        301.3343200683594,
        538.5999755859375,
        311.41436767578125
      ],
      "max_font_size": 9.960000038146973,
      "text": "46 923 2523 4141 7660 10802 13549 930 2550 4184 7751 10933 13711",
      "is_heading": false
    },
    {
      "bbox": [
        62.15999984741211,
        317.5343322753906,
        538.5999755859375,
        327.61431884765625
      ],
      "max_font_size": 9.960000038146973,
      "text": "47 923 2522 4139 7656 10797 13538 930 2549 4183 7749 10930 13705",