{
  "page_no": 1,
  "width": 595.3200073242188,
  "height": 841.9199829101562,
  "text": "利安人寿保险股份有限公司 \n利安传世瑞享终身寿险（分红型） \n基本保险金额表 \n(每1000 元趸交或年交保险费)           \n                                                             单位：人民币元 \n年\n龄 \n男性 \n女性 \n趸交 \n3 年交 5 年交 10 年交 15 年交 20 年交 趸交 \n3 年交 5 年交 10 年交 15 年交 20 年交 \n0 \n935 \n2569 \n4215 \n7813 \n11021 \n13817 \n935 \n2570 \n4217 \n7818 \n11030 \n13833 \n1 \n935 \n2569 \n4215 \n7813 \n11019 \n13814 \n935 \n2570 \n4217 \n7818 \n11030 \n13832 \n2 \n935 \n2569 \n4214 \n7812 \n11017 \n13811 \n935 \n2570 \n4217 \n7818 \n11029 \n13831 \n3 \n935 \n2568 \n4214 \n7810 \n11015 \n13808 \n935 \n2570 \n4217 \n7818 \n11028 \n13830 \n4 \n935 \n2568 \n4213 \n7809 \n11012 \n13804 \n935 \n2570 \n4216 \n7817 \n11027 \n13828 \n5 \n935 \n2568 \n4213 \n7807 \n11009 \n13800 \n935 \n2570 \n4216 \n7816 \n11026 \n13827 \n6 \n935 \n2567 \n4212 \n7805 \n11005 \n13796 \n935 \n2570 \n4216 \n7816 \n11025 \n13825 \n7 \n935 \n2567 \n4211 \n7803 \n11002 \n13791 \n935 \n2569 \n4216 \n7815 \n11023 \n13824 \n8 \n935 \n2566 \n4210 \n7801 \n10998 \n13787 \n935 \n2569 \n4215 \n7814 \n11022 \n13822 \n9 \n934 \n2566 \n4209 \n7798 \n10995 \n13783 \n935 \n2569 \n4215 \n7813 \n11021 \n13820 \n10 \n934 \n2565 \n4208 \n7795 \n10991 \n13779 \n935 \n2569 \n4214 \n7812 \n11019 \n13819 \n11 \n934 \n2564 \n4207 \n7792 \n10988 \n13776 \n935 \n2568 \n4214 \n7811 \n11018 \n13818 \n12 \n934 \n2564 \n4205 \n7790 \n10984 \n13773 \n935 \n2568 \n4213 \n7809 \n11017 \n13817 \n13 \n934 \n2563 \n4204 \n7787 \n10982 \n13770 \n935 \n2568 \n4213 \n7808 \n11016 \n13816 \n14 \n933 \n2562 \n4202 \n7785 \n10979 \n13767 \n935 \n2567 \n4212 \n7807 \n11015 \n13815 \n15 \n933 \n2561 \n4201 \n7782 \n10977 \n13764 \n935 \n2567 \n4211 \n7807 \n11014 \n13813 \n16 \n933 \n2560 \n4199 \n7781 \n10974 \n13761 \n934 \n2566 \n4211 \n7806 \n11013 \n13812 \n17 \n932 \n2559 \n4198 \n7779 \n10972 \n13758 \n934 \n2566 \n4210 \n7805 \n11012 \n13811 \n18 \n932 \n2558 \n4197 \n7778 \n10970 \n13754 \n934 \n2566 \n4210 \n7805 \n11011 \n13810 \n19 \n932 \n2558 \n4196 \n7776 \n10967 \n13751 \n934 \n2566 \n4210 \n7805 \n11011 \n13808 \n20 \n932 \n2557 \n4196 \n7775 \n10965 \n13747 \n934 \n2566 \n4210 \n7804 \n11010 \n13807 \n21 \n932 \n2557 \n4195 \n7773 \n10962 \n13743 \n934 \n2565 \n4209 \n7804 \n11008 \n13805 \n22 \n931 \n2556 \n4194 \n7771 \n10959 \n13738 \n934 \n2565 \n4209 \n7803 \n11007 \n13803 \n23 \n931 \n2556 \n4194 \n7769 \n10955 \n13733 \n934 \n2565 \n4209 \n7802 \n11006 \n13801 \n24 \n931 \n2555 \n4193 \n7767 \n10952 \n13727 \n934 \n2565 \n4209 \n7801 \n11004 \n13799 \n25 \n931 \n2555 \n4192 \n7765 \n10947 \n13721 \n934 \n2565 \n4208 \n7800 \n11003 \n13796 \n26 \n931 \n2554 \n4191 \n7762 \n10943 \n13714 \n934 \n2565 \n4208 \n7799 \n11001 \n13793 \n27 \n931 \n2554 \n4190 \n7759 \n10938 \n13705 \n934 \n2564 \n4207 \n7798 \n10998 \n13789 \n28 \n931 \n2553 \n4188 \n7756 \n10932 \n13696 \n934 \n2564 \n4207 \n7797 \n10996 \n13785 \n29 \n931 \n2552 \n4187 \n7752 \n10926 \n13686 \n934 \n2564 \n4206 \n7795 \n10993 \n13780 \n30 \n930 \n2551 \n4186 \n7748 \n10919 \n13675 \n934 \n2563 \n4206 \n7793 \n10990 \n13775 \n31 \n930 \n2550 \n4184 \n7744 \n10911 \n13663 \n933 \n2563 \n4205 \n7791 \n10986 \n13770 \n32 \n930 \n2549 \n4182 \n7740 \n10902 \n13649 \n933 \n2562 \n4204 \n7789 \n10982 \n13763 \n33 \n930 \n2548 \n4180 \n7735 \n10892 \n13637 \n933 \n2562 \n4203 \n7787 \n10978 \n13757 \n",
  "blocks": [
    {
      "bbox": [
        189.13999938964844,
        73.11795806884766,
        414.1300048828125,
        91.11795806884766
      ],
      "max_font_size": 18.0,
      "text": "利安人寿保险股份有限公司",
      "is_heading": false
    },
    {
      "bbox": [
        192.25999450683594,
        96.83033752441406,
        411.1300048828125,
        112.79033660888672
      ],
      "max_font_size": 15.960000038146973,
      "text": "利安传世瑞享终身寿险（分红型）",
      "is_heading": false
    },
    {
      "bbox": [
        255.52999877929688,
        122.19200134277344,
        345.9100036621094,
        134.19200134277344
      ],
      "max_font_size": 12.0,
      "text": "基本保险金额表",
      "is_heading": false
    },
    {
      "bbox": [
        226.72999572753906,
        144.7889404296875,
        426.30999755859375,
        155.34893798828125
      ],
      "max_font_size": 10.5600004196167,
      "text": "(每1000 元趸交或年交保险费)",
      "is_heading": false
    },
    {
      "bbox": [
        89.90399932861328,
        165.428955078125,
        488.9800109863281,
        175.98895263671875
      ],
      "max_font_size": 10.5600004196167,
      "text": "单位：人民币元",
      "is_heading": false
    },
    {
      "bbox": [
        62.15999984741211,
        184.18435668945312,
        77.24400329589844,
        206.14434814453125
      ],
      "max_font_size": 9.960000038146973,
      "text": "年龄",
      "is_heading": false
    },
    {
      "bbox": [
        184.82000732421875,
        182.38436889648438,
        440.2900085449219,
        192.3443603515625
      ],
      "max_font_size": 9.960000038146973,
      "text": "男性 女性",
      "is_heading": false
    },
    {
      "bbox": [
        88.58399963378906,
        198.34432983398438,
        542.4400024414062,
        208.3043212890625
      ],
      "max_font_size": 9.960000038146973,
      "text": "趸交 3 年交 5 年交 10 年交 15 年交 20 年交 趸交 3 年交 5 年交 10 年交 15 年交 20 年交",
      "is_heading": false
    },
    {
      "bbox": [
        64.7040023803711,
        214.30435180664062,
        538.5999755859375,
        224.38433837890625
      ],
      "max_font_size": 9.960000038146973,
      "text": "0 935 2569 4215 7813 11021 13817 935 2570 4217 7818 11030 13833",
      "is_heading": false
    },
    {
      "bbox": [
        64.7040023803711,
        230.50436401367188,
        538.5999755859375,
        240.5843505859375
      ],
      "max_font_size": 9.960000038146973,
      "text": "1 935 2569 4215 7813 11019 13814 935 2570 4217 7818 11030 13832",
      "is_heading": false
    },
    {
      "bbox": [
        64.7040023803711,
        246.82437133789062,
        538.5999755859375,
        256.90435791015625
      ],
      "max_font_size": 9.960000038146973,
      "text": "2 935 2569 4214 7812 11017 13811 935 2570 4217 7818 11029 13831",
      "is_heading": false
    },
    {
      "bbox": [
        64.7040023803711,
        263.0243225097656,
        538.5999755859375,
        273.1043701171875
      ],
      "max_font_size": 9.960000038146973,
      "text": "3 935 2568 4214 7810 11015 13808 935 2570 4217 7818 11028 13830",
      "is_heading": false
    },
    {
      "bbox": [
        64.7040023803711,
        279.2543640136719,
        538.5999755859375,
        289.3343505859375
      ],
      "max_font_size": 9.960000038146973,
      "text": "4 935 2568 4213 7809 11012 13804 935 2570 4216 7817 11027 13828",
      "is_heading": false
    },
    {
      "bbox": [
        64.7040023803711,
        295.5743713378906,
        538.5999755859375,
        305.65435791015625
      ],
      "max_font_size": 9.960000038146973,
      "text": "5 935 2568 4213 7807 11009 13800 935 2570 4216 7816 11026 13827",
      "is_heading": false
    },
    {
      "bbox": [
        64.7040023803711,
        311.7743225097656,
        538.5999755859375,
        321.8543701171875
      ],
      "max_font_size": 9.960000038146973,
      "text": "6 935 2567 4212 7805 11005 13796 935 2570 4216 7816 11025 13825",
      "is_heading": false
    },
    {
      "bbox": [
        64.7040023803711,
        328.0943603515625,
        538.5999755859375,
        338.1743469238281
      ],
      "max_font_size": 9.960000038146973,
      "text": "7 935 2567 4211 7803 11002 13791 935 2569 4216 7815 11023 13824",
      "is_heading": false
    },
    {
      "bbox": [
        64.7040023803711,
        344.2943420410156,
        538.5999755859375,
        354.37432861328125
      ],
      "max_font_size": 9.960000038146973,
      "text": "8 935 2566 4210 7801 10998 13787 935 2569 4215 7814 11022 13822",