{
  "page_no": 6,
  "width": 595.3200073242188,
  "height": 841.9199829101562,
  "text": " \n3 \n53 \n100000 \n300000 \n0 \n0 \n0 \n300000 \n170094 \n4 \n54 \n100000 \n400000 \n0 \n0 \n0 \n400000 \n256898 \n5 \n55 \n100000 \n500000 \n0 \n0 \n0 \n500000 \n354415 \n6 \n56 \n100000 \n600000 \n0 \n0 \n0 \n600000 \n462931 \n7 \n57 \n100000 \n700000 \n0 \n0 \n0 \n700000 \n582712 \n8 \n58 \n100000 \n800000 \n0 \n0 \n0 \n800000 \n714007 \n9 \n59 \n100000 \n900000 \n0 \n0 \n0 \n900000 \n857055 \n10 \n60 \n100000 \n1000000 \n0 \n0 \n0 \n1012021 \n1012021 \n15 \n65 \n0 \n1000000 \n0 \n0 \n0 \n1204020 \n1204020 \n20 \n70 \n0 \n1000000 \n83100 \n83100 \n0 \n1394212 \n1311112 \n25 \n75 \n0 \n1000000 \n83100 \n498600 \n1246500 \n0 \n1053710 \n30 \n80 \n0 \n1000000 \n83100 \n914100 \n831000 \n0 \n771388 \n35 \n85 \n0 \n1000000 \n83100 \n1329600 \n415500 \n0 \n488120 \n40 \n90 \n0 \n1000000 \n83100 \n1745100 \n0 \n0 \n289494 \n45 \n95 \n0 \n1000000 \n83100 \n2160600 \n0 \n0 \n190400 \n50 \n100 \n0 \n1000000 \n83100 \n2576100 \n0 \n0 \n114470 \n55 \n105 \n0 \n1000000 \n83100 \n2991600 \n0 \n0 \n0 \n56 \n106 \n0 \n1000000 \n83100 \n3074700 \n0 \n0 \n0 \n \n示例4：安女士今年55 周岁，她选择购买了利安颐享年年（典藏版）养老年金保险，选择\n年交、年领方式，75 周岁开始领取养老保险金，投保保障方案一，年交保险费100000 元,10\n年交清, 基本保险金额为84000 元。其各保单年度的各项保单利益演示如下： \n保单 \n年度 \n年龄 \n年度 \n保险费 \n累计 \n保险费 \n养老 \n保险金 \n累计养老\n保险金 \n保证领取期间内\n尚未给付的养老\n保险金总额 \n身故 \n保险金 \n现金价值 \n1 \n56 \n100000 \n100000 \n0 \n0 \n0 \n100000 \n40465 \n2 \n57 \n100000 \n200000 \n0 \n0 \n0 \n200000 \n98117 \n3 \n58 \n100000 \n300000 \n0 \n0 \n0 \n300000 \n171643 \n4 \n59 \n100000 \n400000 \n0 \n0 \n0 \n400000 \n258846 \n5 \n60 \n100000 \n500000 \n0 \n0 \n0 \n500000 \n356609 \n6 \n61 \n100000 \n600000 \n0 \n0 \n0 \n600000 \n465204 \n7 \n62 \n100000 \n700000 \n0 \n0 \n0 \n700000 \n584892 \n8 \n63 \n100000 \n800000 \n0 \n0 \n0 \n800000 \n715919 \n9 \n64 \n100000 \n900000 \n0 \n0 \n0 \n900000 \n858525 \n10 \n65 \n100000 \n1000000 \n0 \n0 \n0 \n1012851 \n1012851 \n15 \n70 \n0 \n1000000 \n0 \n0 \n0 \n1203914 \n1203914 \n20 \n75 \n0 \n1000000 \n84000 \n84000 \n0 \n1393933 \n1309933 \n25 \n80 \n0 \n1000000 \n84000 \n504000 \n1260000 \n0 \n1039715 \n30 \n85 \n0 \n1000000 \n84000 \n924000 \n840000 \n0 \n739425 \n35 \n90 \n0 \n1000000 \n84000 \n1344000 \n420000 \n0 \n432609 \n40 \n95 \n0 \n1000000 \n84000 \n1764000 \n0 \n0 \n221024 \n45 \n100 \n0 \n1000000 \n84000 \n2184000 \n0 \n0 \n129888 \n50 \n105 \n0 \n1000000 \n84000 \n2604000 \n0 \n0 \n0 \n51 \n106 \n0 \n1000000 \n84000 \n2688000 \n0 \n0 \n0 \n",
  "blocks": [
    {
      "bbox": [
        82.34400177001953,
        61.524314880371094,
        523.5999755859375,
        71.48431396484375
      ],
      "max_font_size": 9.960000038146973,
      "text": "3 53 100000 300000 0 0 0 300000 170094",
      "is_heading": false
    },
    {
      "bbox": [
        82.34400177001953,
        77.96431732177734,
        523.5999755859375,
        87.92431640625
      ],
      "max_font_size": 9.960000038146973,
      "text": "4 54 100000 400000 0 0 0 400000 256898",
      "is_heading": false
    },
    {
      "bbox": [
        82.34400177001953,
        94.5443344116211,
        523.5999755859375,
        104.50433349609375
      ],
      "max_font_size": 9.960000038146973,
      "text": "5 55 100000 500000 0 0 0 500000 354415",
      "is_heading": false
    },
    {
      "bbox": [
        82.34400177001953,
        110.98433685302734,
        523.5999755859375,
        120.9443359375
      ],
      "max_font_size": 9.960000038146973,
      "text": "6 56 100000 600000 0 0 0 600000 462931",
      "is_heading": false
    },
    {
      "bbox": [
        82.34400177001953,
        127.5443344116211,
        523.5999755859375,
        137.50433349609375
      ],
      "max_font_size": 9.960000038146973,
      "text": "7 57 100000 700000 0 0 0 700000 582712",
      "is_heading": false
    },
    {
      "bbox": [
        82.34400177001953,
        143.98434448242188,
        523.5999755859375,
        153.9443359375
      ],
      "max_font_size": 9.960000038146973,
      "text": "8 58 100000 800000 0 0 0 800000 714007",
      "is_heading": false
    },
    {
      "bbox": [
        82.34400177001953,
        160.54434204101562,
        523.5999755859375,
        170.50433349609375
      ],
      "max_font_size": 9.960000038146973,
      "text": "9 59 100000 900000 0 0 0 900000 857055",
      "is_heading": false
    },
    {
      "bbox": [
        79.8239974975586,
        176.98434448242188,
        526.1199951171875,
        186.9443359375
      ],
      "max_font_size": 9.960000038146973,
      "text": "10 60 100000 1000000 0 0 0 1012021 1012021",
      "is_heading": false
    },
    {
      "bbox": [
        79.8239974975586,
        193.54434204101562,
        526.1199951171875,
        203.50433349609375
      ],
      "max_font_size": 9.960000038146973,
      "text": "15 65 0 1000000 0 0 0 1204020 1204020",
      "is_heading": false
    },
    {
      "bbox": [
        79.8239974975586,
        209.98434448242188,
        526.1199951171875,
        219.9443359375
      ],
      "max_font_size": 9.960000038146973,
      "text": "20 70 0 1000000 83100 83100 0 1394212 1311112",
      "is_heading": false
    },
    {
      "bbox": [
        79.8239974975586,
        226.54434204101562,
        526.1199951171875,
        236.50433349609375
      ],
      "max_font_size": 9.960000038146973,
      "text": "25 75 0 1000000 83100 498600 1246500 0 1053710",
      "is_heading": false
    },
    {
      "bbox": [
        79.8239974975586,
        242.98434448242188,
        523.5999755859375,
        252.9443359375
      ],
      "max_font_size": 9.960000038146973,
      "text": "30 80 0 1000000 83100 914100 831000 0 771388",
      "is_heading": false
    },
    {
      "bbox": [
        79.8239974975586,
        259.5443420410156,
        523.5999755859375,
        269.50433349609375
      ],
      "max_font_size": 9.960000038146973,
      "text": "35 85 0 1000000 83100 1329600 415500 0 488120",
      "is_heading": false
    },
    {
      "bbox": [
        79.8239974975586,
        276.0143737792969,
        523.5999755859375,
        285.974365234375
      ],
      "max_font_size": 9.960000038146973,
      "text": "40 90 0 1000000 83100 1745100 0 0 289494",
      "is_heading": false
    },
    {
      "bbox": [
        79.8239974975586,
        292.5743713378906,
        523.5999755859375,
        302.53436279296875
      ],
      "max_font_size": 9.960000038146973,
      "text": "45 95 0 1000000 83100 2160600 0 0 190400",
      "is_heading": false
    },
    {
      "bbox": [
        79.8239974975586,
        309.0143737792969,
        523.5999755859375,
        318.974365234375
      ],
      "max_font_size": 9.960000038146973,
      "text": "50 100 0 1000000 83100 2576100 0 0 114470",
      "is_heading": false
    },
    {
      "bbox": [
        79.8239974975586,
        325.5743408203125,
        511.1200256347656,
        335.5343322753906
      ],
      "max_font_size": 9.960000038146973,
      "text": "55 105 0 1000000 83100 2991600 0 0 0",
      "is_heading": false
    },
    {
      "bbox": [
        79.8239974975586,
        342.01434326171875,
        511.1200256347656,
        351.9743347167969
      ],
      "max_font_size": 9.960000038146973,
      "text": "56 106 0 1000000 83100 3074700 0 0 0",
      "is_heading": false
    },
    {
      "bbox": [
        89.90399932861328,
        374.0189514160156,
        505.7799987792969,
        384.5789489746094
      ],
      "max_font_size": 10.5600004196167,
      "text": "示例4：安女士今年55 周岁，她选择购买了利安颐享年年（典藏版）养老年金保险，选择",
      "is_heading": false
    },
    {
      "bbox": [
        89.90399932861328,
        389.97894287109375,
        505.7799987792969,
        400.5389404296875
      ],
      "max_font_size": 10.5600004196167,
      "text": "年交、年领方式，75 周岁开始领取养老保险金，投保保障方案一，年交保险费100000 元,10",