{
  "page_no": 4,
  "width": 595.3200073242188,
  "height": 842.0399780273438,
  "text": " \n \n \n养老保险金开始领取年龄：60 周岁 \n单位：人民币元 \n保障方案 \n保障方案一 \n性别 \n男性 \n女性 \n交费期间 \n年龄 \n3 年交 \n5 年交 \n10 年交 \n15 年交 \n20 年交 \n3 年交 \n5 年交 \n10 年交 \n15 年交 \n20 年交 \n0 \n668 \n1079 \n2032 \n2915 \n3710 \n618 \n998 \n1880 \n2697 \n3432 \n1 \n652 \n1052 \n1982 \n2843 \n3619 \n603 \n974 \n1834 \n2631 \n3348 \n2 \n636 \n1027 \n1934 \n2774 \n3531 \n588 \n950 \n1789 \n2566 \n3266 \n3 \n620 \n1001 \n1887 \n2706 \n3445 \n574 \n927 \n1746 \n2504 \n3186 \n4 \n605 \n977 \n1841 \n2640 \n3361 \n560 \n904 \n1703 \n2442 \n3108 \n5 \n590 \n953 \n1796 \n2576 \n3279 \n546 \n882 \n1661 \n2382 \n3032 \n6 \n576 \n930 \n1752 \n2513 \n3199 \n533 \n860 \n1620 \n2324 \n2958 \n7 \n562 \n907 \n1709 \n2451 \n3120 \n520 \n839 \n1581 \n2267 \n2885 \n8 \n548 \n885 \n1667 \n2392 \n3044 \n507 \n819 \n1542 \n2212 \n2815 \n9 \n535 \n863 \n1627 \n2333 \n2970 \n495 \n799 \n1504 \n2157 \n2746 \n10 \n522 \n842 \n1587 \n2276 \n2897 \n482 \n779 \n1467 \n2105 \n2678 \n11 \n509 \n822 \n1548 \n2220 \n2826 \n471 \n760 \n1431 \n2053 \n2613 \n12 \n496 \n802 \n1510 \n2166 \n2757 \n459 \n741 \n1396 \n2003 \n2549 \n13 \n484 \n782 \n1473 \n2113 \n2690 \n448 \n723 \n1362 \n1954 \n2486 \n14 \n473 \n763 \n1437 \n2062 \n2624 \n437 \n705 \n1329 \n1906 \n2425 \n15 \n461 \n744 \n1402 \n2011 \n2560 \n426 \n688 \n1296 \n1859 \n2366 \n16 \n450 \n726 \n1368 \n1962 \n2497 \n416 \n671 \n1264 \n1813 \n2308 \n17 \n439 \n708 \n1334 \n1914 \n2436 \n406 \n655 \n1233 \n1769 \n2251 \n18 \n428 \n691 \n1302 \n1867 \n2377 \n396 \n639 \n1203 \n1725 \n2196 \n19 \n418 \n674 \n1270 \n1821 \n2319 \n386 \n623 \n1174 \n1683 \n2142 \n20 \n407 \n658 \n1239 \n1777 \n2262 \n376 \n608 \n1145 \n1642 \n2089 \n21 \n397 \n642 \n1209 \n1733 \n2207 \n367 \n593 \n1117 \n1601 \n2038 \n22 \n388 \n626 \n1179 \n1691 \n2153 \n358 \n578 \n1089 \n1562 \n1988 \n23 \n378 \n611 \n1150 \n1650 \n2100 \n349 \n564 \n1062 \n1524 \n1939 \n24 \n369 \n596 \n1122 \n1609 \n2049 \n341 \n550 \n1036 \n1486 \n1891 \n25 \n360 \n581 \n1095 \n1570 \n1998 \n332 \n537 \n1011 \n1450 \n1845 \n26 \n351 \n567 \n1068 \n1532 \n1950 \n324 \n524 \n986 \n1414 \n1800 \n27 \n343 \n553 \n1042 \n1494 \n1902 \n316 \n511 \n962 \n1379 \n1755 \n28 \n334 \n540 \n1016 \n1458 \n1855 \n309 \n498 \n938 \n1345 \n1712 \n29 \n326 \n526 \n991 \n1422 \n1810 \n301 \n486 \n915 \n1312 \n1670 \n30 \n318 \n514 \n967 \n1387 \n1766 \n294 \n474 \n893 \n1280 \n1629 \n31 \n310 \n501 \n943 \n1353 \n1723 \n286 \n462 \n871 \n1249 \n1589 \n32 \n303 \n489 \n920 \n1320 \n1680 \n279 \n451 \n849 \n1218 \n1550 \n33 \n295 \n477 \n898 \n1288 \n1639 \n273 \n440 \n828 \n1188 \n1512 \n34 \n288 \n465 \n876 \n1256 \n1599 \n266 \n429 \n808 \n1159 \n1475 \n35 \n281 \n454 \n854 \n1226 \n1560 \n259 \n419 \n788 \n1130 \n1438 \n36 \n274 \n443 \n834 \n1196 \n1522 \n253 \n408 \n769 \n1102 \n1403 \n37 \n268 \n432 \n813 \n1166 \n1485 \n247 \n398 \n750 \n1075 \n1368 \n38 \n261 \n421 \n793 \n1138 \n1448 \n241 \n388 \n731 \n1049 \n1335 \n39 \n255 \n411 \n774 \n1110 \n1413 \n235 \n379 \n713 \n1023 \n1302 \n40 \n248 \n401 \n755 \n1083 \n1378 \n229 \n370 \n696 \n998 \n1270 \n41 \n242 \n391 \n736 \n1056 \n \n223 \n361 \n679 \n973 \n \n",
  "blocks": [
    {
      "bbox": [
        79.46399688720703,
        101.58892822265625,
        245.5699920654297,
        112.14893341064453
      ],
      "max_font_size": 10.5600004196167,
      "text": "养老保险金开始领取年龄：60 周岁",
      "is_heading": false
    },
    {
      "bbox": [
        32.400001525878906,
        121.62890625,
        563.9400024414062,
        186.7889404296875
      ],
      "max_font_size": 10.5600004196167,
      "text": "单位：人民币元 保障方案 保障方案一 性别 男性 女性 交费期间 年龄 3 年交 5 年交 10 年交 15 年交 20 年交 3 年交 5 年交 10 年交 15 年交 20 年交",
      "is_heading": false
    },
    {
      "bbox": [
        57.263999938964844,
        190.42434692382812,
        557.5799560546875,
        752.7003173828125
      ],
      "max_font_size": 9.960000038146973,
      "text": "0 668 1079 2032 2915 3710 618 998 1880 2697 3432 1 652 1052 1982 2843 3619 603 974 1834 2631 3348 2 636 1027 1934 2774 3531 588 950 1789 2566 3266 3 620 1001 1887 2706 3445 574 927 1746 2504 3186 4 605 977 1841 2640 3361 560 904 1703 2442 3108 5 590 953 1796 2576 3279 546 882 1661 2382 3032 6 576 930 1752 2513 3199 533 860 1620 2324 2958 7 562 907 1709 2451 3120 520 839 1581 2267 2885 8 548 885 1667 2392 3044 507 819 1542 2212 2815 9 535 863 1627 2333 2970 495 799 1504 2157 2746 10 522 842 1587 2276 2897 482 779 1467 2105 2678 11 509 822 1548 2220 2826 471 760 1431 2053 2613 12 496 802 1510 2166 2757 459 741 1396 2003 2549 13 484 782 1473 2113 2690 448 723 1362 1954 2486 14 473 763 1437 2062 2624 437 705 1329 1906 2425 15 461 744 1402 2011 2560 426 688 1296 1859 2366 16 450 726 1368 1962 2497 416 671 1264 1813 2308 17 439 708 1334 1914 2436 406 655 1233 1769 2251 18 428 691 1302 1867 2377 396 639 1203 1725 2196 19 418 674 1270 1821 2319 386 623 1174 1683 2142 20 407 658 1239 1777 2262 376 608 1145 1642 2089 21 397 642 1209 1733 2207 367 593 1117 1601 2038 22 388 626 1179 1691 2153 358 578 1089 1562 1988 23 378 611 1150 1650 2100 349 564 1062 1524 1939 24 369 596 1122 1609 2049 341 550 1036 1486 1891 25 360 581 1095 1570 1998 332 537 1011 1450 1845 26 351 567 1068 1532 1950 324 524 986 1414 1800 27 343 553 1042 1494 1902 316 511 962 1379 1755 28 334 540 1016 1458 1855 309 498 938 1345 1712 29 326 526 991 1422 1810 301 486 915 1312 1670 30 318 514 967 1387 1766 294 474 893 1280 1629 31 310 501 943 1353 1723 286 462 871 1249 1589 32 303 489 920 1320 1680 279 451 849 1218 1550 33 295 477 898 1288 1639 273 440 828 1188 1512 34 288 465 876 1256 1599 266 429 808 1159 1475 35 281 454 854 1226 1560 259 419 788 1130 1438 36 274 443 834 1196 1522 253 408 769 1102 1403 37 268 432 813 1166 1485 247 398 750 1075 1368 38 261 421 793 1138 1448 241 388 731 1049 1335 39 255 411 774 1110 1413 235 379 713 1023 1302 40 248 401 755 1083 1378 229 370 696 998 1270 41 242 391 736 1056  223 361 679 973",
      "is_heading": false
    }
  ]
}