{
  "page_no": 11,
  "width": 595.3200073242188,
  "height": 842.0399780273438,
  "text": " \n \n保障方案 \n保障方案一 \n性别 \n男性 \n女性 \n交费期间 \n年龄 \n3 年交 \n5 年交 \n10 年交 \n15 年交 \n20 年交 \n3 年交 \n5 年交 \n10 年交 \n15 年交 \n20 年交 \n45 \n367 \n592 \n1115 \n1599 \n2036 \n338 \n545 \n1026 \n1470 \n1871 \n46 \n358 \n578 \n1087 \n \n \n329 \n532 \n1000 \n \n \n47 \n349 \n564 \n1061 \n \n \n321 \n518 \n976 \n \n \n48 \n341 \n550 \n1035 \n \n \n313 \n506 \n952 \n \n \n49 \n333 \n537 \n1010 \n \n \n306 \n493 \n928 \n \n \n50 \n325 \n524 \n985 \n \n \n298 \n481 \n905 \n \n \n51 \n317 \n \n \n \n \n291 \n \n \n \n \n52 \n309 \n \n \n \n \n284 \n \n \n \n \n53 \n301 \n \n \n \n \n277 \n \n \n \n \n54 \n294 \n \n \n \n \n270 \n \n \n \n \n55 \n287 \n \n \n \n \n263 \n \n \n \n \n注：半年交保险费=年交保险费*0.505，季交保险费=年交保险费*0.255，月交保险费=年交保险\n费*0.085 \n \n保障方案 \n保障方案二 \n性别 \n男性 \n女性 \n交费期间 \n年龄 \n3 年交 \n5 年交 \n10 年交 \n15 年交 \n20 年交 \n3 年交 \n5 年交 \n10 年交 \n15 年交 \n20 年交 \n0 \n1818 \n2934 \n5524 \n7918 \n10072 \n1529 \n2468 \n4646 \n6660 \n8471 \n1 \n1773 \n2862 \n5387 \n7722 \n9822 \n1491 \n2407 \n4531 \n6495 \n8261 \n2 \n1729 \n2791 \n5254 \n7531 \n9576 \n1454 \n2348 \n4419 \n6334 \n8055 \n3 \n1686 \n2722 \n5124 \n7343 \n9337 \n1418 \n2289 \n4309 \n6176 \n7854 \n4 \n1645 \n2655 \n4996 \n7160 \n9104 \n1383 \n2233 \n4202 \n6023 \n7658 \n5 \n1604 \n2589 \n4872 \n6981 \n8876 \n1349 \n2177 \n4098 \n5872 \n7466 \n6 \n1564 \n2525 \n4750 \n6806 \n8654 \n1315 \n2123 \n3996 \n5725 \n7280 \n7 \n1525 \n2462 \n4632 \n6636 \n8437 \n1283 \n2070 \n3896 \n5582 \n7097 \n8 \n1488 \n2400 \n4516 \n6470 \n8226 \n1251 \n2019 \n3798 \n5442 \n6919 \n9 \n1450 \n2340 \n4403 \n6308 \n8020 \n1220 \n1969 \n3703 \n5306 \n6746 \n10 \n1414 \n2282 \n4293 \n6150 \n7817 \n1189 \n1919 \n3611 \n5173 \n6576 \n11 \n1379 \n2225 \n4185 \n5996 \n7619 \n1160 \n1871 \n3520 \n5043 \n6410 \n12 \n1344 \n2169 \n4080 \n5844 \n7426 \n1131 \n1824 \n3432 \n4916 \n6247 \n13 \n1311 \n2115 \n3978 \n5696 \n7237 \n1102 \n1779 \n3346 \n4792 \n6089 \n14 \n1278 \n2062 \n3877 \n5551 \n7054 \n1075 \n1734 \n3261 \n4670 \n5935 \n15 \n1246 \n2010 \n3779 \n5410 \n6874 \n1048 \n1691 \n3179 \n4552 \n5784 \n16 \n1215 \n1959 \n3683 \n5273 \n6699 \n1022 \n1648 \n3098 \n4437 \n5637 \n17 \n1184 \n1910 \n3589 \n5139 \n6527 \n996 \n1606 \n3020 \n4324 \n5492 \n18 \n1154 \n1861 \n3498 \n5008 \n6359 \n971 \n1566 \n2943 \n4214 \n5351 \n19 \n1125 \n1814 \n3409 \n4879 \n6195 \n946 \n1526 \n2869 \n4106 \n5214 \n20 \n1096 \n1768 \n3322 \n4753 \n6035 \n922 \n1487 \n2795 \n4000 \n5080 \n21 \n1069 \n1723 \n3237 \n4631 \n5879 \n899 \n1450 \n2724 \n3898 \n4949 \n22 \n1041 \n1679 \n3153 \n4511 \n5726 \n876 \n1413 \n2654 \n3797 \n4820 \n23 \n1015 \n1636 \n3072 \n4394 \n5576 \n854 \n1377 \n2586 \n3699 \n4694 \n24 \n989 \n1594 \n2992 \n4280 \n5429 \n832 \n1341 \n2519 \n3603 \n4572 \n25 \n964 \n1553 \n2915 \n4168 \n5286 \n811 \n1307 \n2454 \n3509 \n4452 \n26 \n939 \n1513 \n2839 \n4058 \n5147 \n790 \n1273 \n2390 \n3417 \n4334 \n27 \n915 \n1474 \n2765 \n3951 \n5011 \n770 \n1240 \n2327 \n3328 \n4219 \n",
  "blocks": [
    {
      "bbox": [
        32.400001525878906,
        75.6843490600586,
        563.9400024414062,
        126.78894805908203
      ],
      "max_font_size": 10.5600004196167,
      "text": "保障方案 保障方案一 性别 男性 女性 交费期间 年龄 3 年交 5 年交 10 年交 15 年交 20 年交 3 年交 5 年交 10 年交 15 年交 20 年交",
      "is_heading": false
    },
    {
      "bbox": [
        32.400001525878906,
        130.42434692382812,
        563.9400024414062,
        371.0189208984375
      ],
      "max_font_size": 10.5600004196167,
      "text": "45 367 592 1115 1599 2036 338 545 1026 1470 1871 46 358 578 1087   329 532 1000   47 349 564 1061   321 518 976   48 341 550 1035   313 506 952   49 333 537 1010   306 493 928   50 325 524 985   298 481 905   51 317     291     52 309     284     53 301     277     54 294     270     55 287     263     注：半年交保险费=年交保险费*0.505，季交保险费=年交保险费*0.255，月交保险费=年交保险费*0.085  保障方案 保障方案二 性别 男性 女性 交费期间 年龄 3 年交 5 年交 10 年交 15 年交 20 年交 3 年交 5 年交 10 年交 15 年交 20 年交",
      "is_heading": false
    },
    {
      "bbox": [
        57.263999938964844,
        374.65435791015625,
        557.5799560546875,
        748.2603149414062
      ],
      "max_font_size": 9.960000038146973,
      "text": "0 1818 2934 5524 7918 10072 1529 2468 4646 6660 8471 1 1773 2862 5387 7722 9822 1491 2407 4531 6495 8261 2 1729 2791 5254 7531 9576 1454 2348 4419 6334 8055 3 1686 2722 5124 7343 9337 1418 2289 4309 6176 7854 4 1645 2655 4996 7160 9104 1383 2233 4202 6023 7658 5 1604 2589 4872 6981 8876 1349 2177 4098 5872 7466 6 1564 2525 4750 6806 8654 1315 2123 3996 5725 7280 7 1525 2462 4632 6636 8437 1283 2070 3896 5582 7097 8 1488 2400 4516 6470 8226 1251 2019 3798 5442 6919 9 1450 2340 4403 6308 8020 1220 1969 3703 5306 6746 10 1414 2282 4293 6150 7817 1189 1919 3611 5173 6576 11 1379 2225 4185 5996 7619 1160 1871 3520 5043 6410 12 1344 2169 4080 5844 7426 1131 1824 3432 4916 6247 13 1311 2115 3978 5696 7237 1102 1779 3346 4792 6089 14 1278 2062 3877 5551 7054 1075 1734 3261 4670 5935 15 1246 2010 3779 5410 6874 1048 1691 3179 4552 5784 16 1215 1959 3683 5273 6699 1022 1648 3098 4437 5637 17 1184 1910 3589 5139 6527 996 1606 3020 4324 5492 18 1154 1861 3498 5008 6359 971 1566 2943 4214 5351 19 1125 1814 3409 4879 6195 946 1526 2869 4106 5214 20 1096 1768 3322 4753 6035 922 1487 2795 4000 5080 21 1069 1723 3237 4631 5879 899 1450 2724 3898 4949 22 1041 1679 3153 4511 5726 876 1413 2654 3797 4820 23 1015 1636 3072 4394 5576 854 1377 2586 3699 4694 24 989 1594 2992 4280 5429 832 1341 2519 3603 4572 25 964 1553 2915 4168 5286 811 1307 2454 3509 4452 26 939 1513 2839 4058 5147 790 1273 2390 3417 4334 27 915 1474 2765 3951 5011 770 1240 2327 3328 4219",
      "is_heading": false
    }
  ]
}