{
  "page_no": 8,
  "width": 595.3200073242188,
  "height": 842.0399780273438,
  "text": " \n \n保障方案 \n保障方案一 \n性别 \n男性 \n女性 \n交费期间 \n年龄 \n3 年交 \n5 年交 \n10 年交 \n15 年交 \n20 年交 \n3 年交 \n5 年交 \n10 年交 \n15 年交 \n20 年交 \n42 \n305 \n491 \n925 \n1327 \n1689 \n280 \n451 \n850 \n1218 \n1550 \n43 \n297 \n479 \n902 \n1294 \n1648 \n273 \n440 \n829 \n1188 \n1512 \n44 \n290 \n468 \n880 \n1263 \n1608 \n266 \n429 \n808 \n1159 \n1475 \n45 \n283 \n456 \n859 \n1232 \n1568 \n259 \n419 \n788 \n1130 \n1438 \n46 \n276 \n445 \n838 \n \n \n253 \n409 \n769 \n \n \n47 \n269 \n434 \n817 \n \n \n247 \n398 \n750 \n \n \n48 \n263 \n424 \n797 \n \n \n241 \n389 \n731 \n \n \n49 \n256 \n413 \n778 \n \n \n235 \n379 \n713 \n \n \n50 \n250 \n403 \n759 \n \n \n229 \n370 \n696 \n \n \n注：半年交保险费=年交保险费*0.505，季交保险费=年交保险费*0.255，月交保险费=年交保险\n费*0.085 \n \n保障方案 \n保障方案二 \n性别 \n男性 \n女性 \n交费期间 \n年龄 \n3 年交 \n5 年交 \n10 年交 \n15 年交 \n20 年交 \n3 年交 \n5 年交 \n10 年交 \n15 年交 \n20 年交 \n0 \n1376 \n2222 \n4182 \n5995 \n7625 \n1171 \n1890 \n3559 \n5102 \n6489 \n1 \n1342 \n2167 \n4079 \n5846 \n7436 \n1142 \n1844 \n3471 \n4975 \n6328 \n2 \n1309 \n2113 \n3978 \n5701 \n7251 \n1114 \n1798 \n3385 \n4852 \n6171 \n3 \n1277 \n2061 \n3879 \n5559 \n7070 \n1086 \n1754 \n3301 \n4731 \n6017 \n4 \n1245 \n2010 \n3783 \n5421 \n6894 \n1059 \n1710 \n3219 \n4614 \n5867 \n5 \n1214 \n1960 \n3688 \n5286 \n6722 \n1033 \n1668 \n3139 \n4499 \n5721 \n6 \n1184 \n1911 \n3597 \n5154 \n6554 \n1008 \n1626 \n3061 \n4387 \n5578 \n7 \n1155 \n1864 \n3507 \n5026 \n6389 \n983 \n1586 \n2985 \n4277 \n5438 \n8 \n1126 \n1817 \n3420 \n4900 \n6229 \n958 \n1547 \n2910 \n4170 \n5302 \n9 \n1098 \n1772 \n3334 \n4777 \n6072 \n934 \n1508 \n2838 \n4066 \n5169 \n10 \n1071 \n1728 \n3251 \n4657 \n5919 \n911 \n1471 \n2767 \n3964 \n5040 \n11 \n1044 \n1685 \n3169 \n4540 \n5770 \n889 \n1434 \n2698 \n3865 \n4913 \n12 \n1018 \n1643 \n3089 \n4425 \n5624 \n866 \n1398 \n2630 \n3768 \n4789 \n13 \n993 \n1602 \n3012 \n4314 \n5482 \n845 \n1363 \n2564 \n3673 \n4668 \n14 \n968 \n1561 \n2936 \n4205 \n5342 \n824 \n1329 \n2500 \n3580 \n4550 \n15 \n944 \n1522 \n2862 \n4098 \n5206 \n803 \n1296 \n2436 \n3489 \n4434 \n16 \n920 \n1484 \n2789 \n3994 \n5074 \n783 \n1263 \n2375 \n3401 \n4321 \n17 \n897 \n1446 \n2718 \n3892 \n4944 \n763 \n1231 \n2315 \n3315 \n4211 \n18 \n874 \n1410 \n2649 \n3793 \n4817 \n744 \n1200 \n2256 \n3230 \n4103 \n19 \n852 \n1374 \n2582 \n3696 \n4693 \n725 \n1170 \n2199 \n3148 \n3998 \n20 \n830 \n1339 \n2516 \n3601 \n4572 \n707 \n1140 \n2143 \n3068 \n3895 \n21 \n809 \n1305 \n2452 \n3508 \n4453 \n689 \n1111 \n2088 \n2989 \n3795 \n22 \n789 \n1272 \n2388 \n3417 \n4337 \n672 \n1083 \n2035 \n2912 \n3697 \n23 \n769 \n1239 \n2327 \n3329 \n4224 \n655 \n1055 \n1983 \n2837 \n3601 \n24 \n749 \n1208 \n2267 \n3242 \n4113 \n638 \n1029 \n1932 \n2763 \n3507 \n25 \n730 \n1176 \n2208 \n3157 \n4005 \n622 \n1002 \n1882 \n2692 \n3415 \n26 \n711 \n1146 \n2150 \n3074 \n3899 \n606 \n976 \n1833 \n2621 \n3325 \n27 \n693 \n1117 \n2094 \n2994 \n3795 \n590 \n951 \n1785 \n2553 \n3237 \n28 \n675 \n1087 \n2039 \n2914 \n3693 \n575 \n927 \n1739 \n2485 \n3151 \n",
  "blocks": [
    {
      "bbox": [
        32.400001525878906,
        75.6843490600586,
        563.9400024414062,
        126.78894805908203
      ],
      "max_font_size": 10.5600004196167,
      "text": "保障方案 保障方案一 性别 男性 女性 交费期间 年龄 3 年交 5 年交 10 年交 15 年交 20 年交 3 年交 5 年交 10 年交 15 年交 20 年交",
      "is_heading": false
    },
    {
      "bbox": [
        57.263999938964844,
        130.42434692382812,
        557.5799560546875,
        248.14434814453125
      ],
      "max_font_size": 9.960000038146973,
      "text": "42 305 491 925 1327 1689 280 451 850 1218 1550 43 297 479 902 1294 1648 273 440 829 1188 1512 44 290 468 880 1263 1608 266 429 808 1159 1475 45 283 456 859 1232 1568 259 419 788 1130 1438 46 276 445 838   253 409 769   47 269 434 817   247 398 750   48 263 424 797   241 389 731   49 256 413 778   235 379 713   50 250 403 759   229 370 696",
      "is_heading": false
    },
    {
      "bbox": [
        79.46399688720703,
        258.06890869140625,
        516.223876953125,
        268.62890625
      ],
      "max_font_size": 10.5600004196167,
      "text": "注：半年交保险费=年交保险费*0.505，季交保险费=年交保险费*0.255，月交保险费=年交保险",
      "is_heading": false
    },
    {
      "bbox": [
        79.46399688720703,
        278.0189208984375,
        126.73999786376953,
        288.57891845703125
      ],
      "max_font_size": 10.5600004196167,
      "text": "费*0.085",
      "is_heading": false
    },
    {
      "bbox": [
        32.400001525878906,
        298.0589599609375,
        563.9400024414062,
        363.21893310546875
      ],
      "max_font_size": 10.5600004196167,
      "text": "保障方案 保障方案二 性别 男性 女性 交费期间 年龄 3 年交 5 年交 10 年交 15 年交 20 年交 3 年交 5 年交 10 年交 15 年交 20 年交",
      "is_heading": false
    },
    {
      "bbox": [
        57.263999938964844,
        366.8543395996094,
        557.5799560546875,
        754.0203247070312
      ],
      "max_font_size": 9.960000038146973,
      "text": "0 1376 2222 4182 5995 7625 1171 1890 3559 5102 6489 1 1342 2167 4079 5846 7436 1142 1844 3471 4975 6328 2 1309 2113 3978 5701 7251 1114 1798 3385 4852 6171 3 1277 2061 3879 5559 7070 1086 1754 3301 4731 6017 4 1245 2010 3783 5421 6894 1059 1710 3219 4614 5867 5 1214 1960 3688 5286 6722 1033 1668 3139 4499 5721 6 1184 1911 3597 5154 6554 1008 1626 3061 4387 5578 7 1155 1864 3507 5026 6389 983 1586 2985 4277 5438 8 1126 1817 3420 4900 6229 958 1547 2910 4170 5302 9 1098 1772 3334 4777 6072 934 1508 2838 4066 5169 10 1071 1728 3251 4657 5919 911 1471 2767 3964 5040 11 1044 1685 3169 4540 5770 889 1434 2698 3865 4913 12 1018 1643 3089 4425 5624 866 1398 2630 3768 4789 13 993 1602 3012 4314 5482 845 1363 2564 3673 4668 14 968 1561 2936 4205 5342 824 1329 2500 3580 4550 15 944 1522 2862 4098 5206 803 1296 2436 3489 4434 16 920 1484 2789 3994 5074 783 1263 2375 3401 4321 17 897 1446 2718 3892 4944 763 1231 2315 3315 4211 18 874 1410 2649 3793 4817 744 1200 2256 3230 4103 19 852 1374 2582 3696 4693 725 1170 2199 3148 3998 20 830 1339 2516 3601 4572 707 1140 2143 3068 3895 21 809 1305 2452 3508 4453 689 1111 2088 2989 3795 22 789 1272 2388 3417 4337 672 1083 2035 2912 3697 23 769 1239 2327 3329 4224 655 1055 1983 2837 3601 24 749 1208 2267 3242 4113 638 1029 1932 2763 3507 25 730 1176 2208 3157 4005 622 1002 1882 2692 3415 26 711 1146 2150 3074 3899 606 976 1833 2621 3325 27 693 1117 2094 2994 3795 590 951 1785 2553 3237 28 675 1087 2039 2914 3693 575 927 1739 2485 3151",
      "is_heading": false
    }
  ]
}