{
  "page_no": 5,
  "width": 595.3200073242188,
  "height": 842.0399780273438,
  "text": " \n \n保障方案 \n保障方案一 \n性别 \n男性 \n女性 \n交费期间 \n年龄 \n3 年交 \n5 年交 \n10 年交 \n15 年交 \n20 年交 \n3 年交 \n5 年交 \n10 年交 \n15 年交 \n20 年交 \n42 \n236 \n382 \n718 \n1030 \n \n218 \n352 \n662 \n949 \n \n43 \n231 \n372 \n701 \n1005 \n \n213 \n343 \n646 \n926 \n \n44 \n225 \n363 \n684 \n980 \n \n207 \n335 \n630 \n903 \n \n45 \n220 \n354 \n667 \n956 \n \n202 \n326 \n614 \n881 \n \n46 \n214 \n346 \n650 \n \n \n197 \n318 \n599 \n \n \n47 \n209 \n337 \n634 \n \n \n192 \n310 \n584 \n \n \n48 \n204 \n329 \n619 \n \n \n188 \n303 \n570 \n \n \n49 \n199 \n321 \n604 \n \n \n183 \n295 \n556 \n \n \n50 \n194 \n313 \n589 \n \n \n178 \n288 \n542 \n \n \n注：半年交保险费=年交保险费*0.505，季交保险费=年交保险费*0.255，月交保险费=年交保险\n费*0.085 \n \n \n保障方案 \n保障方案二 \n性别 \n男性 \n女性 \n交费期间 \n年龄 \n3 年交 \n5 年交 \n10 年交 \n15 年交 \n20 年交 \n3 年交 \n5 年交 \n10 年交 \n15 年交 \n20 年交 \n0 \n1037 \n1674 \n3151 \n4517 \n5745 \n897 \n1448 \n2725 \n3907 \n4970 \n1 \n1011 \n1632 \n3073 \n4405 \n5602 \n875 \n1412 \n2658 \n3810 \n4847 \n2 \n986 \n1592 \n2997 \n4296 \n5463 \n853 \n1377 \n2592 \n3716 \n4726 \n3 \n962 \n1553 \n2922 \n4189 \n5327 \n832 \n1343 \n2528 \n3624 \n4609 \n4 \n938 \n1514 \n2850 \n4084 \n5194 \n811 \n1310 \n2465 \n3534 \n4494 \n5 \n915 \n1477 \n2779 \n3983 \n5065 \n791 \n1277 \n2404 \n3446 \n4382 \n6 \n892 \n1440 \n2710 \n3883 \n4938 \n772 \n1246 \n2344 \n3360 \n4273 \n7 \n870 \n1404 \n2642 \n3786 \n4814 \n753 \n1215 \n2286 \n3276 \n4166 \n8 \n849 \n1369 \n2576 \n3692 \n4693 \n734 \n1185 \n2229 \n3194 \n4062 \n9 \n827 \n1335 \n2512 \n3599 \n4575 \n716 \n1155 \n2174 \n3115 \n3960 \n10 \n807 \n1302 \n2449 \n3509 \n4460 \n698 \n1126 \n2119 \n3037 \n3861 \n11 \n787 \n1269 \n2388 \n3421 \n4348 \n681 \n1098 \n2066 \n2961 \n3764 \n12 \n767 \n1238 \n2328 \n3335 \n4238 \n664 \n1071 \n2015 \n2886 \n3669 \n13 \n748 \n1207 \n2269 \n3250 \n4130 \n647 \n1044 \n1964 \n2814 \n3576 \n14 \n729 \n1176 \n2212 \n3168 \n4026 \n631 \n1018 \n1915 \n2743 \n3486 \n15 \n711 \n1147 \n2156 \n3088 \n3923 \n615 \n993 \n1867 \n2674 \n3397 \n16 \n693 \n1118 \n2102 \n3009 \n3823 \n600 \n968 \n1820 \n2606 \n3311 \n17 \n676 \n1090 \n2048 \n2933 \n3725 \n585 \n943 \n1774 \n2540 \n3227 \n18 \n659 \n1062 \n1996 \n2858 \n3629 \n570 \n920 \n1729 \n2475 \n3144 \n19 \n642 \n1035 \n1945 \n2784 \n3536 \n556 \n896 \n1685 \n2412 \n3064 \n20 \n626 \n1009 \n1896 \n2713 \n3444 \n542 \n874 \n1642 \n2351 \n2985 \n21 \n610 \n983 \n1847 \n2643 \n3355 \n528 \n852 \n1600 \n2290 \n2908 \n22 \n594 \n958 \n1800 \n2575 \n3267 \n515 \n830 \n1559 \n2231 \n2833 \n23 \n579 \n934 \n1753 \n2508 \n3182 \n502 \n809 \n1519 \n2174 \n2759 \n24 \n564 \n910 \n1708 \n2442 \n3098 \n489 \n788 \n1480 \n2118 \n2687 \n25 \n550 \n886 \n1663 \n2378 \n3016 \n476 \n768 \n1442 \n2062 \n2617 \n26 \n536 \n863 \n1620 \n2316 \n2936 \n464 \n748 \n1405 \n2009 \n2548 \n27 \n522 \n841 \n1577 \n2254 \n2858 \n452 \n729 \n1368 \n1956 \n2480 \n",
  "blocks": [
    {
      "bbox": [
        32.400001525878906,
        75.6843490600586,
        563.9400024414062,
        126.78894805908203
      ],
      "max_font_size": 10.5600004196167,
      "text": "保障方案 保障方案一 性别 男性 女性 交费期间 年龄 3 年交 5 年交 10 年交 15 年交 20 年交 3 年交 5 年交 10 年交 15 年交 20 年交",
      "is_heading": false
    },
    {
      "bbox": [
        57.263999938964844,
        130.42434692382812,
        547.6199951171875,
        248.14434814453125
      ],
      "max_font_size": 9.960000038146973,
      "text": "42 236 382 718 1030  218 352 662 949  43 231 372 701 1005  213 343 646 926  44 225 363 684 980  207 335 630 903  45 220 354 667 956  202 326 614 881  46 214 346 650   197 318 599   47 209 337 634   192 310 584   48 204 329 619   188 303 570   49 199 321 604   183 295 556   50 194 313 589   178 288 542",
      "is_heading": false
    },
    {
      "bbox": [
        79.46399688720703,
        258.06890869140625,
        516.223876953125,
        268.62890625
      ],
      "max_font_size": 10.5600004196167,
      "text": "注：半年交保险费=年交保险费*0.505，季交保险费=年交保险费*0.255，月交保险费=年交保险",
      "is_heading": false
    },
    {
      "bbox": [
        79.46399688720703,
        278.0189208984375,
        126.73999786376953,
        288.57891845703125
      ],
      "max_font_size": 10.5600004196167,
      "text": "费*0.085",
      "is_heading": false
    },
    {
      "bbox": [
        32.400001525878906,
        318.09893798828125,
        563.9400024414062,
        383.2589416503906
      ],
      "max_font_size": 10.5600004196167,
      "text": "保障方案 保障方案二 性别 男性 女性 交费期间 年龄 3 年交 5 年交 10 年交 15 年交 20 年交 3 年交 5 年交 10 年交 15 年交 20 年交",
      "is_heading": false
    },
    {
      "bbox": [
        57.263999938964844,
        386.89434814453125,
        557.5799560546875,
        760.5003051757812
      ],
      "max_font_size": 9.960000038146973,
      "text": "0 1037 1674 3151 4517 5745 897 1448 2725 3907 4970 1 1011 1632 3073 4405 5602 875 1412 2658 3810 4847 2 986 1592 2997 4296 5463 853 1377 2592 3716 4726 3 962 1553 2922 4189 5327 832 1343 2528 3624 4609 4 938 1514 2850 4084 5194 811 1310 2465 3534 4494 5 915 1477 2779 3983 5065 791 1277 2404 3446 4382 6 892 1440 2710 3883 4938 772 1246 2344 3360 4273 7 870 1404 2642 3786 4814 753 1215 2286 3276 4166 8 849 1369 2576 3692 4693 734 1185 2229 3194 4062 9 827 1335 2512 3599 4575 716 1155 2174 3115 3960 10 807 1302 2449 3509 4460 698 1126 2119 3037 3861 11 787 1269 2388 3421 4348 681 1098 2066 2961 3764 12 767 1238 2328 3335 4238 664 1071 2015 2886 3669 13 748 1207 2269 3250 4130 647 1044 1964 2814 3576 14 729 1176 2212 3168 4026 631 1018 1915 2743 3486 15 711 1147 2156 3088 3923 615 993 1867 2674 3397 16 693 1118 2102 3009 3823 600 968 1820 2606 3311 17 676 1090 2048 2933 3725 585 943 1774 2540 3227 18 659 1062 1996 2858 3629 570 920 1729 2475 3144 19 642 1035 1945 2784 3536 556 896 1685 2412 3064 20 626 1009 1896 2713 3444 542 874 1642 2351 2985 21 610 983 1847 2643 3355 528 852 1600 2290 2908 22 594 958 1800 2575 3267 515 830 1559 2231 2833 23 579 934 1753 2508 3182 502 809 1519 2174 2759 24 564 910 1708 2442 3098 489 788 1480 2118 2687 25 550 886 1663 2378 3016 476 768 1442 2062 2617 26 536 863 1620 2316 2936 464 748 1405 2009 2548 27 522 841 1577 2254 2858 452 729 1368 1956 2480",
      "is_heading": false
    }
  ]
}