{
  "page_no": 7,
  "width": 595.3200073242188,
  "height": 842.0399780273438,
  "text": " \n \n \n养老保险金开始领取年龄：65 周岁 \n单位：人民币元 \n保障方案 \n保障方案一 \n性别 \n男性 \n女性 \n交费期间 \n年龄 \n3 年交 \n5 年交 \n10 年交 \n15 年交 \n20 年交 \n3 年交 \n5 年交 \n10 年交 \n15 年交 \n20 年交 \n0 \n860 \n1389 \n2617 \n3754 \n4778 \n793 \n1281 \n2413 \n3461 \n4405 \n1 \n839 \n1355 \n2553 \n3662 \n4662 \n774 \n1250 \n2354 \n3377 \n4298 \n2 \n819 \n1322 \n2491 \n3573 \n4548 \n755 \n1219 \n2297 \n3294 \n4192 \n3 \n799 \n1290 \n2430 \n3485 \n4437 \n737 \n1189 \n2240 \n3213 \n4090 \n4 \n779 \n1258 \n2371 \n3400 \n4328 \n718 \n1160 \n2186 \n3135 \n3989 \n5 \n760 \n1228 \n2313 \n3317 \n4223 \n701 \n1132 \n2132 \n3058 \n3892 \n6 \n742 \n1198 \n2256 \n3236 \n4119 \n684 \n1104 \n2080 \n2983 \n3796 \n7 \n724 \n1168 \n2201 \n3157 \n4019 \n667 \n1077 \n2029 \n2910 \n3703 \n8 \n706 \n1140 \n2147 \n3080 \n3921 \n651 \n1051 \n1979 \n2838 \n3613 \n9 \n689 \n1112 \n2095 \n3005 \n3825 \n635 \n1025 \n1931 \n2769 \n3524 \n10 \n672 \n1085 \n2044 \n2931 \n3731 \n619 \n1000 \n1883 \n2701 \n3438 \n11 \n655 \n1058 \n1994 \n2860 \n3640 \n604 \n975 \n1837 \n2635 \n3353 \n12 \n639 \n1033 \n1945 \n2790 \n3551 \n589 \n951 \n1792 \n2570 \n3271 \n13 \n624 \n1007 \n1897 \n2722 \n3464 \n575 \n928 \n1748 \n2507 \n3191 \n14 \n609 \n983 \n1851 \n2655 \n3380 \n561 \n905 \n1705 \n2446 \n3112 \n15 \n594 \n959 \n1806 \n2590 \n3297 \n547 \n883 \n1663 \n2386 \n3036 \n16 \n579 \n935 \n1762 \n2527 \n3216 \n534 \n862 \n1623 \n2327 \n2962 \n17 \n565 \n912 \n1719 \n2465 \n3138 \n520 \n840 \n1583 \n2270 \n2889 \n18 \n551 \n890 \n1676 \n2405 \n3061 \n508 \n820 \n1544 \n2214 \n2818 \n19 \n538 \n868 \n1635 \n2346 \n2986 \n495 \n800 \n1506 \n2160 \n2749 \n20 \n525 \n847 \n1595 \n2288 \n2913 \n483 \n780 \n1469 \n2107 \n2681 \n21 \n512 \n826 \n1556 \n2232 \n2842 \n471 \n761 \n1433 \n2055 \n2615 \n22 \n499 \n806 \n1518 \n2178 \n2772 \n460 \n742 \n1398 \n2005 \n2551 \n23 \n487 \n786 \n1481 \n2125 \n2704 \n448 \n724 \n1364 \n1955 \n2488 \n24 \n475 \n767 \n1445 \n2073 \n2638 \n437 \n706 \n1330 \n1907 \n2427 \n25 \n464 \n748 \n1410 \n2022 \n2574 \n427 \n689 \n1297 \n1861 \n2368 \n26 \n452 \n730 \n1375 \n1972 \n2511 \n416 \n672 \n1266 \n1815 \n2309 \n27 \n441 \n712 \n1342 \n1924 \n2449 \n406 \n655 \n1234 \n1770 \n2253 \n28 \n430 \n695 \n1309 \n1877 \n2389 \n396 \n639 \n1204 \n1727 \n2197 \n29 \n420 \n678 \n1277 \n1831 \n2331 \n386 \n624 \n1175 \n1684 \n2143 \n30 \n410 \n661 \n1246 \n1786 \n2274 \n377 \n608 \n1146 \n1643 \n2091 \n31 \n400 \n645 \n1215 \n1743 \n2218 \n368 \n593 \n1117 \n1602 \n2039 \n32 \n390 \n629 \n1185 \n1700 \n2164 \n359 \n579 \n1090 \n1563 \n1989 \n33 \n380 \n614 \n1156 \n1658 \n2111 \n350 \n565 \n1063 \n1524 \n1940 \n34 \n371 \n599 \n1128 \n1618 \n2059 \n341 \n551 \n1037 \n1487 \n1892 \n35 \n362 \n584 \n1100 \n1578 \n2009 \n333 \n537 \n1012 \n1450 \n1846 \n36 \n353 \n570 \n1073 \n1540 \n1960 \n325 \n524 \n987 \n1415 \n1800 \n37 \n345 \n556 \n1047 \n1502 \n1912 \n317 \n511 \n962 \n1380 \n1756 \n38 \n336 \n543 \n1022 \n1465 \n1865 \n309 \n499 \n939 \n1346 \n1713 \n39 \n328 \n529 \n997 \n1429 \n1820 \n301 \n486 \n916 \n1313 \n1670 \n40 \n320 \n516 \n972 \n1394 \n1775 \n294 \n474 \n893 \n1280 \n1629 \n41 \n312 \n504 \n948 \n1360 \n1732 \n287 \n463 \n871 \n1249 \n1589 \n",
  "blocks": [
    {
      "bbox": [
        79.46399688720703,
        101.58892822265625,
        245.5699920654297,
        112.14893341064453
      ],
      "max_font_size": 10.5600004196167,
      "text": "养老保险金开始领取年龄：65 周岁",
      "is_heading": false
    },
    {
      "bbox": [
        32.400001525878906,
        121.62890625,
        563.9400024414062,
        186.7889404296875
      ],
      "max_font_size": 10.5600004196167,
      "text": "单位：人民币元 保障方案 保障方案一 性别 男性 女性 交费期间 年龄 3 年交 5 年交 10 年交 15 年交 20 年交 3 年交 5 年交 10 年交 15 年交 20 年交",
      "is_heading": false
    },
    {
      "bbox": [
        57.263999938964844,
        190.42434692382812,
        557.5799560546875,
        752.7003173828125
      ],
      "max_font_size": 9.960000038146973,
      "text": "0 860 1389 2617 3754 4778 793 1281 2413 3461 4405 1 839 1355 2553 3662 4662 774 1250 2354 3377 4298 2 819 1322 2491 3573 4548 755 1219 2297 3294 4192 3 799 1290 2430 3485 4437 737 1189 2240 3213 4090 4 779 1258 2371 3400 4328 718 1160 2186 3135 3989 5 760 1228 2313 3317 4223 701 1132 2132 3058 3892 6 742 1198 2256 3236 4119 684 1104 2080 2983 3796 7 724 1168 2201 3157 4019 667 1077 2029 2910 3703 8 706 1140 2147 3080 3921 651 1051 1979 2838 3613 9 689 1112 2095 3005 3825 635 1025 1931 2769 3524 10 672 1085 2044 2931 3731 619 1000 1883 2701 3438 11 655 1058 1994 2860 3640 604 975 1837 2635 3353 12 639 1033 1945 2790 3551 589 951 1792 2570 3271 13 624 1007 1897 2722 3464 575 928 1748 2507 3191 14 609 983 1851 2655 3380 561 905 1705 2446 3112 15 594 959 1806 2590 3297 547 883 1663 2386 3036 16 579 935 1762 2527 3216 534 862 1623 2327 2962 17 565 912 1719 2465 3138 520 840 1583 2270 2889 18 551 890 1676 2405 3061 508 820 1544 2214 2818 19 538 868 1635 2346 2986 495 800 1506 2160 2749 20 525 847 1595 2288 2913 483 780 1469 2107 2681 21 512 826 1556 2232 2842 471 761 1433 2055 2615 22 499 806 1518 2178 2772 460 742 1398 2005 2551 23 487 786 1481 2125 2704 448 724 1364 1955 2488 24 475 767 1445 2073 2638 437 706 1330 1907 2427 25 464 748 1410 2022 2574 427 689 1297 1861 2368 26 452 730 1375 1972 2511 416 672 1266 1815 2309 27 441 712 1342 1924 2449 406 655 1234 1770 2253 28 430 695 1309 1877 2389 396 639 1204 1727 2197 29 420 678 1277 1831 2331 386 624 1175 1684 2143 30 410 661 1246 1786 2274 377 608 1146 1643 2091 31 400 645 1215 1743 2218 368 593 1117 1602 2039 32 390 629 1185 1700 2164 359 579 1090 1563 1989 33 380 614 1156 1658 2111 350 565 1063 1524 1940 34 371 599 1128 1618 2059 341 551 1037 1487 1892 35 362 584 1100 1578 2009 333 537 1012 1450 1846 36 353 570 1073 1540 1960 325 524 987 1415 1800 37 345 556 1047 1502 1912 317 511 962 1380 1756 38 336 543 1022 1465 1865 309 499 939 1346 1713 39 328 529 997 1429 1820 301 486 916 1313 1670 40 320 516 972 1394 1775 294 474 893 1280 1629 41 312 504 948 1360 1732 287 463 871 1249 1589",
      "is_heading": false
    }
  ]
}