{
  "page_no": 10,
  "width": 595.3200073242188,
  "height": 842.0399780273438,
  "text": " \n \n养老保险金开始领取年龄：70 周岁 \n单位：人民币元 \n保障方案 \n保障方案一 \n性别 \n男性 \n女性 \n交费期间 \n年龄 \n3 年交 \n5 年交 \n10 年交 \n15 年交 \n20 年交 \n3 年交 \n5 年交 \n10 年交 \n15 年交 \n20 年交 \n0 \n1117 \n1803 \n3398 \n4874 \n6204 \n1033 \n1667 \n3141 \n4505 \n5734 \n1 \n1090 \n1759 \n3315 \n4755 \n6052 \n1007 \n1627 \n3064 \n4395 \n5594 \n2 \n1063 \n1716 \n3234 \n4639 \n5904 \n983 \n1587 \n2989 \n4287 \n5457 \n3 \n1037 \n1675 \n3155 \n4525 \n5760 \n959 \n1548 \n2916 \n4182 \n5323 \n4 \n1012 \n1634 \n3078 \n4415 \n5619 \n935 \n1510 \n2845 \n4080 \n5192 \n5 \n987 \n1594 \n3003 \n4307 \n5482 \n912 \n1473 \n2775 \n3980 \n5065 \n6 \n963 \n1555 \n2929 \n4202 \n5348 \n890 \n1437 \n2707 \n3882 \n4941 \n7 \n939 \n1517 \n2858 \n4099 \n5217 \n868 \n1402 \n2641 \n3787 \n4820 \n8 \n916 \n1480 \n2788 \n3999 \n5090 \n847 \n1368 \n2576 \n3694 \n4702 \n9 \n894 \n1444 \n2720 \n3901 \n4966 \n826 \n1334 \n2513 \n3604 \n4586 \n10 \n872 \n1408 \n2653 \n3806 \n4844 \n806 \n1301 \n2451 \n3515 \n4474 \n11 \n851 \n1374 \n2588 \n3713 \n4726 \n786 \n1269 \n2391 \n3429 \n4364 \n12 \n830 \n1341 \n2525 \n3622 \n4610 \n767 \n1238 \n2332 \n3345 \n4257 \n13 \n810 \n1308 \n2463 \n3533 \n4497 \n748 \n1208 \n2275 \n3263 \n4153 \n14 \n790 \n1276 \n2403 \n3447 \n4387 \n730 \n1178 \n2219 \n3183 \n4051 \n15 \n771 \n1245 \n2344 \n3363 \n4280 \n712 \n1149 \n2165 \n3105 \n3951 \n16 \n752 \n1214 \n2287 \n3280 \n4175 \n694 \n1121 \n2112 \n3029 \n3854 \n17 \n734 \n1184 \n2231 \n3200 \n4073 \n677 \n1094 \n2060 \n2954 \n3760 \n18 \n716 \n1156 \n2176 \n3122 \n3974 \n661 \n1067 \n2009 \n2882 \n3667 \n19 \n698 \n1127 \n2123 \n3045 \n3876 \n645 \n1041 \n1960 \n2811 \n3577 \n20 \n681 \n1100 \n2071 \n2971 \n3781 \n629 \n1015 \n1912 \n2742 \n3489 \n21 \n664 \n1073 \n2021 \n2898 \n3689 \n613 \n990 \n1865 \n2675 \n3404 \n22 \n648 \n1047 \n1971 \n2827 \n3599 \n598 \n966 \n1819 \n2609 \n3320 \n23 \n632 \n1021 \n1923 \n2758 \n3511 \n584 \n942 \n1775 \n2545 \n3238 \n24 \n617 \n996 \n1876 \n2691 \n3425 \n569 \n919 \n1731 \n2482 \n3159 \n25 \n602 \n972 \n1830 \n2625 \n3341 \n555 \n897 \n1688 \n2421 \n3081 \n26 \n587 \n948 \n1785 \n2561 \n3259 \n542 \n875 \n1647 \n2362 \n3005 \n27 \n573 \n925 \n1742 \n2498 \n3180 \n528 \n853 \n1606 \n2304 \n2931 \n28 \n559 \n902 \n1699 \n2437 \n3102 \n515 \n832 \n1567 \n2247 \n2859 \n29 \n545 \n880 \n1657 \n2377 \n3026 \n503 \n812 \n1528 \n2192 \n2789 \n30 \n532 \n859 \n1617 \n2319 \n2952 \n490 \n792 \n1491 \n2138 \n2720 \n31 \n519 \n838 \n1577 \n2262 \n2880 \n478 \n772 \n1454 \n2085 \n2653 \n32 \n506 \n817 \n1539 \n2207 \n2809 \n467 \n753 \n1418 \n2034 \n2588 \n33 \n494 \n797 \n1501 \n2153 \n2740 \n455 \n735 \n1383 \n1984 \n2524 \n34 \n482 \n778 \n1464 \n2100 \n2673 \n444 \n717 \n1349 \n1935 \n2462 \n35 \n470 \n759 \n1428 \n2049 \n2608 \n433 \n699 \n1316 \n1887 \n2401 \n36 \n458 \n740 \n1393 \n1998 \n2544 \n422 \n682 \n1284 \n1841 \n2342 \n37 \n447 \n722 \n1359 \n1950 \n2482 \n412 \n665 \n1252 \n1795 \n2285 \n38 \n436 \n704 \n1326 \n1902 \n2421 \n402 \n649 \n1221 \n1751 \n2228 \n39 \n426 \n687 \n1294 \n1855 \n2362 \n392 \n633 \n1191 \n1708 \n2173 \n40 \n415 \n670 \n1262 \n1810 \n2304 \n382 \n617 \n1162 \n1666 \n2120 \n41 \n405 \n654 \n1231 \n1765 \n2248 \n373 \n602 \n1133 \n1625 \n2068 \n42 \n395 \n638 \n1201 \n1722 \n2193 \n364 \n587 \n1105 \n1585 \n2017 \n43 \n386 \n622 \n1171 \n1680 \n2139 \n355 \n573 \n1078 \n1546 \n1967 \n44 \n376 \n607 \n1143 \n1639 \n2087 \n346 \n559 \n1052 \n1507 \n1918 \n",
  "blocks": [
    {
      "bbox": [
        79.46399688720703,
        75.1689453125,
        245.5699920654297,
        85.72895050048828
      ],
      "max_font_size": 10.5600004196167,
      "text": "养老保险金开始领取年龄：70 周岁",
      "is_heading": false
    },
    {
      "bbox": [
        32.400001525878906,
        88.86895751953125,
        563.9400024414062,
        154.0289306640625
      ],
      "max_font_size": 10.5600004196167,
      "text": "单位：人民币元 保障方案 保障方案一 性别 男性 女性 交费期间 年龄 3 年交 5 年交 10 年交 15 年交 20 年交 3 年交 5 年交 10 年交 15 年交 20 年交",
      "is_heading": false
    },
    {
      "bbox": [
        57.263999938964844,
        157.66433715820312,
        557.5799560546875,
        760.2603149414062
      ],
      "max_font_size": 9.960000038146973,
      "text": "0 1117 1803 3398 4874 6204 1033 1667 3141 4505 5734 1 1090 1759 3315 4755 6052 1007 1627 3064 4395 5594 2 1063 1716 3234 4639 5904 983 1587 2989 4287 5457 3 1037 1675 3155 4525 5760 959 1548 2916 4182 5323 4 1012 1634 3078 4415 5619 935 1510 2845 4080 5192 5 987 1594 3003 4307 5482 912 1473 2775 3980 5065 6 963 1555 2929 4202 5348 890 1437 2707 3882 4941 7 939 1517 2858 4099 5217 868 1402 2641 3787 4820 8 916 1480 2788 3999 5090 847 1368 2576 3694 4702 9 894 1444 2720 3901 4966 826 1334 2513 3604 4586 10 872 1408 2653 3806 4844 806 1301 2451 3515 4474 11 851 1374 2588 3713 4726 786 1269 2391 3429 4364 12 830 1341 2525 3622 4610 767 1238 2332 3345 4257 13 810 1308 2463 3533 4497 748 1208 2275 3263 4153 14 790 1276 2403 3447 4387 730 1178 2219 3183 4051 15 771 1245 2344 3363 4280 712 1149 2165 3105 3951 16 752 1214 2287 3280 4175 694 1121 2112 3029 3854 17 734 1184 2231 3200 4073 677 1094 2060 2954 3760 18 716 1156 2176 3122 3974 661 1067 2009 2882 3667 19 698 1127 2123 3045 3876 645 1041 1960 2811 3577 20 681 1100 2071 2971 3781 629 1015 1912 2742 3489 21 664 1073 2021 2898 3689 613 990 1865 2675 3404 22 648 1047 1971 2827 3599 598 966 1819 2609 3320 23 632 1021 1923 2758 3511 584 942 1775 2545 3238 24 617 996 1876 2691 3425 569 919 1731 2482 3159 25 602 972 1830 2625 3341 555 897 1688 2421 3081 26 587 948 1785 2561 3259 542 875 1647 2362 3005 27 573 925 1742 2498 3180 528 853 1606 2304 2931 28 559 902 1699 2437 3102 515 832 1567 2247 2859 29 545 880 1657 2377 3026 503 812 1528 2192 2789 30 532 859 1617 2319 2952 490 792 1491 2138 2720 31 519 838 1577 2262 2880 478 772 1454 2085 2653 32 506 817 1539 2207 2809 467 753 1418 2034 2588 33 494 797 1501 2153 2740 455 735 1383 1984 2524 34 482 778 1464 2100 2673 444 717 1349 1935 2462 35 470 759 1428 2049 2608 433 699 1316 1887 2401 36 458 740 1393 1998 2544 422 682 1284 1841 2342 37 447 722 1359 1950 2482 412 665 1252 1795 2285 38 436 704 1326 1902 2421 402 649 1221 1751 2228 39 426 687 1294 1855 2362 392 633 1191 1708 2173 40 415 670 1262 1810 2304 382 617 1162 1666 2120 41 405 654 1231 1765 2248 373 602 1133 1625 2068 42 395 638 1201 1722 2193 364 587 1105 1585 2017 43 386 622 1171 1680 2139 355 573 1078 1546 1967 44 376 607 1143 1639 2087 346 559 1052 1507 1918",
      "is_heading": false
    }
  ]
}