{
  "page_no": 2,
  "width": 595.3200073242188,
  "height": 842.0399780273438,
  "text": " \n年龄 \n男性 \n女性 \n趸交 3 年交 5 年交 10 年\n交 \n15 年\n交 \n20 年\n交 \n趸交 3 年交 5 年交 10 年\n交 \n15 年\n交 \n20 年\n交 \n33 \n914 \n2661 \n4288 \n8221 11664 14590 \n919 \n2675 \n4312 \n8264 11726 14669 \n34 \n914 \n2660 \n4287 \n8218 11658 14581 \n919 \n2675 \n4312 \n8263 11723 14666 \n35 \n914 \n2659 \n4285 \n8213 11650 14570 \n918 \n2674 \n4311 \n8261 11720 14661 \n36 \n913 \n2658 \n4282 \n8208 11641 14559 \n918 \n2674 \n4310 \n8259 11716 14656 \n37 \n913 \n2657 \n4280 \n8201 11632 14546 \n918 \n2673 \n4309 \n8256 11712 14651 \n38 \n912 \n2655 \n4277 \n8194 11621 14531 \n918 \n2673 \n4307 \n8253 11708 14645 \n39 \n912 \n2654 \n4273 \n8186 11609 14516 \n918 \n2672 \n4306 \n8250 11702 14638 \n40 \n911 \n2651 \n4268 \n8177 11595 14504 \n918 \n2671 \n4304 \n8246 11697 14632 \n41 \n911 \n2649 \n4263 \n8166 11580 14496 \n917 \n2670 \n4302 \n8241 11690 14628 \n42 \n910 \n2645 \n4257 \n8155 11568 14494 \n917 \n2669 \n4299 \n8236 11684 14627 \n43 \n908 \n2641 \n4250 \n8143 11559 14497 \n916 \n2667 \n4296 \n8231 11680 14629 \n44 \n907 \n2637 \n4243 \n8133 11553 14501 \n916 \n2665 \n4293 \n8226 11677 14631 \n45 \n906 \n2633 \n4236 \n8125 11551 14505 \n915 \n2663 \n4290 \n8222 11676 14634 \n46 \n904 \n2629 \n4231 \n8120 11554 14510 \n915 \n2661 \n4287 \n8220 11676 14637 \n47 \n903 \n2625 \n4227 \n8118 11557 14514 \n914 \n2660 \n4285 \n8218 11678 14639 \n48 \n902 \n2623 \n4224 \n8118 11561 14517 \n913 \n2658 \n4284 \n8218 11680 14642 \n49 \n901 \n2621 \n4222 \n8119 11563 14520 \n913 \n2658 \n4283 \n8219 11681 14644 \n50 \n900 \n2620 \n4222 \n8120 11565 14523 \n913 \n2657 \n4283 \n8219 11682 14646 \n51 \n900 \n2620 \n4221 \n8122 11566 \n \n912 \n2657 \n4282 \n8220 11682 \n \n52 \n900 \n2620 \n4221 \n8124 11564 \n \n912 \n2657 \n4282 \n8221 11681 \n \n53 \n900 \n2620 \n4220 \n8125 11561 \n \n912 \n2657 \n4282 \n8221 11679 \n \n54 \n900 \n2620 \n4220 \n8124 11556 \n \n912 \n2657 \n4281 \n8220 11676 \n \n55 \n900 \n2620 \n4219 \n8121 11547 \n \n912 \n2656 \n4281 \n8218 11671 \n \n56 \n900 \n2620 \n4219 \n8114 \n \n \n912 \n2656 \n4280 \n8214 \n \n \n57 \n900 \n2619 \n4218 \n8104 \n \n \n912 \n2656 \n4279 \n8208 \n \n \n58 \n900 \n2619 \n4214 \n8089 \n \n \n912 \n2655 \n4277 \n8200 \n \n \n59 \n900 \n2618 \n4207 \n8069 \n \n \n912 \n2655 \n4273 \n8190 \n \n \n60 \n900 \n2615 \n4196 \n8042 \n \n \n912 \n2653 \n4267 \n8176 \n \n \n61 \n900 \n2608 \n4179 \n \n \n \n912 \n2649 \n4258 \n \n \n \n62 \n896 \n2597 \n4156 \n \n \n \n910 \n2643 \n4247 \n \n \n \n63 \n893 \n2584 \n4128 \n \n \n \n908 \n2637 \n4233 \n \n \n \n64 \n888 \n2567 \n4094 \n \n \n \n906 \n2629 \n4217 \n \n \n \n65 \n883 \n2547 \n4051 \n \n \n \n903 \n2619 \n4198 \n \n \n \n66 \n876 \n2524 \n \n \n \n \n900 \n2608 \n \n \n \n \n67 \n868 \n2492 \n \n \n \n \n896 \n2594 \n \n \n \n \n68 \n858 \n2453 \n \n \n \n \n892 \n2577 \n \n \n \n \n69 \n845 \n2400 \n \n \n \n \n886 \n2557 \n \n \n \n \n70 \n828 \n2325 \n \n \n \n \n879 \n2532 \n \n \n \n \n注：月交保险费=年交保险费*0.09。 \n",
  "blocks": [
    {
      "bbox": [
        79.58399963378906,
        90.34432220458984,
        104.60400390625,
        100.3043212890625
      ],
      "max_font_size": 9.960000038146973,
      "text": "年龄",
      "is_heading": false
    },
    {
      "bbox": [
        196.72999572753906,
        77.1443099975586,
        429.9700012207031,
        87.10430908203125
      ],
      "max_font_size": 9.960000038146973,
      "text": "男性 女性",
      "is_heading": false
    },
    {
      "bbox": [
        109.81999969482422,
        92.0243148803711,
        235.1300048828125,
        108.46435546875
      ],
      "max_font_size": 9.960000038146973,
      "text": "趸交 3 年交 5 年交 10 年",
      "is_heading": false
    },
    {
      "bbox": [
        218.92999267578125,
        104.98433685302734,
        233.989990234375,
        114.9443359375
      ],
      "max_font_size": 9.960000038146973,
      "text": "交",
      "is_heading": false
    },
    {
      "bbox": [
        247.3699951171875,
        92.0243148803711,
        269.92999267578125,
        101.98431396484375
      ],
      "max_font_size": 9.960000038146973,
      "text": "15 年",
      "is_heading": false
    },
    {
      "bbox": [
        253.61000061035156,
        104.98433685302734,
        268.6700134277344,
        114.9443359375
      ],
      "max_font_size": 9.960000038146973,
      "text": "交",
      "is_heading": false
    },
    {
      "bbox": [
        282.1700134277344,
        92.0243148803711,
        304.72998046875,
        101.98431396484375
      ],
      "max_font_size": 9.960000038146973,
      "text": "20 年",
      "is_heading": false
    },
    {
      "bbox": [
        288.4100036621094,
        92.0243148803711,
        443.5899963378906,
        114.9443359375
      ],
      "max_font_size": 9.960000038146973,
      "text": "交 趸交 3 年交 5 年交 10 年",
      "is_heading": false
    },
    {
      "bbox": [
        427.2699890136719,
        104.98433685302734,
        442.33001708984375,
        114.9443359375
      ],
      "max_font_size": 9.960000038146973,
      "text": "交",
      "is_heading": false
    },
    {
      "bbox": [
        455.7099914550781,
        92.0243148803711,
        478.29998779296875,
        101.98431396484375
      ],
      "max_font_size": 9.960000038146973,
      "text": "15 年",
      "is_heading": false
    },
    {
      "bbox": [
        461.95001220703125,
        104.98433685302734,
        477.0400085449219,
        114.9443359375
      ],
      "max_font_size": 9.960000038146973,
      "text": "交",
      "is_heading": false
    },
    {
      "bbox": [
        490.29998779296875,
        92.0243148803711,
        512.8599853515625,
        101.98431396484375
      ],
      "max_font_size": 9.960000038146973,
      "text": "20 年",
      "is_heading": false
    },
    {
      "bbox": [
        84.50399780273438,
        104.98433685302734,
        519.1599731445312,
        129.8243408203125
      ],
      "max_font_size": 9.960000038146973,
      "text": "交 33 914 2661 4288 8221 11664 14590 919 2675 4312 8264 11726 14669",
      "is_heading": false
    },
    {
      "bbox": [
        84.50399780273438,
        136.06436157226562,
        519.1599731445312,
        146.02435302734375
      ],
      "max_font_size": 9.960000038146973,
      "text": "34 914 2660 4287 8218 11658 14581 919 2675 4312 8263 11723 14666",
      "is_heading": false
    },
    {
      "bbox": [
        84.50399780273438,
        152.26437377929688,
        519.1599731445312,
        162.224365234375
      ],
      "max_font_size": 9.960000038146973,
      "text": "35 914 2659 4285 8213 11650 14570 918 2674 4311 8261 11720 14661",
      "is_heading": false
    },
    {
      "bbox": [
        84.50399780273438,
        168.58432006835938,
        519.1599731445312,
        178.5443115234375
      ],
      "max_font_size": 9.960000038146973,
      "text": "36 913 2658 4282 8208 11641 14559 918 2674 4310 8259 11716 14656",
      "is_heading": false
    },
    {
      "bbox": [
        84.50399780273438,
        184.78433227539062,
        519.1599731445312,
        194.74432373046875
      ],
      "max_font_size": 9.960000038146973,
      "text": "37 913 2657 4280 8201 11632 14546 918 2673 4309 8256 11712 14651",
      "is_heading": false
    },
    {
      "bbox": [
        84.50399780273438,
        201.10433959960938,
        519.1599731445312,
        211.0643310546875
      ],
      "max_font_size": 9.960000038146973,
      "text": "38 912 2655 4277 8194 11621 14531 918 2673 4307 8253 11708 14645",
      "is_heading": false
    },
    {
      "bbox": [
        84.50399780273438,
        217.30435180664062,
        519.1599731445312,
        227.26434326171875
      ],
      "max_font_size": 9.960000038146973,
      "text": "39 912 2654 4273 8186 11609 14516 918 2672 4306 8250 11702 14638",