{
  "page_no": 1,
  "width": 595.3200073242188,
  "height": 842.0399780273438,
  "text": " \n利安人寿保险股份有限公司 \n利安传家鑫享终身寿险 \n基本保险金额表 \n (每1000 元趸交或年交保险费) \n单位：人民币元 \n年龄 \n男性 \n女性 \n趸交 3 年交 5 年交 10 年\n交 \n15 年\n交 \n20 年\n交 \n趸交 3 年交 5 年交 10 年\n交 \n15 年\n交 \n20 年\n交 \n0 \n921 \n2682 \n4324 \n8284 11754 14704 \n921 \n2683 \n4325 \n8288 11759 14712 \n1 \n921 \n2682 \n4324 \n8284 11753 14702 \n921 \n2683 \n4325 \n8288 11759 14711 \n2 \n921 \n2682 \n4323 \n8283 11751 14699 \n921 \n2683 \n4325 \n8287 11758 14710 \n3 \n921 \n2682 \n4323 \n8282 11749 14696 \n921 \n2683 \n4325 \n8287 11757 14709 \n4 \n921 \n2681 \n4323 \n8281 11747 14693 \n921 \n2683 \n4325 \n8286 11756 14707 \n5 \n921 \n2681 \n4322 \n8279 11744 14689 \n921 \n2682 \n4325 \n8286 11755 14705 \n6 \n921 \n2681 \n4321 \n8278 11741 14685 \n921 \n2682 \n4324 \n8285 11753 14704 \n7 \n920 \n2680 \n4320 \n8276 11737 14681 \n921 \n2682 \n4324 \n8284 11752 14702 \n8 \n920 \n2680 \n4319 \n8273 11734 14677 \n921 \n2682 \n4323 \n8283 11750 14700 \n9 \n920 \n2679 \n4318 \n8270 11731 14673 \n921 \n2681 \n4323 \n8281 11748 14698 \n10 \n920 \n2678 \n4317 \n8267 11727 14669 \n921 \n2681 \n4322 \n8280 11747 14697 \n11 \n920 \n2677 \n4315 \n8264 11723 14665 \n921 \n2681 \n4321 \n8278 11745 14695 \n12 \n919 \n2676 \n4314 \n8262 11720 14660 \n920 \n2680 \n4321 \n8277 11744 14693 \n13 \n919 \n2675 \n4312 \n8259 11716 14656 \n920 \n2680 \n4320 \n8276 11742 14691 \n14 \n919 \n2674 \n4310 \n8256 11713 14651 \n920 \n2679 \n4319 \n8275 11741 14689 \n15 \n918 \n2673 \n4308 \n8253 11709 14647 \n920 \n2679 \n4318 \n8274 11740 14688 \n16 \n918 \n2672 \n4306 \n8251 11705 14643 \n920 \n2678 \n4317 \n8273 11738 14686 \n17 \n917 \n2671 \n4305 \n8248 11702 14640 \n920 \n2678 \n4317 \n8272 11737 14685 \n18 \n917 \n2670 \n4303 \n8246 11699 14638 \n919 \n2677 \n4316 \n8271 11736 14685 \n19 \n917 \n2669 \n4302 \n8244 11697 14637 \n919 \n2677 \n4316 \n8270 11736 14685 \n20 \n917 \n2669 \n4301 \n8242 11695 14637 \n919 \n2677 \n4316 \n8270 11735 14685 \n21 \n916 \n2668 \n4300 \n8240 11694 14636 \n919 \n2677 \n4315 \n8270 11735 14685 \n22 \n916 \n2667 \n4299 \n8239 11694 14635 \n919 \n2677 \n4315 \n8270 11735 14685 \n23 \n916 \n2667 \n4298 \n8238 11693 14634 \n919 \n2677 \n4315 \n8270 11735 14685 \n24 \n916 \n2666 \n4297 \n8237 11692 14633 \n919 \n2676 \n4315 \n8270 11735 14685 \n25 \n916 \n2666 \n4297 \n8236 11690 14631 \n919 \n2676 \n4315 \n8269 11735 14685 \n26 \n915 \n2665 \n4296 \n8235 11689 14628 \n919 \n2676 \n4315 \n8269 11735 14684 \n27 \n915 \n2665 \n4295 \n8234 11687 14625 \n919 \n2676 \n4315 \n8269 11734 14683 \n28 \n915 \n2664 \n4295 \n8232 11685 14621 \n919 \n2676 \n4314 \n8268 11734 14682 \n29 \n915 \n2664 \n4294 \n8231 11682 14617 \n919 \n2676 \n4314 \n8268 11733 14680 \n30 \n915 \n2663 \n4293 \n8229 11679 14612 \n919 \n2676 \n4314 \n8267 11731 14678 \n31 \n915 \n2663 \n4291 \n8227 11675 14605 \n919 \n2676 \n4313 \n8266 11730 14676 \n32 \n914 \n2662 \n4290 \n8224 11670 14598 \n919 \n2675 \n4313 \n8265 11728 14673 \n",
  "blocks": [
    {
      "bbox": [
        189.25999450683594,
        79.9579849243164,
        415.2699890136719,
        97.9579849243164
      ],
      "max_font_size": 18.0,
      "text": "利安人寿保险股份有限公司",
      "is_heading": false
    },
    {
      "bbox": [
        227.4499969482422,
        104.4796142578125,
        375.0099792480469,
        118.51961517333984
      ],
      "max_font_size": 14.039999961853027,
      "text": "利安传家鑫享终身寿险",
      "is_heading": false
    },
    {
      "bbox": [
        248.57000732421875,
        124.51959228515625,
        354.0099792480469,
        138.55960083007812
      ],
      "max_font_size": 14.039999961853027,
      "text": "基本保险金额表",
      "is_heading": false
    },
    {
      "bbox": [
        224.2100067138672,
        148.5089111328125,
        376.510009765625,
        159.06890869140625
      ],
      "max_font_size": 10.5600004196167,
      "text": "(每1000 元趸交或年交保险费)",
      "is_heading": false
    },
    {
      "bbox": [
        442.510009765625,
        168.5489501953125,
        521.3800048828125,
        179.10894775390625
      ],
      "max_font_size": 10.5600004196167,
      "text": "单位：人民币元",
      "is_heading": false
    },
    {
      "bbox": [
        79.58399963378906,
        197.38436889648438,
        104.60400390625,
        207.3443603515625
      ],
      "max_font_size": 9.960000038146973,
      "text": "年龄",
      "is_heading": false
    },
    {
      "bbox": [
        196.72999572753906,
        184.18435668945312,
        429.9700012207031,
        194.14434814453125
      ],
      "max_font_size": 9.960000038146973,
      "text": "男性 女性",
      "is_heading": false
    },
    {
      "bbox": [
        109.81999969482422,
        198.94436645507812,
        235.1300048828125,
        215.38433837890625
      ],
      "max_font_size": 9.960000038146973,
      "text": "趸交 3 年交 5 年交 10 年",
      "is_heading": false
    },
    {
      "bbox": [
        218.92999267578125,
        211.90432739257812,
        233.989990234375,
        221.86431884765625
      ],
      "max_font_size": 9.960000038146973,
      "text": "交",
      "is_heading": false
    },
    {
      "bbox": [
        247.3699951171875,
        198.94436645507812,
        269.92999267578125,
        208.90435791015625
      ],
      "max_font_size": 9.960000038146973,
      "text": "15 年",
      "is_heading": false
    },
    {
      "bbox": [
        253.61000061035156,
        211.90432739257812,
        268.6700134277344,
        221.86431884765625
      ],
      "max_font_size": 9.960000038146973,
      "text": "交",
      "is_heading": false
    },
    {
      "bbox": [
        282.1700134277344,
        198.94436645507812,
        304.72998046875,
        208.90435791015625
      ],
      "max_font_size": 9.960000038146973,
      "text": "20 年",
      "is_heading": false
    },
    {
      "bbox": [
        288.4100036621094,
        198.94436645507812,
        443.5899963378906,
        221.86431884765625
      ],
      "max_font_size": 9.960000038146973,
      "text": "交 趸交 3 年交 5 年交 10 年",
      "is_heading": false
    },
    {
      "bbox": [
        427.2699890136719,
        211.90432739257812,
        442.33001708984375,
        221.86431884765625
      ],
      "max_font_size": 9.960000038146973,
      "text": "交",
      "is_heading": false
    },
    {
      "bbox": [
        455.7099914550781,
        198.94436645507812,
        478.29998779296875,
        208.90435791015625
      ],
      "max_font_size": 9.960000038146973,
      "text": "15 年",
      "is_heading": false
    },
    {
      "bbox": [
        461.95001220703125,
        211.90432739257812,
        477.0400085449219,
        221.86431884765625
      ],
      "max_font_size": 9.960000038146973,
      "text": "交",
      "is_heading": false
    },
    {
      "bbox": [
        490.29998779296875,
        198.94436645507812,
        512.8599853515625,
        208.90435791015625
      ],
      "max_font_size": 9.960000038146973,
      "text": "20 年",
      "is_heading": false
    },
    {
      "bbox": [
        87.02400207519531,
        211.90432739257812,
        519.1599731445312,
        236.74432373046875
      ],
      "max_font_size": 9.960000038146973,
      "text": "交 0 921 2682 4324 8284 11754 14704 921 2683 4325 8288 11759 14712",
      "is_heading": false
    },
    {
      "bbox": [
        87.02400207519531,
        243.10433959960938,
        519.1599731445312,
        253.0643310546875
      ],
      "max_font_size": 9.960000038146973,
      "text": "1 921 2682 4324 8284 11753 14702 921 2683 4325 8288 11759 14711",
      "is_heading": false
    },
    {
      "bbox": [
        87.02400207519531,
        259.3343200683594,
        519.1599731445312,
        269.2943115234375
      ],
      "max_font_size": 9.960000038146973,
      "text": "2 921 2682 4323 8283 11751 14699 921 2683 4325 8287 11758 14710",