{
  "page_no": 4,
  "width": 595.3200073242188,
  "height": 842.0399780273438,
  "text": " \n保障方案 \n保障方案一 \n性别 \n男性 \n女性 \n交费期间 \n年龄 \n3 年交 5 年交 10 年交 15 年交 20 年交 3 年交 5 年交 10 年交 15 年交 20 年交 \n8 \n659 \n1068 \n1961 \n2779 \n3467 \n634 \n1028 \n1887 \n2674 \n3336 \n9 \n640 \n1037 \n1904 \n2698 \n3366 \n616 \n998 \n1832 \n2596 \n3239 \n10 \n621 \n1007 \n1848 \n2619 \n3268 \n598 \n969 \n1779 \n2520 \n3144 \n11 \n603 \n978 \n1795 \n2543 \n3173 \n580 \n941 \n1727 \n2447 \n3053 \n12 \n586 \n949 \n1742 \n2469 \n3080 \n564 \n913 \n1676 \n2376 \n2964 \n13 \n569 \n922 \n1692 \n2397 \n2991 \n547 \n887 \n1628 \n2306 \n2878 \n14 \n552 \n895 \n1642 \n2327 \n2903 \n531 \n861 \n1580 \n2239 \n2794 \n15 \n536 \n869 \n1594 \n2259 \n2819 \n516 \n836 \n1534 \n2174 \n2712 \n16 \n520 \n843 \n1548 \n2194 \n2737 \n501 \n811 \n1490 \n2111 \n2633 \n17 \n505 \n819 \n1503 \n2130 \n2657 \n486 \n788 \n1446 \n2049 \n2557 \n18 \n491 \n795 \n1459 \n2068 \n2580 \n472 \n765 \n1404 \n1990 \n2482 \n19 \n476 \n772 \n1417 \n2007 \n2505 \n458 \n743 \n1363 \n1932 \n2410 \n20 \n462 \n749 \n1375 \n1949 \n2432 \n445 \n721 \n1323 \n1875 \n2340 \n21 \n449 \n728 \n1335 \n1892 \n2361 \n432 \n700 \n1285 \n1821 \n2272 \n22 \n436 \n706 \n1296 \n1837 \n2292 \n419 \n680 \n1247 \n1768 \n2205 \n23 \n423 \n686 \n1259 \n1784 \n2225 \n407 \n660 \n1211 \n1716 \n2141 \n24 \n411 \n666 \n1222 \n1732 \n2161 \n395 \n641 \n1176 \n1666 \n2079 \n25 \n399 \n646 \n1186 \n1681 \n2098 \n384 \n622 \n1142 \n1618 \n2018 \n26 \n387 \n628 \n1152 \n1632 \n2037 \n373 \n604 \n1108 \n1571 \n1960 \n27 \n376 \n609 \n1118 \n1585 \n1977 \n362 \n586 \n1076 \n1525 \n1902 \n28 \n365 \n592 \n1086 \n1539 \n1920 \n351 \n569 \n1045 \n1480 \n1847 \n29 \n354 \n574 \n1054 \n1494 \n1864 \n341 \n553 \n1014 \n1437 \n1793 \n30 \n344 \n558 \n1023 \n1450 \n1810 \n331 \n537 \n985 \n1395 \n1741 \n31 \n334 \n541 \n994 \n1408 \n1757 \n321 \n521 \n956 \n1355 \n1690 \n32 \n324 \n526 \n965 \n1367 \n1706 \n312 \n506 \n928 \n1315 \n1641 \n33 \n315 \n510 \n937 \n1327 \n1656 \n303 \n491 \n901 \n1277 \n1593 \n34 \n306 \n496 \n909 \n1289 \n1608 \n294 \n477 \n875 \n1240 \n1547 \n35 \n297 \n481 \n883 \n1251 \n1561 \n286 \n463 \n849 \n1204 \n1502 \n36 \n288 \n467 \n857 \n1215 \n1516 \n277 \n449 \n825 \n1169 \n1458 \n37 \n280 \n453 \n832 \n1179 \n1472 \n269 \n436 \n801 \n1135 \n1416 \n38 \n272 \n440 \n808 \n1145 \n1429 \n261 \n424 \n777 \n1102 \n1375 \n39 \n264 \n427 \n784 \n1112 \n1387 \n254 \n411 \n755 \n1070 \n1335 \n40 \n256 \n415 \n761 \n1079 \n1347 \n246 \n399 \n733 \n1038 \n1296 \n41 \n249 \n403 \n739 \n1048 \n \n239 \n388 \n711 \n1008 \n \n42 \n241 \n391 \n718 \n1017 \n \n232 \n376 \n691 \n979 \n \n43 \n234 \n380 \n697 \n988 \n \n225 \n365 \n671 \n950 \n \n44 \n228 \n369 \n677 \n959 \n \n219 \n355 \n651 \n923 \n \n45 \n221 \n358 \n657 \n931 \n \n213 \n344 \n632 \n896 \n \n46 \n215 \n348 \n638 \n \n \n206 \n334 \n614 \n \n \n47 \n208 \n338 \n619 \n \n \n200 \n325 \n596 \n \n \n48 \n202 \n328 \n601 \n \n \n195 \n315 \n578 \n \n \n49 \n196 \n318 \n583 \n \n \n189 \n306 \n561 \n \n \n50 \n191 \n309 \n566 \n \n \n183 \n297 \n545 \n \n \n51 \n185 \n300 \n \n \n \n178 \n288 \n \n \n \n52 \n180 \n291 \n \n \n \n173 \n280 \n \n \n \n53 \n174 \n283 \n \n \n \n168 \n272 \n \n \n \n54 \n169 \n274 \n \n \n \n163 \n264 \n \n \n \n",
  "blocks": [
    {
      "bbox": [
        64.58399963378906,
        75.70430755615234,
        535.8399658203125,
        125.62432861328125
      ],
      "max_font_size": 9.960000038146973,
      "text": "保障方案 保障方案一 性别 男性 女性 交费期间 年龄 3 年交 5 年交 10 年交 15 年交 20 年交 3 年交 5 年交 10 年交 15 年交 20 年交",
      "is_heading": false
    },
    {
      "bbox": [
        94.46399688720703,
        129.10433959960938,
        529.47998046875,
        758.7003173828125
      ],
      "max_font_size": 9.960000038146973,
      "text": "8 659 1068 1961 2779 3467 634 1028 1887 2674 3336 9 640 1037 1904 2698 3366 616 998 1832 2596 3239 10 621 1007 1848 2619 3268 598 969 1779 2520 3144 11 603 978 1795 2543 3173 580 941 1727 2447 3053 12 586 949 1742 2469 3080 564 913 1676 2376 2964 13 569 922 1692 2397 2991 547 887 1628 2306 2878 14 552 895 1642 2327 2903 531 861 1580 2239 2794 15 536 869 1594 2259 2819 516 836 1534 2174 2712 16 520 843 1548 2194 2737 501 811 1490 2111 2633 17 505 819 1503 2130 2657 486 788 1446 2049 2557 18 491 795 1459 2068 2580 472 765 1404 1990 2482 19 476 772 1417 2007 2505 458 743 1363 1932 2410 20 462 749 1375 1949 2432 445 721 1323 1875 2340 21 449 728 1335 1892 2361 432 700 1285 1821 2272 22 436 706 1296 1837 2292 419 680 1247 1768 2205 23 423 686 1259 1784 2225 407 660 1211 1716 2141 24 411 666 1222 1732 2161 395 641 1176 1666 2079 25 399 646 1186 1681 2098 384 622 1142 1618 2018 26 387 628 1152 1632 2037 373 604 1108 1571 1960 27 376 609 1118 1585 1977 362 586 1076 1525 1902 28 365 592 1086 1539 1920 351 569 1045 1480 1847 29 354 574 1054 1494 1864 341 553 1014 1437 1793 30 344 558 1023 1450 1810 331 537 985 1395 1741 31 334 541 994 1408 1757 321 521 956 1355 1690 32 324 526 965 1367 1706 312 506 928 1315 1641 33 315 510 937 1327 1656 303 491 901 1277 1593 34 306 496 909 1289 1608 294 477 875 1240 1547 35 297 481 883 1251 1561 286 463 849 1204 1502 36 288 467 857 1215 1516 277 449 825 1169 1458 37 280 453 832 1179 1472 269 436 801 1135 1416 38 272 440 808 1145 1429 261 424 777 1102 1375 39 264 427 784 1112 1387 254 411 755 1070 1335 40 256 415 761 1079 1347 246 399 733 1038 1296 41 249 403 739 1048  239 388 711 1008  42 241 391 718 1017  232 376 691 979  43 234 380 697 988  225 365 671 950  44 228 369 677 959  219 355 651 923  45 221 358 657 931  213 344 632 896  46 215 348 638   206 334 614   47 208 338 619   200 325 596   48 202 328 601   195 315 578   49 196 318 583   189 306 561   50 191 309 566   183 297 545   51 185 300    178 288    52 180 291    173 280    53 174 283    168 272    54 169 274    163 264",
      "is_heading": false
    }
  ]
}