{
  "page_no": 10,
  "width": 595.3200073242188,
  "height": 842.0399780273438,
  "text": " \n保障方案 \n保障方案一 \n性别 \n男性 \n女性 \n交费期间 \n年龄 \n3 年交 5 年交 10 年交 15 年交 20 年交 3 年交 5 年交 10 年交 15 年交 20 年交 \n31 \n490 \n795 \n1458 \n2066 \n2578 \n486 \n787 \n1445 \n2048 \n2555 \n32 \n476 \n771 \n1416 \n2006 \n2503 \n472 \n764 \n1403 \n1988 \n2480 \n33 \n462 \n749 \n1374 \n1948 \n2431 \n458 \n742 \n1362 \n1930 \n2408 \n34 \n449 \n727 \n1334 \n1891 \n2360 \n445 \n720 \n1322 \n1874 \n2338 \n35 \n436 \n706 \n1296 \n1836 \n2291 \n432 \n699 \n1284 \n1819 \n2270 \n36 \n423 \n685 \n1258 \n1783 \n2224 \n419 \n679 \n1246 \n1766 \n2204 \n37 \n411 \n666 \n1221 \n1731 \n2160 \n407 \n659 \n1210 \n1715 \n2140 \n38 \n399 \n646 \n1186 \n1680 \n2097 \n395 \n640 \n1175 \n1665 \n2077 \n39 \n387 \n627 \n1151 \n1631 \n2036 \n384 \n622 \n1141 \n1616 \n2017 \n40 \n376 \n609 \n1117 \n1584 \n1977 \n372 \n603 \n1107 \n1569 \n1958 \n41 \n365 \n591 \n1085 \n1538 \n1919 \n362 \n586 \n1075 \n1524 \n1901 \n42 \n354 \n574 \n1053 \n1493 \n1863 \n351 \n569 \n1044 \n1479 \n1846 \n43 \n344 \n557 \n1023 \n1450 \n1809 \n341 \n552 \n1013 \n1436 \n1792 \n44 \n334 \n541 \n993 \n1407 \n1757 \n331 \n536 \n984 \n1394 \n1740 \n45 \n324 \n525 \n964 \n1366 \n1706 \n321 \n521 \n955 \n1354 \n1690 \n46 \n315 \n510 \n936 \n1327 \n1656 \n312 \n505 \n927 \n1314 \n1640 \n47 \n306 \n495 \n908 \n1288 \n1608 \n303 \n491 \n900 \n1276 \n1593 \n48 \n297 \n481 \n882 \n1250 \n1561 \n294 \n476 \n874 \n1239 \n1547 \n49 \n288 \n467 \n856 \n1214 \n1516 \n286 \n463 \n849 \n1203 \n1502 \n50 \n280 \n453 \n831 \n1179 \n1472 \n277 \n449 \n824 \n1168 \n1458 \n51 \n272 \n440 \n807 \n1145 \n \n269 \n436 \n800 \n1134 \n \n52 \n264 \n427 \n784 \n1111 \n \n261 \n423 \n777 \n1101 \n \n53 \n256 \n415 \n761 \n1079 \n \n254 \n411 \n754 \n1069 \n \n54 \n249 \n403 \n738 \n1047 \n \n246 \n399 \n732 \n1038 \n \n55 \n242 \n391 \n717 \n1017 \n \n239 \n388 \n710 \n1007 \n \n56 \n235 \n380 \n696 \n \n \n232 \n376 \n690 \n \n \n57 \n228 \n369 \n675 \n \n \n225 \n365 \n670 \n \n \n58 \n221 \n358 \n656 \n \n \n219 \n355 \n650 \n \n \n59 \n215 \n348 \n636 \n \n \n213 \n344 \n631 \n \n \n60 \n208 \n338 \n618 \n \n \n206 \n334 \n612 \n \n \n61 \n202 \n328 \n \n \n \n200 \n325 \n \n \n \n62 \n196 \n318 \n \n \n \n194 \n315 \n \n \n \n63 \n190 \n308 \n \n \n \n189 \n306 \n \n \n \n64 \n185 \n299 \n \n \n \n183 \n297 \n \n \n \n65 \n179 \n290 \n \n \n \n178 \n288 \n \n \n \n66 \n174 \n \n \n \n \n172 \n \n \n \n \n67 \n169 \n \n \n \n \n167 \n \n \n \n \n注：月交保险费=年交保险费*0.085。 \n \n保障方案 \n保障方案二 \n性别 \n男性 \n女性 \n交费期间 \n年龄 \n3 年交 5 年交 10 年交 15 年交 20 年交 3 年交 5 年交 10 年交 15 年交 20 年交 \n0 \n1716 \n2781 \n5103 \n7229 \n9015 \n1548 \n2509 \n4603 \n6521 \n8133 \n1 \n1666 \n2700 \n4954 \n7017 \n8751 \n1503 \n2435 \n4468 \n6330 \n7895 \n2 \n1617 \n2621 \n4809 \n6812 \n8494 \n1459 \n2364 \n4338 \n6145 \n7664 \n",
  "blocks": [
    {
      "bbox": [
        64.58399963378906,
        75.70430755615234,
        535.8399658203125,
        125.62432861328125
      ],
      "max_font_size": 9.960000038146973,
      "text": "保障方案 保障方案一 性别 男性 女性 交费期间 年龄 3 年交 5 年交 10 年交 15 年交 20 年交 3 年交 5 年交 10 年交 15 年交 20 年交",
      "is_heading": false
    },
    {
      "bbox": [
        94.46399688720703,
        129.10433959960938,
        529.47998046875,
        624.0643310546875
      ],
      "max_font_size": 9.960000038146973,
      "text": "31 490 795 1458 2066 2578 486 787 1445 2048 2555 32 476 771 1416 2006 2503 472 764 1403 1988 2480 33 462 749 1374 1948 2431 458 742 1362 1930 2408 34 449 727 1334 1891 2360 445 720 1322 1874 2338 35 436 706 1296 1836 2291 432 699 1284 1819 2270 36 423 685 1258 1783 2224 419 679 1246 1766 2204 37 411 666 1221 1731 2160 407 659 1210 1715 2140 38 399 646 1186 1680 2097 395 640 1175 1665 2077 39 387 627 1151 1631 2036 384 622 1141 1616 2017 40 376 609 1117 1584 1977 372 603 1107 1569 1958 41 365 591 1085 1538 1919 362 586 1075 1524 1901 42 354 574 1053 1493 1863 351 569 1044 1479 1846 43 344 557 1023 1450 1809 341 552 1013 1436 1792 44 334 541 993 1407 1757 331 536 984 1394 1740 45 324 525 964 1366 1706 321 521 955 1354 1690 46 315 510 936 1327 1656 312 505 927 1314 1640 47 306 495 908 1288 1608 303 491 900 1276 1593 48 297 481 882 1250 1561 294 476 874 1239 1547 49 288 467 856 1214 1516 286 463 849 1203 1502 50 280 453 831 1179 1472 277 449 824 1168 1458 51 272 440 807 1145  269 436 800 1134  52 264 427 784 1111  261 423 777 1101  53 256 415 761 1079  254 411 754 1069  54 249 403 738 1047  246 399 732 1038  55 242 391 717 1017  239 388 710 1007  56 235 380 696   232 376 690   57 228 369 675   225 365 670   58 221 358 656   219 355 650   59 215 348 636   213 344 631   60 208 338 618   206 334 612   61 202 328    200 325    62 196 318    194 315    63 190 308    189 306    64 185 299    183 297    65 179 290    178 288    66 174     172     67 169     167",
      "is_heading": false
    },
    {
      "bbox": [
        79.46399688720703,
        633.868896484375,
        258.0500183105469,
        644.4288940429688
      ],
      "max_font_size": 10.5600004196167,
      "text": "注：月交保险费=年交保险费*0.085。",
      "is_heading": false
    },
    {
      "bbox": [
        64.58399963378906,
        653.908935546875,
        535.8399658203125,
        717.9043579101562
      ],
      "max_font_size": 10.5600004196167,
      "text": "保障方案 保障方案二 性别 男性 女性 交费期间 年龄 3 年交 5 年交 10 年交 15 年交 20 年交 3 年交 5 年交 10 年交 15 年交 20 年交",
      "is_heading": false
    },
    {
      "bbox": [
        96.98400115966797,
        721.3843383789062,
        529.47998046875,
        758.34033203125
      ],
      "max_font_size": 9.960000038146973,
      "text": "0 1716 2781 5103 7229 9015 1548 2509 4603 6521 8133 1 1666 2700 4954 7017 8751 1503 2435 4468 6330 7895 2 1617 2621 4809 6812 8494 1459 2364 4338 6145 7664",
      "is_heading": false
    }
  ]
}