{
  "page_no": 7,
  "width": 595.3200073242188,
  "height": 842.0399780273438,
  "text": " \n保障方案 \n保障方案一 \n性别 \n男性 \n女性 \n交费期间 \n年龄 \n3 年交 5 年交 10 年交 15 年交 20 年交 3 年交 5 年交 10 年交 15 年交 20 年交 \n23 \n519 \n841 \n1543 \n2186 \n2728 \n505 \n819 \n1503 \n2129 \n2657 \n24 \n504 \n816 \n1498 \n2122 \n2648 \n490 \n795 \n1459 \n2067 \n2579 \n25 \n489 \n792 \n1454 \n2061 \n2571 \n476 \n772 \n1416 \n2007 \n2504 \n26 \n475 \n769 \n1412 \n2001 \n2496 \n462 \n749 \n1375 \n1949 \n2431 \n27 \n461 \n747 \n1371 \n1942 \n2424 \n449 \n727 \n1335 \n1892 \n2360 \n28 \n447 \n725 \n1331 \n1886 \n2353 \n436 \n706 \n1296 \n1837 \n2292 \n29 \n434 \n704 \n1292 \n1831 \n2285 \n423 \n686 \n1258 \n1783 \n2225 \n30 \n422 \n683 \n1254 \n1778 \n2218 \n411 \n666 \n1222 \n1731 \n2160 \n31 \n410 \n664 \n1218 \n1726 \n2153 \n399 \n646 \n1186 \n1681 \n2097 \n32 \n398 \n644 \n1182 \n1676 \n2091 \n387 \n627 \n1152 \n1632 \n2036 \n33 \n386 \n626 \n1148 \n1627 \n2030 \n376 \n609 \n1118 \n1584 \n1977 \n34 \n375 \n607 \n1114 \n1579 \n1971 \n365 \n591 \n1086 \n1538 \n1919 \n35 \n364 \n590 \n1082 \n1533 \n1913 \n354 \n574 \n1054 \n1494 \n1863 \n36 \n353 \n572 \n1050 \n1489 \n1858 \n344 \n558 \n1023 \n1450 \n1809 \n37 \n343 \n556 \n1020 \n1445 \n1804 \n334 \n541 \n993 \n1408 \n1757 \n38 \n333 \n540 \n990 \n1403 \n1751 \n324 \n526 \n964 \n1367 \n1705 \n39 \n323 \n524 \n961 \n1362 \n1700 \n315 \n510 \n936 \n1327 \n1656 \n40 \n314 \n509 \n933 \n1323 \n1651 \n306 \n495 \n909 \n1288 \n1608 \n41 \n305 \n494 \n906 \n1284 \n1603 \n297 \n481 \n883 \n1251 \n1561 \n42 \n296 \n480 \n880 \n1247 \n1556 \n288 \n467 \n857 \n1214 \n1515 \n43 \n287 \n466 \n854 \n1211 \n1511 \n280 \n453 \n832 \n1179 \n1471 \n44 \n279 \n452 \n829 \n1175 \n1467 \n272 \n440 \n808 \n1145 \n1429 \n45 \n271 \n439 \n805 \n1141 \n1424 \n264 \n427 \n784 \n1111 \n1387 \n46 \n263 \n426 \n782 \n1108 \n \n256 \n415 \n761 \n1079 \n \n47 \n255 \n414 \n759 \n1076 \n \n249 \n403 \n739 \n1048 \n \n48 \n248 \n402 \n737 \n1044 \n \n241 \n391 \n718 \n1017 \n \n49 \n241 \n390 \n715 \n1014 \n \n234 \n380 \n697 \n988 \n \n50 \n234 \n379 \n694 \n985 \n \n228 \n369 \n676 \n959 \n \n51 \n227 \n368 \n674 \n \n \n221 \n358 \n657 \n \n \n52 \n220 \n357 \n654 \n \n \n215 \n348 \n637 \n \n \n53 \n214 \n347 \n635 \n \n \n208 \n337 \n619 \n \n \n54 \n208 \n337 \n617 \n \n \n202 \n328 \n601 \n \n \n55 \n202 \n327 \n599 \n \n \n196 \n318 \n583 \n \n \n56 \n196 \n317 \n \n \n \n191 \n309 \n \n \n \n57 \n190 \n308 \n \n \n \n185 \n300 \n \n \n \n58 \n184 \n299 \n \n \n \n180 \n291 \n \n \n \n59 \n179 \n290 \n \n \n \n174 \n282 \n \n \n \n60 \n174 \n281 \n \n \n \n169 \n274 \n \n \n \n61 \n169 \n \n \n \n \n164 \n \n \n \n \n62 \n164 \n \n \n \n \n159 \n \n \n \n \n注：月交保险费=年交保险费*0.085。 \n \n \n \n",
  "blocks": [
    {
      "bbox": [
        64.58399963378906,
        75.70430755615234,
        535.8399658203125,
        125.62432861328125
      ],
      "max_font_size": 9.960000038146973,
      "text": "保障方案 保障方案一 性别 男性 女性 交费期间 年龄 3 年交 5 年交 10 年交 15 年交 20 年交 3 年交 5 年交 10 年交 15 年交 20 年交",
      "is_heading": false
    },
    {
      "bbox": [
        94.46399688720703,
        129.10433959960938,
        529.47998046875,
        664.3843383789062
      ],
      "max_font_size": 9.960000038146973,
      "text": "23 519 841 1543 2186 2728 505 819 1503 2129 2657 24 504 816 1498 2122 2648 490 795 1459 2067 2579 25 489 792 1454 2061 2571 476 772 1416 2007 2504 26 475 769 1412 2001 2496 462 749 1375 1949 2431 27 461 747 1371 1942 2424 449 727 1335 1892 2360 28 447 725 1331 1886 2353 436 706 1296 1837 2292 29 434 704 1292 1831 2285 423 686 1258 1783 2225 30 422 683 1254 1778 2218 411 666 1222 1731 2160 31 410 664 1218 1726 2153 399 646 1186 1681 2097 32 398 644 1182 1676 2091 387 627 1152 1632 2036 33 386 626 1148 1627 2030 376 609 1118 1584 1977 34 375 607 1114 1579 1971 365 591 1086 1538 1919 35 364 590 1082 1533 1913 354 574 1054 1494 1863 36 353 572 1050 1489 1858 344 558 1023 1450 1809 37 343 556 1020 1445 1804 334 541 993 1408 1757 38 333 540 990 1403 1751 324 526 964 1367 1705 39 323 524 961 1362 1700 315 510 936 1327 1656 40 314 509 933 1323 1651 306 495 909 1288 1608 41 305 494 906 1284 1603 297 481 883 1251 1561 42 296 480 880 1247 1556 288 467 857 1214 1515 43 287 466 854 1211 1511 280 453 832 1179 1471 44 279 452 829 1175 1467 272 440 808 1145 1429 45 271 439 805 1141 1424 264 427 784 1111 1387 46 263 426 782 1108  256 415 761 1079  47 255 414 759 1076  249 403 739 1048  48 248 402 737 1044  241 391 718 1017  49 241 390 715 1014  234 380 697 988  50 234 379 694 985  228 369 676 959  51 227 368 674   221 358 657   52 220 357 654   215 348 637   53 214 347 635   208 337 619   54 208 337 617   202 328 601   55 202 327 599   196 318 583   56 196 317    191 309    57 190 308    185 300    58 184 299    180 291    59 179 290    174 282    60 174 281    169 274    61 169     164     62 164     159",
      "is_heading": false
    },
    {
      "bbox": [
        79.46399688720703,
        674.3089599609375,
        258.0500183105469,
        684.8689575195312
      ],
      "max_font_size": 10.5600004196167,
      "text": "注：月交保险费=年交保险费*0.085。",
      "is_heading": false
    }
  ]
}