{
  "page_no": 12,
  "width": 595.3200073242188,
  "height": 842.0399780273438,
  "text": " \n保障方案 \n保障方案二 \n性别 \n男性 \n女性 \n交费期间 \n年龄 \n3 年交 5 年交 10 年交 15 年交 20 年交 3 年交 5 年交 10 年交 15 年交 20 年交 \n50 \n373 \n602 \n1088 \n \n \n340 \n549 \n997 \n \n \n注：月交保险费=年交保险费*0.085。 \n \n养老保险金开始领取年龄：75 周岁 \n单位：人民币元 \n保障方案 \n保障方案一 \n性别 \n男性 \n女性 \n交费期间 \n年龄 \n3 年交 5 年交 10 年交 15 年交 20 年交 3 年交 5 年交 10 年交 15 年交 20 年交 \n0 \n1425 \n2309 \n4238 \n6005 \n7492 \n1435 \n2326 \n4269 \n6049 \n7547 \n1 \n1383 \n2242 \n4114 \n5830 \n7274 \n1393 \n2258 \n4145 \n5873 \n7327 \n2 \n1343 \n2176 \n3995 \n5661 \n7062 \n1353 \n2192 \n4024 \n5702 \n7114 \n3 \n1304 \n2113 \n3878 \n5496 \n6857 \n1313 \n2128 \n3907 \n5536 \n6907 \n4 \n1266 \n2051 \n3765 \n5336 \n6657 \n1275 \n2066 \n3793 \n5375 \n6706 \n5 \n1229 \n1992 \n3656 \n5181 \n6463 \n1238 \n2006 \n3683 \n5218 \n6510 \n6 \n1193 \n1934 \n3549 \n5030 \n6275 \n1202 \n1948 \n3575 \n5066 \n6321 \n7 \n1158 \n1877 \n3446 \n4883 \n6092 \n1167 \n1891 \n3471 \n4919 \n6137 \n8 \n1125 \n1823 \n3346 \n4741 \n5915 \n1133 \n1836 \n3370 \n4776 \n5958 \n9 \n1092 \n1770 \n3248 \n4603 \n5743 \n1100 \n1783 \n3272 \n4637 \n5785 \n10 \n1060 \n1718 \n3154 \n4469 \n5576 \n1068 \n1731 \n3177 \n4502 \n5616 \n11 \n1029 \n1668 \n3062 \n4339 \n5413 \n1037 \n1680 \n3084 \n4370 \n5453 \n12 \n999 \n1620 \n2973 \n4212 \n5256 \n1007 \n1631 \n2994 \n4243 \n5294 \n13 \n970 \n1572 \n2886 \n4090 \n5102 \n977 \n1584 \n2907 \n4120 \n5140 \n14 \n942 \n1527 \n2802 \n3971 \n4954 \n949 \n1538 \n2822 \n4000 \n4990 \n15 \n915 \n1482 \n2720 \n3855 \n4810 \n921 \n1493 \n2740 \n3883 \n4845 \n16 \n888 \n1439 \n2641 \n3743 \n4669 \n894 \n1449 \n2660 \n3770 \n4703 \n17 \n862 \n1397 \n2564 \n3634 \n4533 \n868 \n1407 \n2583 \n3660 \n4566 \n18 \n837 \n1356 \n2489 \n3528 \n4401 \n843 \n1366 \n2508 \n3554 \n4433 \n19 \n813 \n1317 \n2417 \n3425 \n4273 \n818 \n1326 \n2435 \n3450 \n4304 \n20 \n789 \n1279 \n2346 \n3325 \n4149 \n795 \n1288 \n2364 \n3350 \n4179 \n21 \n766 \n1241 \n2278 \n3228 \n4028 \n772 \n1250 \n2295 \n3252 \n4057 \n22 \n744 \n1205 \n2212 \n3134 \n3911 \n749 \n1214 \n2228 \n3157 \n3939 \n23 \n722 \n1170 \n2147 \n3043 \n3797 \n727 \n1179 \n2163 \n3065 \n3824 \n24 \n701 \n1136 \n2085 \n2955 \n3686 \n706 \n1144 \n2100 \n2976 \n3713 \n25 \n681 \n1103 \n2024 \n2869 \n3579 \n685 \n1111 \n2039 \n2889 \n3605 \n26 \n661 \n1071 \n1965 \n2785 \n3475 \n666 \n1079 \n1980 \n2805 \n3500 \n27 \n642 \n1040 \n1908 \n2704 \n3374 \n646 \n1047 \n1922 \n2724 \n3398 \n28 \n623 \n1009 \n1852 \n2625 \n3276 \n627 \n1017 \n1866 \n2644 \n3299 \n29 \n605 \n980 \n1798 \n2549 \n3180 \n609 \n987 \n1812 \n2567 \n3203 \n30 \n587 \n951 \n1746 \n2475 \n3088 \n591 \n958 \n1759 \n2493 \n3110 \n31 \n570 \n924 \n1695 \n2402 \n2998 \n574 \n930 \n1708 \n2420 \n3019 \n32 \n553 \n897 \n1646 \n2333 \n2910 \n557 \n903 \n1658 \n2349 \n2931 \n33 \n537 \n871 \n1598 \n2265 \n2826 \n541 \n877 \n1610 \n2281 \n2846 \n34 \n522 \n845 \n1551 \n2199 \n2744 \n525 \n851 \n1563 \n2215 \n2763 \n35 \n507 \n821 \n1506 \n2135 \n2664 \n510 \n827 \n1517 \n2150 \n2683 \n",
  "blocks": [
    {
      "bbox": [
        64.58399963378906,
        75.70430755615234,
        535.8399658203125,
        125.62432861328125
      ],
      "max_font_size": 9.960000038146973,
      "text": "保障方案 保障方案二 性别 男性 女性 交费期间 年龄 3 年交 5 年交 10 年交 15 年交 20 年交 3 年交 5 年交 10 年交 15 年交 20 年交",
      "is_heading": false
    },
    {
      "bbox": [
        94.46399688720703,
        129.10433959960938,
        519.5199584960938,
        139.0643310546875
      ],
      "max_font_size": 9.960000038146973,
      "text": "50 373 602 1088   340 549 997",
      "is_heading": false
    },
    {
      "bbox": [
        79.46399688720703,
        148.86895751953125,
        258.0500183105469,
        159.428955078125
      ],
      "max_font_size": 10.5600004196167,
      "text": "注：月交保险费=年交保险费*0.085。",
      "is_heading": false
    },
    {
      "bbox": [
        217.3699951171875,
        188.94891357421875,
        383.4700012207031,
        199.5089111328125
      ],
      "max_font_size": 10.5600004196167,
      "text": "养老保险金开始领取年龄：75 周岁",
      "is_heading": false
    },
    {
      "bbox": [
        64.58399963378906,
        208.86895751953125,
        535.8399658203125,
        273.01434326171875
      ],
      "max_font_size": 10.5600004196167,
      "text": "单位：人民币元 保障方案 保障方案一 性别 男性 女性 交费期间 年龄 3 年交 5 年交 10 年交 15 年交 20 年交 3 年交 5 年交 10 年交 15 年交 20 年交",
      "is_heading": false
    },
    {
      "bbox": [
        94.46399688720703,
        276.4943542480469,
        529.47998046875,
        757.8603515625
      ],
      "max_font_size": 9.960000038146973,
      "text": "0 1425 2309 4238 6005 7492 1435 2326 4269 6049 7547 1 1383 2242 4114 5830 7274 1393 2258 4145 5873 7327 2 1343 2176 3995 5661 7062 1353 2192 4024 5702 7114 3 1304 2113 3878 5496 6857 1313 2128 3907 5536 6907 4 1266 2051 3765 5336 6657 1275 2066 3793 5375 6706 5 1229 1992 3656 5181 6463 1238 2006 3683 5218 6510 6 1193 1934 3549 5030 6275 1202 1948 3575 5066 6321 7 1158 1877 3446 4883 6092 1167 1891 3471 4919 6137 8 1125 1823 3346 4741 5915 1133 1836 3370 4776 5958 9 1092 1770 3248 4603 5743 1100 1783 3272 4637 5785 10 1060 1718 3154 4469 5576 1068 1731 3177 4502 5616 11 1029 1668 3062 4339 5413 1037 1680 3084 4370 5453 12 999 1620 2973 4212 5256 1007 1631 2994 4243 5294 13 970 1572 2886 4090 5102 977 1584 2907 4120 5140 14 942 1527 2802 3971 4954 949 1538 2822 4000 4990 15 915 1482 2720 3855 4810 921 1493 2740 3883 4845 16 888 1439 2641 3743 4669 894 1449 2660 3770 4703 17 862 1397 2564 3634 4533 868 1407 2583 3660 4566 18 837 1356 2489 3528 4401 843 1366 2508 3554 4433 19 813 1317 2417 3425 4273 818 1326 2435 3450 4304 20 789 1279 2346 3325 4149 795 1288 2364 3350 4179 21 766 1241 2278 3228 4028 772 1250 2295 3252 4057 22 744 1205 2212 3134 3911 749 1214 2228 3157 3939 23 722 1170 2147 3043 3797 727 1179 2163 3065 3824 24 701 1136 2085 2955 3686 706 1144 2100 2976 3713 25 681 1103 2024 2869 3579 685 1111 2039 2889 3605 26 661 1071 1965 2785 3475 666 1079 1980 2805 3500 27 642 1040 1908 2704 3374 646 1047 1922 2724 3398 28 623 1009 1852 2625 3276 627 1017 1866 2644 3299 29 605 980 1798 2549 3180 609 987 1812 2567 3203 30 587 951 1746 2475 3088 591 958 1759 2493 3110 31 570 924 1695 2402 2998 574 930 1708 2420 3019 32 553 897 1646 2333 2910 557 903 1658 2349 2931 33 537 871 1598 2265 2826 541 877 1610 2281 2846 34 522 845 1551 2199 2744 525 851 1563 2215 2763 35 507 821 1506 2135 2664 510 827 1517 2150 2683",
      "is_heading": false
    }
  ]
}