{
  "page_no": 5,
  "width": 595.3200073242188,
  "height": 842.0399780273438,
  "text": " \n保障方案 \n保障方案一 \n性别 \n男性 \n女性 \n交费期间 \n年龄 \n3 年交 5 年交 10 年交 15 年交 20 年交 3 年交 5 年交 10 年交 15 年交 20 年交 \n55 \n164 \n266 \n \n \n \n158 \n256 \n \n \n \n56 \n159 \n \n \n \n \n153 \n \n \n \n \n57 \n155 \n \n \n \n \n149 \n \n \n \n \n注：月交保险费=年交保险费*0.085。 \n \n保障方案 \n保障方案二 \n性别 \n男性 \n女性 \n交费期间 \n年龄 \n3 年交 5 年交 10 年交 15 年交 20 年交 3 年交 5 年交 10 年交 15 年交 20 年交 \n0 \n936 \n1517 \n2783 \n3942 \n4917 \n863 \n1399 \n2567 \n3637 \n4536 \n1 \n909 \n1472 \n2702 \n3827 \n4772 \n838 \n1358 \n2492 \n3531 \n4404 \n2 \n882 \n1429 \n2622 \n3715 \n4632 \n814 \n1319 \n2420 \n3428 \n4275 \n3 \n856 \n1388 \n2546 \n3606 \n4496 \n790 \n1280 \n2349 \n3327 \n4150 \n4 \n831 \n1347 \n2471 \n3500 \n4364 \n767 \n1243 \n2280 \n3230 \n4028 \n5 \n807 \n1307 \n2399 \n3397 \n4236 \n744 \n1206 \n2213 \n3136 \n3910 \n6 \n783 \n1269 \n2328 \n3298 \n4112 \n723 \n1171 \n2149 \n3044 \n3796 \n7 \n760 \n1232 \n2260 \n3201 \n3991 \n702 \n1137 \n2086 \n2955 \n3684 \n8 \n738 \n1196 \n2194 \n3107 \n3873 \n681 \n1103 \n2025 \n2868 \n3576 \n9 \n716 \n1161 \n2129 \n3015 \n3759 \n661 \n1071 \n1965 \n2784 \n3471 \n10 \n695 \n1127 \n2067 \n2927 \n3648 \n642 \n1040 \n1908 \n2702 \n3369 \n11 \n675 \n1094 \n2006 \n2840 \n3541 \n623 \n1009 \n1852 \n2623 \n3270 \n12 \n655 \n1062 \n1947 \n2757 \n3436 \n605 \n980 \n1797 \n2546 \n3174 \n13 \n636 \n1030 \n1889 \n2675 \n3334 \n587 \n951 \n1745 \n2471 \n3081 \n14 \n617 \n1000 \n1833 \n2596 \n3236 \n570 \n923 \n1693 \n2398 \n2990 \n15 \n599 \n971 \n1779 \n2519 \n3140 \n553 \n896 \n1644 \n2328 \n2902 \n16 \n581 \n942 \n1727 \n2445 \n3046 \n537 \n870 \n1595 \n2259 \n2816 \n17 \n564 \n914 \n1676 \n2372 \n2956 \n521 \n844 \n1548 \n2193 \n2733 \n18 \n548 \n887 \n1626 \n2302 \n2868 \n506 \n819 \n1503 \n2128 \n2652 \n19 \n532 \n861 \n1578 \n2233 \n2782 \n491 \n795 \n1458 \n2065 \n2573 \n20 \n516 \n836 \n1531 \n2167 \n2699 \n476 \n772 \n1415 \n2004 \n2497 \n21 \n501 \n811 \n1485 \n2102 \n2618 \n462 \n749 \n1374 \n1945 \n2423 \n22 \n486 \n787 \n1441 \n2040 \n2540 \n449 \n727 \n1333 \n1887 \n2351 \n23 \n471 \n763 \n1398 \n1979 \n2464 \n436 \n706 \n1293 \n1831 \n2281 \n24 \n457 \n741 \n1357 \n1919 \n2389 \n423 \n685 \n1255 \n1777 \n2213 \n25 \n444 \n719 \n1316 \n1862 \n2317 \n410 \n665 \n1218 \n1724 \n2147 \n26 \n431 \n697 \n1277 \n1806 \n2247 \n398 \n645 \n1182 \n1672 \n2083 \n27 \n418 \n676 \n1238 \n1751 \n2179 \n386 \n626 \n1146 \n1622 \n2020 \n28 \n405 \n656 \n1201 \n1698 \n2112 \n375 \n607 \n1112 \n1574 \n1959 \n29 \n393 \n637 \n1165 \n1647 \n2048 \n364 \n589 \n1079 \n1527 \n1900 \n30 \n381 \n617 \n1129 \n1596 \n1985 \n353 \n572 \n1047 \n1481 \n1843 \n31 \n370 \n599 \n1095 \n1548 \n1924 \n342 \n555 \n1015 \n1436 \n1787 \n32 \n359 \n581 \n1062 \n1500 \n1864 \n332 \n538 \n985 \n1393 \n1733 \n33 \n348 \n563 \n1029 \n1454 \n1806 \n322 \n522 \n955 \n1351 \n1680 \n34 \n337 \n546 \n998 \n1409 \n1750 \n313 \n506 \n926 \n1309 \n1628 \n35 \n327 \n529 \n967 \n1365 \n1695 \n303 \n491 \n898 \n1270 \n1578 \n36 \n317 \n513 \n937 \n1323 \n1641 \n294 \n476 \n871 \n1231 \n1529 \n",
  "blocks": [
    {
      "bbox": [
        64.58399963378906,
        75.70430755615234,
        535.8399658203125,
        125.62432861328125
      ],
      "max_font_size": 9.960000038146973,
      "text": "保障方案 保障方案一 性别 男性 女性 交费期间 年龄 3 年交 5 年交 10 年交 15 年交 20 年交 3 年交 5 年交 10 年交 15 年交 20 年交",
      "is_heading": false
    },
    {
      "bbox": [
        94.46399688720703,
        129.10433959960938,
        519.5199584960938,
        166.0643310546875
      ],
      "max_font_size": 9.960000038146973,
      "text": "55 164 266    158 256    56 159     153     57 155     149",
      "is_heading": false
    },
    {
      "bbox": [
        79.46399688720703,
        175.86895751953125,
        258.0500183105469,
        186.428955078125
      ],
      "max_font_size": 10.5600004196167,
      "text": "注：月交保险费=年交保险费*0.085。",
      "is_heading": false
    },
    {
      "bbox": [
        64.58399963378906,
        195.908935546875,
        535.8399658203125,
        259.90435791015625
      ],
      "max_font_size": 10.5600004196167,
      "text": "保障方案 保障方案二 性别 男性 女性 交费期间 年龄 3 年交 5 年交 10 年交 15 年交 20 年交 3 年交 5 年交 10 年交 15 年交 20 年交",
      "is_heading": false
    },
    {
      "bbox": [
        94.46399688720703,
        263.4143371582031,
        529.47998046875,
        758.34033203125
      ],
      "max_font_size": 9.960000038146973,
      "text": "0 936 1517 2783 3942 4917 863 1399 2567 3637 4536 1 909 1472 2702 3827 4772 838 1358 2492 3531 4404 2 882 1429 2622 3715 4632 814 1319 2420 3428 4275 3 856 1388 2546 3606 4496 790 1280 2349 3327 4150 4 831 1347 2471 3500 4364 767 1243 2280 3230 4028 5 807 1307 2399 3397 4236 744 1206 2213 3136 3910 6 783 1269 2328 3298 4112 723 1171 2149 3044 3796 7 760 1232 2260 3201 3991 702 1137 2086 2955 3684 8 738 1196 2194 3107 3873 681 1103 2025 2868 3576 9 716 1161 2129 3015 3759 661 1071 1965 2784 3471 10 695 1127 2067 2927 3648 642 1040 1908 2702 3369 11 675 1094 2006 2840 3541 623 1009 1852 2623 3270 12 655 1062 1947 2757 3436 605 980 1797 2546 3174 13 636 1030 1889 2675 3334 587 951 1745 2471 3081 14 617 1000 1833 2596 3236 570 923 1693 2398 2990 15 599 971 1779 2519 3140 553 896 1644 2328 2902 16 581 942 1727 2445 3046 537 870 1595 2259 2816 17 564 914 1676 2372 2956 521 844 1548 2193 2733 18 548 887 1626 2302 2868 506 819 1503 2128 2652 19 532 861 1578 2233 2782 491 795 1458 2065 2573 20 516 836 1531 2167 2699 476 772 1415 2004 2497 21 501 811 1485 2102 2618 462 749 1374 1945 2423 22 486 787 1441 2040 2540 449 727 1333 1887 2351 23 471 763 1398 1979 2464 436 706 1293 1831 2281 24 457 741 1357 1919 2389 423 685 1255 1777 2213 25 444 719 1316 1862 2317 410 665 1218 1724 2147 26 431 697 1277 1806 2247 398 645 1182 1672 2083 27 418 676 1238 1751 2179 386 626 1146 1622 2020 28 405 656 1201 1698 2112 375 607 1112 1574 1959 29 393 637 1165 1647 2048 364 589 1079 1527 1900 30 381 617 1129 1596 1985 353 572 1047 1481 1843 31 370 599 1095 1548 1924 342 555 1015 1436 1787 32 359 581 1062 1500 1864 332 538 985 1393 1733 33 348 563 1029 1454 1806 322 522 955 1351 1680 34 337 546 998 1409 1750 313 506 926 1309 1628 35 327 529 967 1365 1695 303 491 898 1270 1578 36 317 513 937 1323 1641 294 476 871 1231 1529",
      "is_heading": false
    }
  ]
}