{
  "page_no": 14,
  "width": 595.3200073242188,
  "height": 842.0399780273438,
  "text": " \n保障方案 \n保障方案二 \n性别 \n男性 \n女性 \n交费期间 \n年龄 \n3 年交 5 年交 10 年交 15 年交 20 年交 3 年交 5 年交 10 年交 15 年交 20 年交 \n5 \n2090 \n3386 \n6212 \n8800 \n10974 \n1868 \n3027 \n5555 \n7870 \n9815 \n6 \n2028 \n3287 \n6030 \n8542 \n10653 \n1814 \n2939 \n5393 \n7640 \n9527 \n7 \n1969 \n3190 \n5853 \n8292 \n10341 \n1761 \n2853 \n5235 \n7416 \n9247 \n8 \n1911 \n3097 \n5682 \n8049 \n10038 \n1709 \n2770 \n5082 \n7198 \n8975 \n9 \n1855 \n3006 \n5515 \n7813 \n9741 \n1659 \n2689 \n4933 \n6987 \n8711 \n10 \n1801 \n2918 \n5354 \n7584 \n9454 \n1611 \n2610 \n4788 \n6781 \n8455 \n11 \n1748 \n2833 \n5197 \n7361 \n9174 \n1564 \n2534 \n4647 \n6582 \n8206 \n12 \n1697 \n2750 \n5045 \n7143 \n8903 \n1518 \n2459 \n4511 \n6388 \n7964 \n13 \n1648 \n2669 \n4896 \n6932 \n8640 \n1473 \n2387 \n4378 \n6200 \n7730 \n14 \n1599 \n2591 \n4751 \n6727 \n8384 \n1430 \n2317 \n4249 \n6018 \n7502 \n15 \n1552 \n2515 \n4611 \n6528 \n8136 \n1388 \n2249 \n4124 \n5841 \n7281 \n16 \n1507 \n2441 \n4474 \n6335 \n7894 \n1347 \n2183 \n4003 \n5669 \n7066 \n17 \n1462 \n2369 \n4342 \n6147 \n7660 \n1308 \n2118 \n3885 \n5502 \n6858 \n18 \n1419 \n2299 \n4213 \n5965 \n7433 \n1269 \n2056 \n3771 \n5339 \n6656 \n19 \n1377 \n2231 \n4089 \n5788 \n7213 \n1232 \n1996 \n3659 \n5182 \n6458 \n20 \n1337 \n2165 \n3967 \n5617 \n6999 \n1196 \n1937 \n3552 \n5029 \n6266 \n21 \n1297 \n2101 \n3850 \n5450 \n6791 \n1160 \n1880 \n3447 \n4880 \n6079 \n22 \n1259 \n2039 \n3736 \n5288 \n6588 \n1126 \n1824 \n3345 \n4735 \n5898 \n23 \n1221 \n1978 \n3625 \n5131 \n6390 \n1093 \n1771 \n3246 \n4594 \n5723 \n24 \n1185 \n1920 \n3517 \n4978 \n6198 \n1061 \n1718 \n3149 \n4457 \n5552 \n25 \n1150 \n1863 \n3413 \n4829 \n6011 \n1030 \n1668 \n3056 \n4324 \n5386 \n26 \n1116 \n1807 \n3311 \n4683 \n5830 \n999 \n1618 \n2965 \n4195 \n5225 \n27 \n1083 \n1754 \n3212 \n4542 \n5654 \n969 \n1570 \n2876 \n4070 \n5069 \n28 \n1051 \n1702 \n3115 \n4405 \n5483 \n941 \n1523 \n2790 \n3949 \n4917 \n29 \n1020 \n1651 \n3021 \n4272 \n5317 \n913 \n1478 \n2707 \n3831 \n4768 \n30 \n989 \n1601 \n2930 \n4143 \n5156 \n885 \n1434 \n2626 \n3716 \n4624 \n31 \n959 \n1553 \n2841 \n4018 \n4999 \n859 \n1391 \n2548 \n3603 \n4484 \n32 \n931 \n1506 \n2755 \n3896 \n4845 \n833 \n1350 \n2471 \n3494 \n4348 \n33 \n903 \n1461 \n2672 \n3778 \n4695 \n809 \n1309 \n2397 \n3388 \n4216 \n34 \n875 \n1417 \n2591 \n3662 \n4550 \n784 \n1270 \n2324 \n3286 \n4087 \n35 \n849 \n1374 \n2512 \n3549 \n4409 \n761 \n1232 \n2254 \n3186 \n3962 \n36 \n823 \n1333 \n2435 \n3439 \n4272 \n738 \n1195 \n2185 \n3089 \n3840 \n37 \n798 \n1292 \n2360 \n3332 \n4139 \n716 \n1159 \n2119 \n2995 \n3721 \n38 \n774 \n1253 \n2287 \n3229 \n4010 \n694 \n1124 \n2054 \n2902 \n3605 \n39 \n751 \n1214 \n2216 \n3128 \n3882 \n673 \n1090 \n1992 \n2812 \n3493 \n40 \n728 \n1177 \n2147 \n3030 \n3758 \n653 \n1056 \n1930 \n2725 \n3384 \n41 \n705 \n1140 \n2080 \n2934 \n3637 \n633 \n1024 \n1870 \n2640 \n3278 \n42 \n683 \n1105 \n2015 \n2840 \n3520 \n614 \n993 \n1812 \n2558 \n3173 \n43 \n662 \n1071 \n1951 \n2749 \n3407 \n595 \n962 \n1756 \n2478 \n3072 \n44 \n642 \n1037 \n1888 \n2661 \n3296 \n577 \n933 \n1701 \n2399 \n2974 \n45 \n622 \n1005 \n1828 \n2575 \n3186 \n559 \n904 \n1647 \n2322 \n2878 \n46 \n602 \n973 \n1769 \n \n \n541 \n876 \n1595 \n \n \n47 \n583 \n942 \n1712 \n \n \n525 \n848 \n1544 \n \n \n48 \n564 \n912 \n1656 \n \n \n508 \n822 \n1494 \n \n \n49 \n546 \n882 \n1600 \n \n \n492 \n795 \n1446 \n \n \n50 \n529 \n854 \n1547 \n \n \n477 \n770 \n1399 \n \n \n注：月交保险费=年交保险费*0.085。 \n本合同提供的首次养老保险金领取日为被保险人年满本合同约定的养老保险金开始领取年龄后\n的首个合同生效日对应日。 \n",
  "blocks": [
    {
      "bbox": [
        64.58399963378906,
        75.22432708740234,
        535.8399658203125,
        122.26434326171875
      ],
      "max_font_size": 9.960000038146973,
      "text": "保障方案 保障方案二 性别 男性 女性 交费期间 年龄 3 年交 5 年交 10 年交 15 年交 20 年交 3 年交 5 年交 10 年交 15 年交 20 年交",
      "is_heading": false
    },
    {
      "bbox": [
        94.46399688720703,
        124.7843246459961,
        529.47998046875,
        697.2643432617188
      ],
      "max_font_size": 9.960000038146973,
      "text": "5 2090 3386 6212 8800 10974 1868 3027 5555 7870 9815 6 2028 3287 6030 8542 10653 1814 2939 5393 7640 9527 7 1969 3190 5853 8292 10341 1761 2853 5235 7416 9247 8 1911 3097 5682 8049 10038 1709 2770 5082 7198 8975 9 1855 3006 5515 7813 9741 1659 2689 4933 6987 8711 10 1801 2918 5354 7584 9454 1611 2610 4788 6781 8455 11 1748 2833 5197 7361 9174 1564 2534 4647 6582 8206 12 1697 2750 5045 7143 8903 1518 2459 4511 6388 7964 13 1648 2669 4896 6932 8640 1473 2387 4378 6200 7730 14 1599 2591 4751 6727 8384 1430 2317 4249 6018 7502 15 1552 2515 4611 6528 8136 1388 2249 4124 5841 7281 16 1507 2441 4474 6335 7894 1347 2183 4003 5669 7066 17 1462 2369 4342 6147 7660 1308 2118 3885 5502 6858 18 1419 2299 4213 5965 7433 1269 2056 3771 5339 6656 19 1377 2231 4089 5788 7213 1232 1996 3659 5182 6458 20 1337 2165 3967 5617 6999 1196 1937 3552 5029 6266 21 1297 2101 3850 5450 6791 1160 1880 3447 4880 6079 22 1259 2039 3736 5288 6588 1126 1824 3345 4735 5898 23 1221 1978 3625 5131 6390 1093 1771 3246 4594 5723 24 1185 1920 3517 4978 6198 1061 1718 3149 4457 5552 25 1150 1863 3413 4829 6011 1030 1668 3056 4324 5386 26 1116 1807 3311 4683 5830 999 1618 2965 4195 5225 27 1083 1754 3212 4542 5654 969 1570 2876 4070 5069 28 1051 1702 3115 4405 5483 941 1523 2790 3949 4917 29 1020 1651 3021 4272 5317 913 1478 2707 3831 4768 30 989 1601 2930 4143 5156 885 1434 2626 3716 4624 31 959 1553 2841 4018 4999 859 1391 2548 3603 4484 32 931 1506 2755 3896 4845 833 1350 2471 3494 4348 33 903 1461 2672 3778 4695 809 1309 2397 3388 4216 34 875 1417 2591 3662 4550 784 1270 2324 3286 4087 35 849 1374 2512 3549 4409 761 1232 2254 3186 3962 36 823 1333 2435 3439 4272 738 1195 2185 3089 3840 37 798 1292 2360 3332 4139 716 1159 2119 2995 3721 38 774 1253 2287 3229 4010 694 1124 2054 2902 3605 39 751 1214 2216 3128 3882 673 1090 1992 2812 3493 40 728 1177 2147 3030 3758 653 1056 1930 2725 3384 41 705 1140 2080 2934 3637 633 1024 1870 2640 3278 42 683 1105 2015 2840 3520 614 993 1812 2558 3173 43 662 1071 1951 2749 3407 595 962 1756 2478 3072 44 642 1037 1888 2661 3296 577 933 1701 2399 2974 45 622 1005 1828 2575 3186 559 904 1647 2322 2878 46 602 973 1769   541 876 1595   47 583 942 1712   525 848 1544   48 564 912 1656   508 822 1494   49 546 882 1600   492 795 1446   50 529 854 1547   477 770 1399",
      "is_heading": false
    },
    {
      "bbox": [
        79.46399688720703,
        706.5889282226562,
        258.0500183105469,
        717.14892578125
      ],
      "max_font_size": 10.5600004196167,
      "text": "注：月交保险费=年交保险费*0.085。",
      "is_heading": false
    },
    {
      "bbox": [
        79.46399688720703,
        726.62890625,
        515.591796875,
        737.1889038085938
      ],
      "max_font_size": 10.5600004196167,
      "text": "本合同提供的首次养老保险金领取日为被保险人年满本合同约定的养老保险金开始领取年龄后",
      "is_heading": false
    },
    {
      "bbox": [
        79.46399688720703,
        746.6649169921875,
        210.88999938964844,
        757.2249145507812
      ],
      "max_font_size": 10.5600004196167,
      "text": "的首个合同生效日对应日。",
      "is_heading": false
    }
  ]
}