{
  "page_no": 11,
  "width": 595.3200073242188,
  "height": 842.0399780273438,
  "text": " \n保障方案 \n保障方案二 \n性别 \n男性 \n女性 \n交费期间 \n年龄 \n3 年交 5 年交 10 年交 15 年交 20 年交 3 年交 5 年交 10 年交 15 年交 20 年交 \n3 \n1570 \n2544 \n4668 \n6612 \n8245 \n1416 \n2295 \n4211 \n5965 \n7440 \n4 \n1524 \n2470 \n4531 \n6418 \n8003 \n1375 \n2228 \n4088 \n5791 \n7222 \n5 \n1480 \n2398 \n4398 \n6229 \n7768 \n1335 \n2163 \n3968 \n5621 \n7010 \n6 \n1436 \n2327 \n4269 \n6047 \n7539 \n1296 \n2099 \n3852 \n5457 \n6805 \n7 \n1394 \n2259 \n4144 \n5869 \n7318 \n1258 \n2038 \n3739 \n5297 \n6605 \n8 \n1353 \n2193 \n4022 \n5697 \n7103 \n1221 \n1978 \n3630 \n5142 \n6411 \n9 \n1314 \n2128 \n3904 \n5529 \n6894 \n1185 \n1920 \n3523 \n4991 \n6223 \n10 \n1275 \n2066 \n3789 \n5367 \n6691 \n1150 \n1864 \n3420 \n4844 \n6040 \n11 \n1238 \n2005 \n3678 \n5209 \n6493 \n1117 \n1810 \n3320 \n4702 \n5862 \n12 \n1201 \n1946 \n3570 \n5056 \n6301 \n1084 \n1757 \n3222 \n4563 \n5689 \n13 \n1166 \n1889 \n3465 \n4906 \n6115 \n1052 \n1705 \n3127 \n4429 \n5522 \n14 \n1132 \n1834 \n3363 \n4761 \n5933 \n1022 \n1655 \n3035 \n4299 \n5359 \n15 \n1099 \n1780 \n3263 \n4620 \n5757 \n992 \n1606 \n2946 \n4172 \n5201 \n16 \n1066 \n1727 \n3167 \n4483 \n5587 \n962 \n1559 \n2859 \n4049 \n5048 \n17 \n1035 \n1677 \n3073 \n4350 \n5421 \n934 \n1513 \n2775 \n3930 \n4898 \n18 \n1005 \n1627 \n2982 \n4221 \n5260 \n907 \n1469 \n2693 \n3814 \n4753 \n19 \n975 \n1579 \n2893 \n4096 \n5104 \n880 \n1426 \n2614 \n3701 \n4612 \n20 \n946 \n1532 \n2808 \n3974 \n4951 \n854 \n1384 \n2537 \n3591 \n4475 \n21 \n918 \n1487 \n2724 \n3856 \n4803 \n829 \n1343 \n2462 \n3485 \n4342 \n22 \n891 \n1443 \n2643 \n3742 \n4659 \n804 \n1303 \n2389 \n3381 \n4213 \n23 \n864 \n1400 \n2565 \n3629 \n4519 \n781 \n1265 \n2318 \n3281 \n4088 \n24 \n839 \n1358 \n2489 \n3521 \n4383 \n758 \n1227 \n2249 \n3184 \n3966 \n25 \n814 \n1318 \n2414 \n3415 \n4251 \n735 \n1191 \n2182 \n3089 \n3847 \n26 \n790 \n1279 \n2342 \n3312 \n4123 \n714 \n1156 \n2118 \n2997 \n3732 \n27 \n766 \n1241 \n2271 \n3213 \n3999 \n692 \n1121 \n2055 \n2907 \n3620 \n28 \n743 \n1204 \n2203 \n3116 \n3877 \n672 \n1088 \n1993 \n2820 \n3511 \n29 \n721 \n1168 \n2137 \n3022 \n3759 \n652 \n1056 \n1934 \n2735 \n3405 \n30 \n700 \n1133 \n2072 \n2930 \n3644 \n632 \n1024 \n1876 \n2653 \n3302 \n31 \n679 \n1098 \n2010 \n2840 \n3532 \n614 \n994 \n1819 \n2573 \n3202 \n32 \n658 \n1065 \n1949 \n2754 \n3424 \n595 \n964 \n1765 \n2496 \n3104 \n33 \n638 \n1033 \n1889 \n2669 \n3318 \n578 \n935 \n1711 \n2420 \n3010 \n34 \n619 \n1002 \n1831 \n2587 \n3215 \n560 \n907 \n1660 \n2346 \n2918 \n35 \n600 \n972 \n1775 \n2508 \n3114 \n543 \n880 \n1609 \n2275 \n2828 \n36 \n582 \n942 \n1721 \n2430 \n3017 \n527 \n853 \n1560 \n2205 \n2741 \n37 \n564 \n913 \n1668 \n2354 \n2922 \n511 \n828 \n1513 \n2138 \n2656 \n38 \n547 \n885 \n1616 \n2280 \n2830 \n496 \n802 \n1467 \n2072 \n2573 \n39 \n530 \n858 \n1565 \n2208 \n2739 \n481 \n778 \n1422 \n2007 \n2493 \n40 \n514 \n832 \n1516 \n2139 \n2651 \n466 \n754 \n1378 \n1945 \n2415 \n41 \n498 \n806 \n1468 \n2070 \n2565 \n452 \n731 \n1335 \n1885 \n2338 \n42 \n483 \n781 \n1422 \n2004 \n2482 \n438 \n709 \n1293 \n1825 \n2264 \n43 \n468 \n756 \n1376 \n1939 \n2400 \n425 \n687 \n1253 \n1767 \n2191 \n44 \n453 \n732 \n1332 \n1876 \n2320 \n412 \n666 \n1214 \n1711 \n2120 \n45 \n439 \n709 \n1289 \n1814 \n2243 \n399 \n645 \n1175 \n1657 \n2051 \n46 \n425 \n687 \n1247 \n \n \n386 \n625 \n1138 \n \n \n47 \n411 \n665 \n1206 \n \n \n374 \n605 \n1101 \n \n \n48 \n398 \n643 \n1166 \n \n \n363 \n586 \n1066 \n \n \n49 \n385 \n622 \n1127 \n \n \n351 \n567 \n1031 \n \n \n",
  "blocks": [
    {
      "bbox": [
        64.58399963378906,
        75.70430755615234,
        535.8399658203125,
        125.62432861328125
      ],
      "max_font_size": 9.960000038146973,
      "text": "保障方案 保障方案二 性别 男性 女性 交费期间 年龄 3 年交 5 年交 10 年交 15 年交 20 年交 3 年交 5 年交 10 年交 15 年交 20 年交",
      "is_heading": false
    },
    {
      "bbox": [
        94.46399688720703,
        129.10433959960938,
        529.47998046875,
        758.7003173828125
      ],
      "max_font_size": 9.960000038146973,
      "text": "3 1570 2544 4668 6612 8245 1416 2295 4211 5965 7440 4 1524 2470 4531 6418 8003 1375 2228 4088 5791 7222 5 1480 2398 4398 6229 7768 1335 2163 3968 5621 7010 6 1436 2327 4269 6047 7539 1296 2099 3852 5457 6805 7 1394 2259 4144 5869 7318 1258 2038 3739 5297 6605 8 1353 2193 4022 5697 7103 1221 1978 3630 5142 6411 9 1314 2128 3904 5529 6894 1185 1920 3523 4991 6223 10 1275 2066 3789 5367 6691 1150 1864 3420 4844 6040 11 1238 2005 3678 5209 6493 1117 1810 3320 4702 5862 12 1201 1946 3570 5056 6301 1084 1757 3222 4563 5689 13 1166 1889 3465 4906 6115 1052 1705 3127 4429 5522 14 1132 1834 3363 4761 5933 1022 1655 3035 4299 5359 15 1099 1780 3263 4620 5757 992 1606 2946 4172 5201 16 1066 1727 3167 4483 5587 962 1559 2859 4049 5048 17 1035 1677 3073 4350 5421 934 1513 2775 3930 4898 18 1005 1627 2982 4221 5260 907 1469 2693 3814 4753 19 975 1579 2893 4096 5104 880 1426 2614 3701 4612 20 946 1532 2808 3974 4951 854 1384 2537 3591 4475 21 918 1487 2724 3856 4803 829 1343 2462 3485 4342 22 891 1443 2643 3742 4659 804 1303 2389 3381 4213 23 864 1400 2565 3629 4519 781 1265 2318 3281 4088 24 839 1358 2489 3521 4383 758 1227 2249 3184 3966 25 814 1318 2414 3415 4251 735 1191 2182 3089 3847 26 790 1279 2342 3312 4123 714 1156 2118 2997 3732 27 766 1241 2271 3213 3999 692 1121 2055 2907 3620 28 743 1204 2203 3116 3877 672 1088 1993 2820 3511 29 721 1168 2137 3022 3759 652 1056 1934 2735 3405 30 700 1133 2072 2930 3644 632 1024 1876 2653 3302 31 679 1098 2010 2840 3532 614 994 1819 2573 3202 32 658 1065 1949 2754 3424 595 964 1765 2496 3104 33 638 1033 1889 2669 3318 578 935 1711 2420 3010 34 619 1002 1831 2587 3215 560 907 1660 2346 2918 35 600 972 1775 2508 3114 543 880 1609 2275 2828 36 582 942 1721 2430 3017 527 853 1560 2205 2741 37 564 913 1668 2354 2922 511 828 1513 2138 2656 38 547 885 1616 2280 2830 496 802 1467 2072 2573 39 530 858 1565 2208 2739 481 778 1422 2007 2493 40 514 832 1516 2139 2651 466 754 1378 1945 2415 41 498 806 1468 2070 2565 452 731 1335 1885 2338 42 483 781 1422 2004 2482 438 709 1293 1825 2264 43 468 756 1376 1939 2400 425 687 1253 1767 2191 44 453 732 1332 1876 2320 412 666 1214 1711 2120 45 439 709 1289 1814 2243 399 645 1175 1657 2051 46 425 687 1247   386 625 1138   47 411 665 1206   374 605 1101   48 398 643 1166   363 586 1066   49 385 622 1127   351 567 1031",
      "is_heading": false
    }
  ]
}