{
  "page_no": 8,
  "width": 595.3200073242188,
  "height": 842.0399780273438,
  "text": " \n \n保障方案 \n保障方案二 \n性别 \n男性 \n女性 \n交费期间 \n年龄 \n3 年交 5 年交 10 年交 15 年交 20 年交 3 年交 5 年交 10 年交 15 年交 20 年交 \n0 \n1251 \n2026 \n3718 \n5268 \n6570 \n1140 \n1848 \n3391 \n4804 \n5992 \n1 \n1214 \n1967 \n3610 \n5114 \n6377 \n1107 \n1794 \n3292 \n4664 \n5817 \n2 \n1179 \n1910 \n3504 \n4964 \n6190 \n1075 \n1742 \n3196 \n4527 \n5646 \n3 \n1144 \n1854 \n3402 \n4818 \n6008 \n1043 \n1691 \n3102 \n4395 \n5481 \n4 \n1111 \n1800 \n3302 \n4677 \n5831 \n1013 \n1641 \n3012 \n4266 \n5321 \n5 \n1078 \n1747 \n3205 \n4539 \n5660 \n983 \n1593 \n2924 \n4141 \n5165 \n6 \n1047 \n1696 \n3111 \n4406 \n5494 \n955 \n1547 \n2838 \n4020 \n5014 \n7 \n1016 \n1646 \n3020 \n4277 \n5332 \n927 \n1501 \n2755 \n3902 \n4866 \n8 \n986 \n1598 \n2931 \n4151 \n5175 \n900 \n1458 \n2674 \n3788 \n4723 \n9 \n957 \n1551 \n2845 \n4029 \n5023 \n873 \n1415 \n2596 \n3677 \n4585 \n10 \n929 \n1505 \n2761 \n3910 \n4875 \n848 \n1373 \n2520 \n3569 \n4450 \n11 \n902 \n1461 \n2680 \n3795 \n4731 \n823 \n1333 \n2446 \n3464 \n4319 \n12 \n875 \n1418 \n2601 \n3683 \n4591 \n799 \n1294 \n2374 \n3362 \n4192 \n13 \n850 \n1377 \n2524 \n3575 \n4455 \n775 \n1256 \n2304 \n3263 \n4069 \n14 \n825 \n1336 \n2450 \n3469 \n4323 \n753 \n1219 \n2236 \n3167 \n3949 \n15 \n801 \n1297 \n2378 \n3366 \n4195 \n730 \n1184 \n2171 \n3074 \n3832 \n16 \n777 \n1259 \n2307 \n3266 \n4071 \n709 \n1149 \n2107 \n2984 \n3719 \n17 \n754 \n1222 \n2239 \n3170 \n3950 \n688 \n1115 \n2045 \n2895 \n3609 \n18 \n732 \n1185 \n2173 \n3076 \n3832 \n668 \n1082 \n1985 \n2810 \n3502 \n19 \n710 \n1150 \n2108 \n2984 \n3717 \n648 \n1050 \n1926 \n2727 \n3398 \n20 \n689 \n1116 \n2046 \n2895 \n3606 \n629 \n1019 \n1869 \n2646 \n3298 \n21 \n669 \n1083 \n1985 \n2809 \n3499 \n611 \n989 \n1814 \n2568 \n3200 \n22 \n649 \n1051 \n1926 \n2725 \n3394 \n593 \n960 \n1760 \n2492 \n3104 \n23 \n630 \n1020 \n1868 \n2644 \n3292 \n575 \n932 \n1708 \n2418 \n3012 \n24 \n611 \n990 \n1813 \n2565 \n3193 \n558 \n904 \n1657 \n2346 \n2922 \n25 \n593 \n960 \n1758 \n2488 \n3096 \n542 \n878 \n1608 \n2276 \n2835 \n26 \n575 \n932 \n1706 \n2413 \n3003 \n526 \n852 \n1560 \n2208 \n2750 \n27 \n558 \n904 \n1655 \n2340 \n2912 \n510 \n826 \n1514 \n2142 \n2667 \n28 \n541 \n877 \n1605 \n2269 \n2823 \n495 \n802 \n1469 \n2078 \n2587 \n29 \n525 \n851 \n1556 \n2201 \n2737 \n480 \n778 \n1425 \n2016 \n2509 \n30 \n510 \n825 \n1509 \n2134 \n2653 \n466 \n755 \n1382 \n1955 \n2433 \n31 \n494 \n800 \n1463 \n2068 \n2572 \n452 \n732 \n1341 \n1896 \n2359 \n32 \n479 \n776 \n1419 \n2005 \n2493 \n439 \n710 \n1300 \n1839 \n2288 \n33 \n465 \n753 \n1376 \n1944 \n2415 \n426 \n689 \n1261 \n1783 \n2218 \n34 \n451 \n730 \n1333 \n1884 \n2340 \n413 \n668 \n1223 \n1729 \n2150 \n35 \n437 \n708 \n1292 \n1825 \n2267 \n400 \n648 \n1186 \n1676 \n2084 \n36 \n424 \n686 \n1253 \n1768 \n2195 \n388 \n629 \n1150 \n1625 \n2020 \n37 \n411 \n665 \n1214 \n1713 \n2126 \n377 \n610 \n1115 \n1575 \n1957 \n38 \n398 \n645 \n1176 \n1659 \n2058 \n365 \n591 \n1081 \n1526 \n1896 \n39 \n386 \n625 \n1139 \n1607 \n1992 \n354 \n573 \n1047 \n1479 \n1836 \n40 \n374 \n605 \n1103 \n1555 \n1927 \n343 \n556 \n1015 \n1433 \n1778 \n41 \n363 \n586 \n1068 \n1506 \n1864 \n333 \n539 \n984 \n1388 \n1722 \n42 \n351 \n568 \n1034 \n1457 \n1803 \n323 \n522 \n953 \n1344 \n1667 \n43 \n340 \n550 \n1001 \n1409 \n1743 \n313 \n506 \n923 \n1302 \n1613 \n44 \n330 \n533 \n968 \n1363 \n1684 \n303 \n490 \n894 \n1260 \n1561 \n",
  "blocks": [
    {
      "bbox": [
        64.58399963378906,
        81.5489501953125,
        535.8399658203125,
        145.664306640625
      ],
      "max_font_size": 10.5600004196167,
      "text": "保障方案 保障方案二 性别 男性 女性 交费期间 年龄 3 年交 5 年交 10 年交 15 年交 20 年交 3 年交 5 年交 10 年交 15 年交 20 年交",
      "is_heading": false
    },
    {
      "bbox": [
        94.46399688720703,
        149.14431762695312,
        529.47998046875,
        751.7403564453125
      ],
      "max_font_size": 9.960000038146973,
      "text": "0 1251 2026 3718 5268 6570 1140 1848 3391 4804 5992 1 1214 1967 3610 5114 6377 1107 1794 3292 4664 5817 2 1179 1910 3504 4964 6190 1075 1742 3196 4527 5646 3 1144 1854 3402 4818 6008 1043 1691 3102 4395 5481 4 1111 1800 3302 4677 5831 1013 1641 3012 4266 5321 5 1078 1747 3205 4539 5660 983 1593 2924 4141 5165 6 1047 1696 3111 4406 5494 955 1547 2838 4020 5014 7 1016 1646 3020 4277 5332 927 1501 2755 3902 4866 8 986 1598 2931 4151 5175 900 1458 2674 3788 4723 9 957 1551 2845 4029 5023 873 1415 2596 3677 4585 10 929 1505 2761 3910 4875 848 1373 2520 3569 4450 11 902 1461 2680 3795 4731 823 1333 2446 3464 4319 12 875 1418 2601 3683 4591 799 1294 2374 3362 4192 13 850 1377 2524 3575 4455 775 1256 2304 3263 4069 14 825 1336 2450 3469 4323 753 1219 2236 3167 3949 15 801 1297 2378 3366 4195 730 1184 2171 3074 3832 16 777 1259 2307 3266 4071 709 1149 2107 2984 3719 17 754 1222 2239 3170 3950 688 1115 2045 2895 3609 18 732 1185 2173 3076 3832 668 1082 1985 2810 3502 19 710 1150 2108 2984 3717 648 1050 1926 2727 3398 20 689 1116 2046 2895 3606 629 1019 1869 2646 3298 21 669 1083 1985 2809 3499 611 989 1814 2568 3200 22 649 1051 1926 2725 3394 593 960 1760 2492 3104 23 630 1020 1868 2644 3292 575 932 1708 2418 3012 24 611 990 1813 2565 3193 558 904 1657 2346 2922 25 593 960 1758 2488 3096 542 878 1608 2276 2835 26 575 932 1706 2413 3003 526 852 1560 2208 2750 27 558 904 1655 2340 2912 510 826 1514 2142 2667 28 541 877 1605 2269 2823 495 802 1469 2078 2587 29 525 851 1556 2201 2737 480 778 1425 2016 2509 30 510 825 1509 2134 2653 466 755 1382 1955 2433 31 494 800 1463 2068 2572 452 732 1341 1896 2359 32 479 776 1419 2005 2493 439 710 1300 1839 2288 33 465 753 1376 1944 2415 426 689 1261 1783 2218 34 451 730 1333 1884 2340 413 668 1223 1729 2150 35 437 708 1292 1825 2267 400 648 1186 1676 2084 36 424 686 1253 1768 2195 388 629 1150 1625 2020 37 411 665 1214 1713 2126 377 610 1115 1575 1957 38 398 645 1176 1659 2058 365 591 1081 1526 1896 39 386 625 1139 1607 1992 354 573 1047 1479 1836 40 374 605 1103 1555 1927 343 556 1015 1433 1778 41 363 586 1068 1506 1864 333 539 984 1388 1722 42 351 568 1034 1457 1803 323 522 953 1344 1667 43 340 550 1001 1409 1743 313 506 923 1302 1613 44 330 533 968 1363 1684 303 490 894 1260 1561",
      "is_heading": false
    }
  ]
}