{
  "page_no": 13,
  "width": 595.3200073242188,
  "height": 842.0399780273438,
  "text": " \n保障方案 \n保障方案一 \n性别 \n男性 \n女性 \n交费期间 \n年龄 \n3 年交 5 年交 10 年交 15 年交 20 年交 3 年交 5 年交 10 年交 15 年交 20 年交 \n36 \n492 \n797 \n1462 \n2072 \n2586 \n495 \n803 \n1473 \n2087 \n2605 \n37 \n478 \n774 \n1420 \n2012 \n2511 \n481 \n779 \n1430 \n2027 \n2529 \n38 \n464 \n751 \n1378 \n1954 \n2438 \n467 \n757 \n1388 \n1968 \n2455 \n39 \n450 \n729 \n1338 \n1897 \n2367 \n453 \n735 \n1348 \n1910 \n2384 \n40 \n437 \n708 \n1299 \n1841 \n2298 \n440 \n713 \n1309 \n1855 \n2314 \n41 \n424 \n688 \n1261 \n1788 \n2231 \n427 \n692 \n1271 \n1801 \n2247 \n42 \n412 \n668 \n1225 \n1736 \n2166 \n415 \n672 \n1234 \n1748 \n2182 \n43 \n400 \n648 \n1189 \n1685 \n2103 \n403 \n653 \n1198 \n1697 \n2118 \n44 \n388 \n629 \n1154 \n1636 \n2042 \n391 \n634 \n1163 \n1648 \n2057 \n45 \n377 \n611 \n1121 \n1589 \n1983 \n380 \n615 \n1129 \n1600 \n1997 \n46 \n366 \n593 \n1088 \n1542 \n1925 \n369 \n597 \n1096 \n1553 \n1939 \n47 \n355 \n576 \n1056 \n1497 \n1869 \n358 \n580 \n1064 \n1508 \n1882 \n48 \n345 \n559 \n1025 \n1454 \n1815 \n348 \n563 \n1033 \n1464 \n1828 \n49 \n335 \n543 \n996 \n1412 \n1763 \n337 \n547 \n1003 \n1422 \n1775 \n50 \n325 \n527 \n967 \n1370 \n1712 \n328 \n531 \n974 \n1380 \n1723 \n51 \n316 \n512 \n938 \n1331 \n1662 \n318 \n515 \n945 \n1340 \n1673 \n52 \n307 \n497 \n911 \n1292 \n1614 \n309 \n500 \n918 \n1301 \n1624 \n53 \n298 \n483 \n884 \n1254 \n1567 \n300 \n486 \n891 \n1263 \n1577 \n54 \n289 \n469 \n859 \n1218 \n1522 \n291 \n472 \n865 \n1226 \n1532 \n55 \n281 \n455 \n833 \n1182 \n1478 \n283 \n458 \n840 \n1191 \n1487 \n56 \n273 \n442 \n809 \n1148 \n \n275 \n445 \n815 \n1156 \n \n57 \n265 \n429 \n785 \n1114 \n \n267 \n432 \n791 \n1122 \n \n58 \n257 \n416 \n762 \n1082 \n \n259 \n419 \n768 \n1090 \n \n59 \n250 \n404 \n740 \n1050 \n \n251 \n407 \n746 \n1058 \n \n60 \n242 \n393 \n718 \n1020 \n \n244 \n395 \n724 \n1027 \n \n61 \n235 \n381 \n697 \n \n \n237 \n384 \n703 \n \n \n62 \n229 \n370 \n676 \n \n \n230 \n373 \n682 \n \n \n63 \n222 \n359 \n657 \n \n \n223 \n362 \n662 \n \n \n64 \n216 \n349 \n637 \n \n \n217 \n351 \n643 \n \n \n65 \n209 \n339 \n618 \n \n \n211 \n341 \n624 \n \n \n66 \n203 \n329 \n \n \n \n204 \n331 \n \n \n \n67 \n197 \n319 \n \n \n \n198 \n321 \n \n \n \n68 \n191 \n309 \n \n \n \n192 \n311 \n \n \n \n69 \n185 \n300 \n \n \n \n187 \n302 \n \n \n \n70 \n180 \n291 \n \n \n \n181 \n293 \n \n \n \n注：月交保险费=年交保险费*0.085。 \n \n保障方案 \n保障方案二 \n性别 \n男性 \n女性 \n交费期间 \n年龄 \n3 年交 5 年交 10 年交 15 年交 20 年交 3 年交 5 年交 10 年交 15 年交 20 年交 \n0 \n2424 \n3927 \n7206 \n10209 \n12732 \n2167 \n3511 \n6443 \n9128 \n11385 \n1 \n2353 \n3813 \n6995 \n9910 \n12359 \n2103 \n3408 \n6255 \n8861 \n11053 \n2 \n2284 \n3701 \n6791 \n9620 \n11998 \n2042 \n3309 \n6072 \n8603 \n10730 \n3 \n2217 \n3593 \n6592 \n9339 \n11647 \n1982 \n3212 \n5895 \n8351 \n10416 \n4 \n2152 \n3488 \n6399 \n9065 \n11305 \n1924 \n3118 \n5722 \n8107 \n10112 \n",
  "blocks": [
    {
      "bbox": [
        64.58399963378906,
        75.70430755615234,
        535.8399658203125,
        125.62432861328125
      ],
      "max_font_size": 9.960000038146973,
      "text": "保障方案 保障方案一 性别 男性 女性 交费期间 年龄 3 年交 5 年交 10 年交 15 年交 20 年交 3 年交 5 年交 10 年交 15 年交 20 年交",
      "is_heading": false
    },
    {
      "bbox": [
        94.46399688720703,
        129.10433959960938,
        529.47998046875,
        597.0343627929688
      ],
      "max_font_size": 9.960000038146973,
      "text": "36 492 797 1462 2072 2586 495 803 1473 2087 2605 37 478 774 1420 2012 2511 481 779 1430 2027 2529 38 464 751 1378 1954 2438 467 757 1388 1968 2455 39 450 729 1338 1897 2367 453 735 1348 1910 2384 40 437 708 1299 1841 2298 440 713 1309 1855 2314 41 424 688 1261 1788 2231 427 692 1271 1801 2247 42 412 668 1225 1736 2166 415 672 1234 1748 2182 43 400 648 1189 1685 2103 403 653 1198 1697 2118 44 388 629 1154 1636 2042 391 634 1163 1648 2057 45 377 611 1121 1589 1983 380 615 1129 1600 1997 46 366 593 1088 1542 1925 369 597 1096 1553 1939 47 355 576 1056 1497 1869 358 580 1064 1508 1882 48 345 559 1025 1454 1815 348 563 1033 1464 1828 49 335 543 996 1412 1763 337 547 1003 1422 1775 50 325 527 967 1370 1712 328 531 974 1380 1723 51 316 512 938 1331 1662 318 515 945 1340 1673 52 307 497 911 1292 1614 309 500 918 1301 1624 53 298 483 884 1254 1567 300 486 891 1263 1577 54 289 469 859 1218 1522 291 472 865 1226 1532 55 281 455 833 1182 1478 283 458 840 1191 1487 56 273 442 809 1148  275 445 815 1156  57 265 429 785 1114  267 432 791 1122  58 257 416 762 1082  259 419 768 1090  59 250 404 740 1050  251 407 746 1058  60 242 393 718 1020  244 395 724 1027  61 235 381 697   237 384 703   62 229 370 676   230 373 682   63 222 359 657   223 362 662   64 216 349 637   217 351 643   65 209 339 618   211 341 624   66 203 329    204 331    67 197 319    198 321    68 191 309    192 311    69 185 300    187 302    70 180 291    181 293",
      "is_heading": false
    },
    {
      "bbox": [
        79.46399688720703,
        606.9589233398438,
        258.0500183105469,
        617.5189208984375
      ],
      "max_font_size": 10.5600004196167,
      "text": "注：月交保险费=年交保险费*0.085。",
      "is_heading": false
    },
    {
      "bbox": [
        64.58399963378906,
        626.908935546875,
        535.8399658203125,
        687.5443725585938
      ],
      "max_font_size": 10.5600004196167,
      "text": "保障方案 保障方案二 性别 男性 女性 交费期间 年龄 3 年交 5 年交 10 年交 15 年交 20 年交 3 年交 5 年交 10 年交 15 年交 20 年交",
      "is_heading": false
    },
    {
      "bbox": [
        96.98400115966797,
        690.184326171875,
        532.0,
        750.0603637695312
      ],
      "max_font_size": 9.960000038146973,
      "text": "0 2424 3927 7206 10209 12732 2167 3511 6443 9128 11385 1 2353 3813 6995 9910 12359 2103 3408 6255 8861 11053 2 2284 3701 6791 9620 11998 2042 3309 6072 8603 10730 3 2217 3593 6592 9339 11647 1982 3212 5895 8351 10416 4 2152 3488 6399 9065 11305 1924 3118 5722 8107 10112",
      "is_heading": false
    }
  ]
}