{
  "page_no": 6,
  "width": 595.3200073242188,
  "height": 842.0399780273438,
  "text": " \n保障方案 \n保障方案二 \n性别 \n男性 \n女性 \n交费期间 \n年龄 \n3 年交 5 年交 10 年交 15 年交 20 年交 3 年交 5 年交 10 年交 15 年交 20 年交 \n37 \n308 \n498 \n908 \n1281 \n1589 \n285 \n462 \n844 \n1193 \n1482 \n38 \n298 \n482 \n879 \n1241 \n1538 \n277 \n448 \n818 \n1156 \n1436 \n39 \n289 \n467 \n852 \n1201 \n1488 \n268 \n434 \n793 \n1120 \n1390 \n40 \n280 \n453 \n825 \n1163 \n1440 \n260 \n421 \n769 \n1085 \n1346 \n41 \n271 \n439 \n799 \n1125 \n \n252 \n408 \n745 \n1051 \n \n42 \n263 \n425 \n773 \n1088 \n \n244 \n396 \n722 \n1018 \n \n43 \n255 \n411 \n748 \n1052 \n \n237 \n383 \n699 \n985 \n \n44 \n246 \n398 \n723 \n1017 \n \n230 \n371 \n677 \n954 \n \n45 \n239 \n386 \n700 \n983 \n \n222 \n360 \n655 \n923 \n \n46 \n231 \n373 \n676 \n \n \n216 \n348 \n634 \n \n \n47 \n223 \n361 \n653 \n \n \n209 \n337 \n613 \n \n \n48 \n216 \n349 \n631 \n \n \n202 \n327 \n593 \n \n \n49 \n209 \n337 \n609 \n \n \n196 \n316 \n574 \n \n \n50 \n202 \n326 \n587 \n \n \n189 \n306 \n554 \n \n \n注：月交保险费=年交保险费*0.085。 \n \n养老保险金开始领取年龄：65 周岁 \n单位：人民币元 \n保障方案 \n保障方案一 \n性别 \n男性 \n女性 \n交费期间 \n年龄 \n3 年交 5 年交 10 年交 15 年交 20 年交 3 年交 5 年交 10 年交 15 年交 20 年交 \n0 \n1023 \n1658 \n3044 \n4314 \n5382 \n997 \n1615 \n2965 \n4202 \n5242 \n1 \n994 \n1610 \n2956 \n4188 \n5225 \n968 \n1568 \n2879 \n4080 \n5090 \n2 \n965 \n1563 \n2870 \n4066 \n5073 \n940 \n1523 \n2795 \n3961 \n4942 \n3 \n937 \n1518 \n2786 \n3948 \n4926 \n912 \n1478 \n2714 \n3846 \n4798 \n4 \n909 \n1474 \n2705 \n3833 \n4782 \n886 \n1435 \n2635 \n3734 \n4658 \n5 \n883 \n1431 \n2626 \n3721 \n4643 \n860 \n1394 \n2558 \n3625 \n4522 \n6 \n857 \n1389 \n2550 \n3613 \n4508 \n835 \n1353 \n2484 \n3519 \n4391 \n7 \n832 \n1349 \n2475 \n3508 \n4377 \n811 \n1314 \n2411 \n3417 \n4263 \n8 \n808 \n1309 \n2403 \n3406 \n4249 \n787 \n1275 \n2341 \n3317 \n4139 \n9 \n784 \n1271 \n2333 \n3307 \n4125 \n764 \n1238 \n2273 \n3221 \n4018 \n10 \n762 \n1234 \n2265 \n3210 \n4005 \n742 \n1202 \n2207 \n3127 \n3901 \n11 \n739 \n1198 \n2199 \n3117 \n3889 \n720 \n1167 \n2142 \n3036 \n3787 \n12 \n718 \n1163 \n2135 \n3026 \n3775 \n699 \n1133 \n2080 \n2947 \n3677 \n13 \n697 \n1130 \n2073 \n2938 \n3665 \n679 \n1100 \n2019 \n2862 \n3570 \n14 \n677 \n1097 \n2013 \n2852 \n3559 \n659 \n1068 \n1961 \n2778 \n3466 \n15 \n657 \n1065 \n1954 \n2769 \n3455 \n640 \n1037 \n1903 \n2697 \n3365 \n16 \n638 \n1034 \n1897 \n2689 \n3354 \n621 \n1007 \n1848 \n2619 \n3267 \n17 \n619 \n1004 \n1842 \n2610 \n3257 \n603 \n977 \n1794 \n2542 \n3172 \n18 \n601 \n974 \n1788 \n2534 \n3162 \n586 \n949 \n1742 \n2468 \n3080 \n19 \n584 \n946 \n1736 \n2460 \n3070 \n569 \n921 \n1691 \n2397 \n2990 \n20 \n567 \n918 \n1686 \n2389 \n2980 \n552 \n895 \n1642 \n2327 \n2903 \n21 \n550 \n892 \n1637 \n2319 \n2894 \n536 \n868 \n1594 \n2259 \n2818 \n22 \n534 \n866 \n1589 \n2252 \n2809 \n520 \n843 \n1548 \n2193 \n2736 \n",
  "blocks": [
    {
      "bbox": [
        64.58399963378906,
        75.70430755615234,
        535.8399658203125,
        125.62432861328125
      ],
      "max_font_size": 9.960000038146973,
      "text": "保障方案 保障方案二 性别 男性 女性 交费期间 年龄 3 年交 5 年交 10 年交 15 年交 20 年交 3 年交 5 年交 10 年交 15 年交 20 年交",
      "is_heading": false
    },
    {
      "bbox": [
        94.46399688720703,
        129.10433959960938,
        529.47998046875,
        314.17431640625
      ],
      "max_font_size": 9.960000038146973,
      "text": "37 308 498 908 1281 1589 285 462 844 1193 1482 38 298 482 879 1241 1538 277 448 818 1156 1436 39 289 467 852 1201 1488 268 434 793 1120 1390 40 280 453 825 1163 1440 260 421 769 1085 1346 41 271 439 799 1125  252 408 745 1051  42 263 425 773 1088  244 396 722 1018  43 255 411 748 1052  237 383 699 985  44 246 398 723 1017  230 371 677 954  45 239 386 700 983  222 360 655 923  46 231 373 676   216 348 634   47 223 361 653   209 337 613   48 216 349 631   202 327 593   49 209 337 609   196 316 574   50 202 326 587   189 306 554",
      "is_heading": false
    },
    {
      "bbox": [
        79.46399688720703,
        323.97894287109375,
        258.0500183105469,
        334.5389404296875
      ],
      "max_font_size": 10.5600004196167,
      "text": "注：月交保险费=年交保险费*0.085。",
      "is_heading": false
    },
    {
      "bbox": [
        217.3699951171875,
        364.0589294433594,
        383.4700012207031,
        374.6189270019531
      ],
      "max_font_size": 10.5600004196167,
      "text": "养老保险金开始领取年龄：65 周岁",
      "is_heading": false
    },
    {
      "bbox": [
        64.58399963378906,
        383.97894287109375,
        535.8399658203125,
        448.1143493652344
      ],
      "max_font_size": 10.5600004196167,
      "text": "单位：人民币元 保障方案 保障方案一 性别 男性 女性 交费期间 年龄 3 年交 5 年交 10 年交 15 年交 20 年交 3 年交 5 年交 10 年交 15 年交 20 年交",
      "is_heading": false
    },
    {
      "bbox": [
        94.46399688720703,
        451.5943298339844,
        529.47998046875,
        757.8603515625
      ],
      "max_font_size": 9.960000038146973,
      "text": "0 1023 1658 3044 4314 5382 997 1615 2965 4202 5242 1 994 1610 2956 4188 5225 968 1568 2879 4080 5090 2 965 1563 2870 4066 5073 940 1523 2795 3961 4942 3 937 1518 2786 3948 4926 912 1478 2714 3846 4798 4 909 1474 2705 3833 4782 886 1435 2635 3734 4658 5 883 1431 2626 3721 4643 860 1394 2558 3625 4522 6 857 1389 2550 3613 4508 835 1353 2484 3519 4391 7 832 1349 2475 3508 4377 811 1314 2411 3417 4263 8 808 1309 2403 3406 4249 787 1275 2341 3317 4139 9 784 1271 2333 3307 4125 764 1238 2273 3221 4018 10 762 1234 2265 3210 4005 742 1202 2207 3127 3901 11 739 1198 2199 3117 3889 720 1167 2142 3036 3787 12 718 1163 2135 3026 3775 699 1133 2080 2947 3677 13 697 1130 2073 2938 3665 679 1100 2019 2862 3570 14 677 1097 2013 2852 3559 659 1068 1961 2778 3466 15 657 1065 1954 2769 3455 640 1037 1903 2697 3365 16 638 1034 1897 2689 3354 621 1007 1848 2619 3267 17 619 1004 1842 2610 3257 603 977 1794 2542 3172 18 601 974 1788 2534 3162 586 949 1742 2468 3080 19 584 946 1736 2460 3070 569 921 1691 2397 2990 20 567 918 1686 2389 2980 552 895 1642 2327 2903 21 550 892 1637 2319 2894 536 868 1594 2259 2818 22 534 866 1589 2252 2809 520 843 1548 2193 2736",
      "is_heading": false
    }
  ]
}