{
  "page_no": 9,
  "width": 595.3200073242188,
  "height": 842.0399780273438,
  "text": " \n保障方案 \n保障方案二 \n性别 \n男性 \n女性 \n交费期间 \n年龄 \n3 年交 5 年交 10 年交 15 年交 20 年交 3 年交 5 年交 10 年交 15 年交 20 年交 \n45 \n319 \n516 \n937 \n1318 \n1627 \n294 \n475 \n865 \n1219 \n1509 \n46 \n309 \n499 \n906 \n \n \n285 \n460 \n838 \n \n \n47 \n299 \n483 \n876 \n \n \n276 \n446 \n811 \n \n \n48 \n289 \n467 \n846 \n \n \n267 \n432 \n784 \n \n \n49 \n280 \n452 \n817 \n \n \n259 \n418 \n759 \n \n \n50 \n271 \n437 \n789 \n \n \n250 \n404 \n733 \n \n \n注：月交保险费=年交保险费*0.085。 \n \n养老保险金开始领取年龄：70 周岁 \n单位：人民币元 \n保障方案 \n保障方案一 \n性别 \n男性 \n女性 \n交费期间 \n年龄 \n3 年交 5 年交 10 年交 15 年交 20 年交 3 年交 5 年交 10 年交 15 年交 20 年交 \n0 \n1225 \n1986 \n3645 \n5165 \n6444 \n1214 \n1968 \n3612 \n5118 \n6386 \n1 \n1190 \n1928 \n3539 \n5015 \n6257 \n1179 \n1910 \n3507 \n4969 \n6200 \n2 \n1155 \n1872 \n3436 \n4869 \n6075 \n1145 \n1855 \n3405 \n4825 \n6019 \n3 \n1121 \n1817 \n3336 \n4727 \n5898 \n1111 \n1801 \n3306 \n4684 \n5844 \n4 \n1089 \n1764 \n3239 \n4590 \n5726 \n1079 \n1748 \n3209 \n4548 \n5674 \n5 \n1057 \n1713 \n3145 \n4456 \n5559 \n1047 \n1698 \n3116 \n4416 \n5509 \n6 \n1026 \n1663 \n3053 \n4326 \n5397 \n1017 \n1648 \n3025 \n4287 \n5348 \n7 \n996 \n1615 \n2964 \n4200 \n5240 \n987 \n1600 \n2937 \n4162 \n5193 \n8 \n967 \n1568 \n2878 \n4078 \n5088 \n959 \n1554 \n2852 \n4041 \n5041 \n9 \n939 \n1522 \n2794 \n3959 \n4940 \n931 \n1508 \n2769 \n3923 \n4895 \n10 \n912 \n1478 \n2713 \n3844 \n4796 \n904 \n1464 \n2688 \n3809 \n4752 \n11 \n885 \n1435 \n2634 \n3732 \n4656 \n877 \n1422 \n2610 \n3698 \n4614 \n12 \n860 \n1393 \n2557 \n3623 \n4520 \n852 \n1380 \n2534 \n3590 \n4479 \n13 \n835 \n1352 \n2482 \n3518 \n4389 \n827 \n1340 \n2460 \n3486 \n4349 \n14 \n810 \n1313 \n2410 \n3415 \n4261 \n803 \n1301 \n2388 \n3384 \n4222 \n15 \n787 \n1275 \n2340 \n3316 \n4137 \n779 \n1263 \n2319 \n3286 \n4099 \n16 \n764 \n1238 \n2272 \n3219 \n4016 \n757 \n1226 \n2251 \n3190 \n3980 \n17 \n742 \n1202 \n2205 \n3125 \n3899 \n735 \n1191 \n2186 \n3097 \n3864 \n18 \n720 \n1167 \n2141 \n3034 \n3786 \n713 \n1156 \n2122 \n3007 \n3751 \n19 \n699 \n1133 \n2079 \n2946 \n3676 \n693 \n1122 \n2060 \n2919 \n3642 \n20 \n679 \n1100 \n2018 \n2860 \n3569 \n672 \n1090 \n2000 \n2834 \n3536 \n21 \n659 \n1068 \n1960 \n2777 \n3465 \n653 \n1058 \n1942 \n2752 \n3433 \n22 \n640 \n1037 \n1902 \n2696 \n3364 \n634 \n1027 \n1885 \n2672 \n3333 \n23 \n621 \n1006 \n1847 \n2618 \n3266 \n615 \n997 \n1830 \n2594 \n3236 \n24 \n603 \n977 \n1793 \n2541 \n3171 \n597 \n968 \n1777 \n2518 \n3142 \n25 \n585 \n949 \n1741 \n2467 \n3078 \n580 \n940 \n1725 \n2445 \n3050 \n26 \n568 \n921 \n1690 \n2395 \n2989 \n563 \n913 \n1675 \n2374 \n2961 \n27 \n552 \n894 \n1641 \n2326 \n2902 \n547 \n886 \n1626 \n2305 \n2875 \n28 \n536 \n868 \n1593 \n2258 \n2817 \n531 \n860 \n1579 \n2237 \n2792 \n29 \n520 \n843 \n1547 \n2192 \n2735 \n515 \n835 \n1533 \n2172 \n2710 \n30 \n505 \n818 \n1502 \n2128 \n2656 \n500 \n811 \n1488 \n2109 \n2631 \n",
  "blocks": [
    {
      "bbox": [
        64.58399963378906,
        75.70430755615234,
        535.8399658203125,
        125.62432861328125
      ],
      "max_font_size": 9.960000038146973,
      "text": "保障方案 保障方案二 性别 男性 女性 交费期间 年龄 3 年交 5 年交 10 年交 15 年交 20 年交 3 年交 5 年交 10 年交 15 年交 20 年交",
      "is_heading": false
    },
    {
      "bbox": [
        94.46399688720703,
        129.10433959960938,
        529.47998046875,
        206.38433837890625
      ],
      "max_font_size": 9.960000038146973,
      "text": "45 319 516 937 1318 1627 294 475 865 1219 1509 46 309 499 906   285 460 838   47 299 483 876   276 446 811   48 289 467 846   267 432 784   49 280 452 817   259 418 759   50 271 437 789   250 404 733",
      "is_heading": false
    },
    {
      "bbox": [
        79.46399688720703,
        216.3089599609375,
        258.0500183105469,
        226.86895751953125
      ],
      "max_font_size": 10.5600004196167,
      "text": "注：月交保险费=年交保险费*0.085。",
      "is_heading": false
    },
    {
      "bbox": [
        217.3699951171875,
        256.2989501953125,
        383.4700012207031,
        266.85894775390625
      ],
      "max_font_size": 10.5600004196167,
      "text": "养老保险金开始领取年龄：70 周岁",
      "is_heading": false
    },
    {
      "bbox": [
        64.58399963378906,
        276.33892822265625,
        535.8399658203125,
        340.3343505859375
      ],
      "max_font_size": 10.5600004196167,
      "text": "单位：人民币元 保障方案 保障方案一 性别 男性 女性 交费期间 年龄 3 年交 5 年交 10 年交 15 年交 20 年交 3 年交 5 年交 10 年交 15 年交 20 年交",
      "is_heading": false
    },
    {
      "bbox": [
        94.46399688720703,
        343.8143310546875,
        529.47998046875,
        757.8603515625
      ],
      "max_font_size": 9.960000038146973,
      "text": "0 1225 1986 3645 5165 6444 1214 1968 3612 5118 6386 1 1190 1928 3539 5015 6257 1179 1910 3507 4969 6200 2 1155 1872 3436 4869 6075 1145 1855 3405 4825 6019 3 1121 1817 3336 4727 5898 1111 1801 3306 4684 5844 4 1089 1764 3239 4590 5726 1079 1748 3209 4548 5674 5 1057 1713 3145 4456 5559 1047 1698 3116 4416 5509 6 1026 1663 3053 4326 5397 1017 1648 3025 4287 5348 7 996 1615 2964 4200 5240 987 1600 2937 4162 5193 8 967 1568 2878 4078 5088 959 1554 2852 4041 5041 9 939 1522 2794 3959 4940 931 1508 2769 3923 4895 10 912 1478 2713 3844 4796 904 1464 2688 3809 4752 11 885 1435 2634 3732 4656 877 1422 2610 3698 4614 12 860 1393 2557 3623 4520 852 1380 2534 3590 4479 13 835 1352 2482 3518 4389 827 1340 2460 3486 4349 14 810 1313 2410 3415 4261 803 1301 2388 3384 4222 15 787 1275 2340 3316 4137 779 1263 2319 3286 4099 16 764 1238 2272 3219 4016 757 1226 2251 3190 3980 17 742 1202 2205 3125 3899 735 1191 2186 3097 3864 18 720 1167 2141 3034 3786 713 1156 2122 3007 3751 19 699 1133 2079 2946 3676 693 1122 2060 2919 3642 20 679 1100 2018 2860 3569 672 1090 2000 2834 3536 21 659 1068 1960 2777 3465 653 1058 1942 2752 3433 22 640 1037 1902 2696 3364 634 1027 1885 2672 3333 23 621 1006 1847 2618 3266 615 997 1830 2594 3236 24 603 977 1793 2541 3171 597 968 1777 2518 3142 25 585 949 1741 2467 3078 580 940 1725 2445 3050 26 568 921 1690 2395 2989 563 913 1675 2374 2961 27 552 894 1641 2326 2902 547 886 1626 2305 2875 28 536 868 1593 2258 2817 531 860 1579 2237 2792 29 520 843 1547 2192 2735 515 835 1533 2172 2710 30 505 818 1502 2128 2656 500 811 1488 2109 2631",
      "is_heading": false
    }
  ]
}