{
  "page_no": 2,
  "width": 595.3200073242188,
  "height": 841.9199829101562,
  "text": "35 \n935 \n939 \n2667 \n2680 \n4406 \n4426 \n8446 \n8485 \n15379 \n15452 \n36 \n935 \n939 \n2666 \n2680 \n4404 \n4425 \n8442 \n8483 \n15370 \n15448 \n37 \n934 \n938 \n2665 \n2679 \n4402 \n4424 \n8437 \n8481 \n15360 \n15443 \n38 \n934 \n938 \n2664 \n2678 \n4400 \n4423 \n8432 \n8479 \n15353 \n15439 \n39 \n934 \n938 \n2662 \n2678 \n4397 \n4422 \n8426 \n8476 \n15347 \n15436 \n40 \n933 \n938 \n2661 \n2677 \n4394 \n4420 \n8419 \n8472 \n15343 \n15434 \n41 \n933 \n938 \n2658 \n2676 \n4390 \n4419 \n8412 \n8469 \n15342 \n15433 \n42 \n932 \n937 \n2656 \n2675 \n4386 \n4417 \n8405 \n8466 \n15344 \n15434 \n43 \n931 \n937 \n2653 \n2673 \n4382 \n4415 \n8400 \n8463 \n15347 \n15435 \n44 \n930 \n937 \n2651 \n2672 \n4378 \n4413 \n8396 \n8461 \n15350 \n15437 \n45 \n930 \n936 \n2649 \n2671 \n4375 \n4411 \n8394 \n8459 \n15353 \n15438 \n46 \n929 \n936 \n2647 \n2670 \n4373 \n4410 \n8392 \n8458 \n15356 \n15439 \n47 \n928 \n935 \n2646 \n2670 \n4372 \n4409 \n8392 \n8458 \n15358 \n15440 \n48 \n928 \n935 \n2645 \n2669 \n4371 \n4409 \n8392 \n8458 \n15360 \n15441 \n49 \n927 \n935 \n2644 \n2669 \n4370 \n4408 \n8392 \n8458 \n15362 \n15442 \n50 \n927 \n935 \n2644 \n2668 \n4370 \n4408 \n8393 \n8458 \n15363 \n15442 \n51 \n927 \n935 \n2643 \n2668 \n4369 \n4408 \n8394 \n8458 \n15364 \n15442 \n52 \n927 \n935 \n2643 \n2668 \n4369 \n4407 \n8396 \n8459 \n15364 \n15441 \n53 \n927 \n935 \n2642 \n2668 \n4369 \n4407 \n8396 \n8459 \n15363 \n15440 \n54 \n927 \n935 \n2642 \n2667 \n4369 \n4407 \n8397 \n8458 \n15360 \n15438 \n55 \n927 \n935 \n2642 \n2667 \n4369 \n4407 \n8396 \n8456 \n15357 \n15434 \n56 \n927 \n935 \n2642 \n2667 \n4370 \n4406 \n8393 \n8454 \n \n \n57 \n927 \n935 \n2642 \n2666 \n4371 \n4406 \n8390 \n8451 \n \n \n58 \n928 \n935 \n2642 \n2666 \n4370 \n4405 \n8384 \n8446 \n \n \n59 \n928 \n935 \n2642 \n2665 \n4368 \n4403 \n8375 \n8440 \n \n \n60 \n928 \n935 \n2641 \n2664 \n4364 \n4400 \n8363 \n8431 \n \n \n61 \n929 \n935 \n2638 \n2662 \n4358 \n4396 \n8347 \n8421 \n \n \n62 \n927 \n934 \n2632 \n2658 \n4349 \n4390 \n8324 \n8407 \n \n \n63 \n926 \n933 \n2625 \n2654 \n4338 \n4383 \n8295 \n8391 \n \n \n64 \n924 \n932 \n2617 \n2649 \n4323 \n4374 \n8258 \n8371 \n \n \n65 \n922 \n931 \n2606 \n2642 \n4304 \n4364 \n8208 \n8346 \n \n \n66 \n920 \n929 \n2592 \n2635 \n4280 \n4352 \n \n \n \n \n67 \n916 \n927 \n2573 \n2626 \n4249 \n4336 \n \n \n \n \n68 \n912 \n925 \n2549 \n2614 \n4206 \n4316 \n \n \n \n \n69 \n906 \n922 \n2515 \n2600 \n4149 \n4291 \n \n \n \n \n70 \n899 \n918 \n2468 \n2581 \n4067 \n4261 \n \n \n \n \n71 \n889 \n914 \n \n \n \n \n \n \n \n \n72 \n875 \n908 \n \n \n \n \n \n \n \n \n73 \n856 \n901 \n \n \n \n \n \n \n \n \n74 \n826 \n892 \n \n \n \n \n \n \n \n \n75 \n765 \n880 \n \n \n \n \n \n \n \n \n注：月交保险费=年交保险费*0.09。 \n \n \n",
  "blocks": [
    {
      "bbox": [
        76.8239974975586,
        59.808963775634766,
        541.4200439453125,
        70.36896514892578
      ],
      "max_font_size": 10.5600004196167,
      "text": "35 935 939 2667 2680 4406 4426 8446 8485 15379 15452",
      "is_heading": false
    },
    {
      "bbox": [
        76.8239974975586,
        75.888916015625,
        541.4200439453125,
        86.44892120361328
      ],
      "max_font_size": 10.5600004196167,
      "text": "36 935 939 2666 2680 4404 4425 8442 8483 15370 15448",
      "is_heading": false
    },
    {
      "bbox": [
        76.8239974975586,
        91.98895263671875,
        541.4200439453125,
        102.54895782470703
      ],
      "max_font_size": 10.5600004196167,
      "text": "37 934 938 2665 2679 4402 4424 8437 8481 15360 15443",
      "is_heading": false
    },
    {
      "bbox": [
        76.8239974975586,
        108.06890869140625,
        541.4200439453125,
        118.62891387939453
      ],
      "max_font_size": 10.5600004196167,
      "text": "38 934 938 2664 2678 4400 4423 8432 8479 15353 15439",
      "is_heading": false
    },
    {
      "bbox": [
        76.8239974975586,
        124.14892578125,
        541.4200439453125,
        134.70892333984375
      ],
      "max_font_size": 10.5600004196167,
      "text": "39 934 938 2662 2678 4397 4422 8426 8476 15347 15436",
      "is_heading": false
    },
    {
      "bbox": [
        76.8239974975586,
        140.22894287109375,
        541.4200439453125,
        150.7889404296875
      ],
      "max_font_size": 10.5600004196167,
      "text": "40 933 938 2661 2677 4394 4420 8419 8472 15343 15434",
      "is_heading": false
    },
    {
      "bbox": [
        76.8239974975586,
        156.428955078125,
        541.4200439453125,
        166.98895263671875
      ],
      "max_font_size": 10.5600004196167,
      "text": "41 933 938 2658 2676 4390 4419 8412 8469 15342 15433",
      "is_heading": false
    },
    {
      "bbox": [
        76.8239974975586,
        172.5089111328125,
        541.4200439453125,
        183.06890869140625
      ],
      "max_font_size": 10.5600004196167,
      "text": "42 932 937 2656 2675 4386 4417 8405 8466 15344 15434",
      "is_heading": false
    },
    {
      "bbox": [
        76.8239974975586,
        188.58892822265625,
        541.4200439453125,
        199.14892578125
      ],
      "max_font_size": 10.5600004196167,
      "text": "43 931 937 2653 2673 4382 4415 8400 8463 15347 15435",
      "is_heading": false
    },
    {
      "bbox": [
        76.8239974975586,
        204.6689453125,
        541.4200439453125,
        215.22894287109375
      ],
      "max_font_size": 10.5600004196167,
      "text": "44 930 937 2651 2672 4378 4413 8396 8461 15350 15437",
      "is_heading": false
    },
    {
      "bbox": [
        76.8239974975586,
        220.74896240234375,
        541.4200439453125,
        231.3089599609375
      ],
      "max_font_size": 10.5600004196167,
      "text": "45 930 936 2649 2671 4375 4411 8394 8459 15353 15438",
      "is_heading": false
    },
    {
      "bbox": [
        76.8239974975586,
        236.82891845703125,
        541.4200439453125,
        247.388916015625
      ],
      "max_font_size": 10.5600004196167,
      "text": "46 929 936 2647 2670 4373 4410 8392 8458 15356 15439",
      "is_heading": false
    },
    {
      "bbox": [
        76.8239974975586,
        253.0289306640625,
        541.4200439453125,
        263.58892822265625
      ],
      "max_font_size": 10.5600004196167,
      "text": "47 928 935 2646 2670 4372 4409 8392 8458 15358 15440",
      "is_heading": false
    },
    {
      "bbox": [
        76.8239974975586,
        269.138916015625,
        541.4200439453125,
        279.69891357421875
      ],
      "max_font_size": 10.5600004196167,
      "text": "48 928 935 2645 2669 4371 4409 8392 8458 15360 15441",
      "is_heading": false
    },
    {
      "bbox": [
        76.8239974975586,
        285.21893310546875,
        541.4200439453125,
        295.7789306640625
      ],
      "max_font_size": 10.5600004196167,
      "text": "49 927 935 2644 2669 4370 4408 8392 8458 15362 15442",
      "is_heading": false
    },
    {
      "bbox": [
        76.8239974975586,
        301.2989501953125,
        541.4200439453125,
        311.85894775390625
      ],
      "max_font_size": 10.5600004196167,
      "text": "50 927 935 2644 2668 4370 4408 8393 8458 15363 15442",
      "is_heading": false
    },
    {
      "bbox": [
        76.8239974975586,
        317.37896728515625,
        541.4200439453125,
        327.93896484375
      ],
      "max_font_size": 10.5600004196167,
      "text": "51 927 935 2643 2668 4369 4408 8394 8458 15364 15442",
      "is_heading": false
    },
    {
      "bbox": [
        76.8239974975586,
        333.45892333984375,
        541.4200439453125,
        344.0189208984375
      ],
      "max_font_size": 10.5600004196167,
      "text": "52 927 935 2643 2668 4369 4407 8396 8459 15364 15441",