{
  "page_no": 1,
  "width": 595.3200073242188,
  "height": 841.9199829101562,
  "text": "利安人寿保险股份有限公司 \n利安鑫福宝终身寿险 \n基本保险金额表 \n(每1000 元趸交或年交保险费)            \n                                                             单位：人民币元 \n交费期间 \n趸交 \n3 年交 \n5 年交 \n10 年交 \n20 年交 \n性别 \n年龄 \n男 \n女 \n男 \n女 \n男 \n女 \n男 \n女 \n男 \n女 \n0 \n941 \n941 \n2688 \n2689 \n4438 \n4440 \n8509 \n8512 \n15494 \n15502 \n1 \n941 \n941 \n2688 \n2689 \n4438 \n4440 \n8508 \n8512 \n15492 \n15501 \n2 \n941 \n941 \n2688 \n2689 \n4438 \n4440 \n8507 \n8512 \n15489 \n15501 \n3 \n941 \n941 \n2688 \n2689 \n4437 \n4440 \n8506 \n8511 \n15487 \n15499 \n4 \n941 \n941 \n2687 \n2689 \n4437 \n4439 \n8505 \n8511 \n15484 \n15498 \n5 \n941 \n941 \n2687 \n2688 \n4436 \n4439 \n8504 \n8510 \n15481 \n15497 \n6 \n941 \n941 \n2687 \n2688 \n4436 \n4439 \n8503 \n8510 \n15478 \n15496 \n7 \n940 \n941 \n2686 \n2688 \n4435 \n4438 \n8501 \n8509 \n15475 \n15494 \n8 \n940 \n941 \n2686 \n2688 \n4434 \n4438 \n8499 \n8508 \n15472 \n15493 \n9 \n940 \n941 \n2685 \n2688 \n4433 \n4438 \n8497 \n8507 \n15468 \n15492 \n10 \n940 \n941 \n2685 \n2687 \n4432 \n4437 \n8495 \n8506 \n15464 \n15490 \n11 \n940 \n941 \n2684 \n2687 \n4431 \n4437 \n8492 \n8505 \n15461 \n15489 \n12 \n940 \n941 \n2683 \n2687 \n4430 \n4436 \n8490 \n8504 \n15457 \n15487 \n13 \n939 \n941 \n2682 \n2687 \n4428 \n4436 \n8488 \n8503 \n15454 \n15486 \n14 \n939 \n940 \n2681 \n2686 \n4427 \n4435 \n8485 \n8502 \n15451 \n15485 \n15 \n939 \n940 \n2680 \n2686 \n4426 \n4434 \n8483 \n8501 \n15448 \n15484 \n16 \n939 \n940 \n2679 \n2685 \n4424 \n4434 \n8481 \n8501 \n15446 \n15483 \n17 \n938 \n940 \n2678 \n2685 \n4423 \n4433 \n8479 \n8500 \n15445 \n15482 \n18 \n938 \n940 \n2678 \n2685 \n4422 \n4433 \n8477 \n8499 \n15444 \n15482 \n19 \n938 \n940 \n2677 \n2684 \n4421 \n4433 \n8476 \n8499 \n15443 \n15481 \n20 \n937 \n940 \n2677 \n2684 \n4420 \n4432 \n8475 \n8498 \n15441 \n15481 \n21 \n937 \n940 \n2676 \n2684 \n4420 \n4432 \n8474 \n8498 \n15440 \n15480 \n22 \n937 \n940 \n2676 \n2684 \n4419 \n4432 \n8473 \n8498 \n15438 \n15480 \n23 \n937 \n940 \n2676 \n2684 \n4418 \n4432 \n8472 \n8497 \n15437 \n15479 \n24 \n937 \n939 \n2675 \n2684 \n4418 \n4431 \n8471 \n8497 \n15435 \n15478 \n25 \n937 \n939 \n2675 \n2684 \n4417 \n4431 \n8469 \n8496 \n15432 \n15477 \n26 \n937 \n939 \n2674 \n2683 \n4416 \n4431 \n8468 \n8496 \n15429 \n15476 \n27 \n937 \n939 \n2674 \n2683 \n4416 \n4431 \n8466 \n8495 \n15426 \n15474 \n28 \n936 \n939 \n2673 \n2683 \n4415 \n4430 \n8465 \n8494 \n15422 \n15472 \n29 \n936 \n939 \n2673 \n2683 \n4414 \n4430 \n8463 \n8493 \n15418 \n15471 \n30 \n936 \n939 \n2672 \n2682 \n4413 \n4429 \n8461 \n8492 \n15413 \n15468 \n31 \n936 \n939 \n2671 \n2682 \n4411 \n4429 \n8459 \n8491 \n15408 \n15466 \n32 \n936 \n939 \n2670 \n2682 \n4410 \n4428 \n8456 \n8490 \n15402 \n15463 \n33 \n935 \n939 \n2669 \n2681 \n4409 \n4428 \n8453 \n8489 \n15395 \n15460 \n34 \n935 \n939 \n2668 \n2681 \n4407 \n4427 \n8450 \n8487 \n15388 \n15456 \n",
  "blocks": [
    {
      "bbox": [
        189.13999938964844,
        58.81796646118164,
        415.1499938964844,
        76.8179702758789
      ],
      "max_font_size": 18.0,
      "text": "利安人寿保险股份有限公司",
      "is_heading": false
    },
    {
      "bbox": [
        234.41000366210938,
        84.31964111328125,
        367.92999267578125,
        98.3596420288086
      ],
      "max_font_size": 14.039999961853027,
      "text": "利安鑫福宝终身寿险",
      "is_heading": false
    },
    {
      "bbox": [
        248.4499969482422,
        106.27960205078125,
        353.8899841308594,
        120.3196029663086
      ],
      "max_font_size": 14.039999961853027,
      "text": "基本保险金额表",
      "is_heading": false
    },
    {
      "bbox": [
        226.72999572753906,
        131.22894287109375,
        431.5899963378906,
        141.7889404296875
      ],
      "max_font_size": 10.5600004196167,
      "text": "(每1000 元趸交或年交保险费)",
      "is_heading": false
    },
    {
      "bbox": [
        89.90399932861328,
        153.3089599609375,
        488.9800109863281,
        163.86895751953125
      ],
      "max_font_size": 10.5600004196167,
      "text": "单位：人民币元",
      "is_heading": false
    },
    {
      "bbox": [
        61.08000183105469,
        169.74896240234375,
        523.300048828125,
        180.3089599609375
      ],
      "max_font_size": 10.5600004196167,
      "text": "交费期间 趸交 3 年交 5 年交 10 年交 20 年交",
      "is_heading": false
    },
    {
      "bbox": [
        56.040000915527344,
        185.82891845703125,
        533.5,
        211.98895263671875
      ],
      "max_font_size": 10.5600004196167,
      "text": "性别 年龄 男 女 男 女 男 女 男 女 男 女",
      "is_heading": false
    },
    {
      "bbox": [
        79.46399688720703,
        217.62896728515625,
        541.4200439453125,
        228.18896484375
      ],
      "max_font_size": 10.5600004196167,
      "text": "0 941 941 2688 2689 4438 4440 8509 8512 15494 15502",
      "is_heading": false
    },
    {
      "bbox": [
        79.46399688720703,
        233.70892333984375,
        541.4200439453125,
        244.2689208984375
      ],
      "max_font_size": 10.5600004196167,
      "text": "1 941 941 2688 2689 4438 4440 8508 8512 15492 15501",
      "is_heading": false
    },
    {
      "bbox": [
        79.46399688720703,
        249.7889404296875,
        541.4200439453125,
        260.34893798828125
      ],
      "max_font_size": 10.5600004196167,
      "text": "2 941 941 2688 2689 4438 4440 8507 8512 15489 15501",
      "is_heading": false
    },
    {
      "bbox": [
        79.46399688720703,
        265.86895751953125,
        541.4200439453125,
        276.428955078125
      ],
      "max_font_size": 10.5600004196167,
      "text": "3 941 941 2688 2689 4437 4440 8506 8511 15487 15499",
      "is_heading": false
    },
    {
      "bbox": [
        79.46399688720703,
        281.97894287109375,
        541.4200439453125,
        292.5389404296875
      ],
      "max_font_size": 10.5600004196167,
      "text": "4 941 941 2687 2689 4437 4439 8505 8511 15484 15498",
      "is_heading": false
    },
    {
      "bbox": [
        79.46399688720703,
        298.0589599609375,
        541.4200439453125,
        308.61895751953125
      ],
      "max_font_size": 10.5600004196167,
      "text": "5 941 941 2687 2688 4436 4439 8504 8510 15481 15497",
      "is_heading": false
    },
    {
      "bbox": [
        79.46399688720703,
        314.2589111328125,
        541.4200439453125,
        324.81890869140625
      ],
      "max_font_size": 10.5600004196167,
      "text": "6 941 941 2687 2688 4436 4439 8503 8510 15478 15496",
      "is_heading": false
    },
    {
      "bbox": [
        79.46399688720703,
        330.33892822265625,
        541.4200439453125,
        340.89892578125
      ],
      "max_font_size": 10.5600004196167,
      "text": "7 940 941 2686 2688 4435 4438 8501 8509 15475 15494",
      "is_heading": false
    },
    {
      "bbox": [
        79.46399688720703,
        346.4189453125,
        541.4200439453125,
        356.97894287109375
      ],
      "max_font_size": 10.5600004196167,
      "text": "8 940 941 2686 2688 4434 4438 8499 8508 15472 15493",
      "is_heading": false
    },
    {
      "bbox": [
        79.46399688720703,
        362.4989318847656,
        541.4200439453125,
        373.0589294433594
      ],
      "max_font_size": 10.5600004196167,
      "text": "9 940 941 2685 2688 4433 4438 8497 8507 15468 15492",
      "is_heading": false
    },
    {
      "bbox": [
        76.8239974975586,
        378.5789489746094,
        541.4200439453125,
        389.1389465332031
      ],
      "max_font_size": 10.5600004196167,
      "text": "10 940 941 2685 2687 4432 4437 8495 8506 15464 15490",
      "is_heading": false
    },
    {
      "bbox": [
        76.8239974975586,
        394.658935546875,
        541.4200439453125,
        405.21893310546875
      ],
      "max_font_size": 10.5600004196167,
      "text": "11 940 941 2684 2687 4431 4437 8492 8505 15461 15489",