{
  "page_no": 10,
  "width": 595.3200073242188,
  "height": 842.0399780273438,
  "text": " \n养老保险金开始领取年龄：70 周岁 \n单位：人民币元 \n保障方案 \n保障方案一 \n性别 \n男性 \n女性 \n交费期间 \n年龄 \n3 年交 \n5 年交 \n10 年交 \n15 年交 \n20 年交 \n3 年交 \n5 年交 \n10 年交 \n15 年交 \n20 年交 \n0 \n1584 \n2557 \n4800 \n6561 \n8132 \n1471 \n2375 \n4459 \n6095 \n7554 \n1 \n1538 \n2483 \n4661 \n6370 \n7895 \n1429 \n2306 \n4330 \n5917 \n7335 \n2 \n1493 \n2410 \n4525 \n6184 \n7665 \n1387 \n2239 \n4204 \n5745 \n7121 \n3 \n1449 \n2340 \n4393 \n6004 \n7442 \n1347 \n2174 \n4081 \n5578 \n6914 \n4 \n1407 \n2272 \n4265 \n5829 \n7225 \n1307 \n2111 \n3963 \n5416 \n6713 \n5 \n1366 \n2206 \n4141 \n5660 \n7015 \n1269 \n2049 \n3847 \n5258 \n6517 \n6 \n1327 \n2142 \n4020 \n5495 \n6811 \n1232 \n1990 \n3735 \n5105 \n6327 \n7 \n1288 \n2079 \n3903 \n5335 \n6612 \n1196 \n1932 \n3626 \n4956 \n6143 \n8 \n1250 \n2019 \n3790 \n5179 \n6420 \n1162 \n1875 \n3521 \n4812 \n5964 \n9 \n1214 \n1960 \n3679 \n5029 \n6233 \n1128 \n1821 \n3418 \n4672 \n5790 \n10 \n1179 \n1903 \n3572 \n4882 \n6051 \n1095 \n1768 \n3319 \n4536 \n5622 \n11 \n1144 \n1847 \n3468 \n4740 \n5875 \n1063 \n1716 \n3222 \n4404 \n5458 \n12 \n1111 \n1794 \n3367 \n4602 \n5704 \n1032 \n1666 \n3128 \n4275 \n5299 \n13 \n1079 \n1741 \n3269 \n4468 \n5538 \n1002 \n1618 \n3037 \n4151 \n5145 \n14 \n1047 \n1691 \n3174 \n4338 \n5376 \n973 \n1571 \n2949 \n4030 \n4995 \n15 \n1017 \n1641 \n3081 \n4211 \n5220 \n945 \n1525 \n2863 \n3912 \n4849 \n16 \n987 \n1594 \n2992 \n4089 \n5068 \n917 \n1480 \n2779 \n3798 \n4708 \n17 \n958 \n1547 \n2904 \n3969 \n4920 \n890 \n1437 \n2698 \n3688 \n4571 \n18 \n930 \n1502 \n2820 \n3854 \n4777 \n864 \n1395 \n2620 \n3580 \n4438 \n19 \n903 \n1458 \n2738 \n3742 \n4637 \n839 \n1355 \n2543 \n3476 \n4309 \n20 \n877 \n1416 \n2658 \n3633 \n4502 \n815 \n1315 \n2469 \n3375 \n4183 \n21 \n851 \n1375 \n2581 \n3527 \n4371 \n791 \n1277 \n2397 \n3277 \n4061 \n22 \n827 \n1335 \n2505 \n3424 \n4244 \n768 \n1240 \n2328 \n3181 \n3943 \n23 \n803 \n1296 \n2432 \n3324 \n4120 \n746 \n1204 \n2260 \n3088 \n3828 \n24 \n779 \n1258 \n2362 \n3227 \n4000 \n724 \n1169 \n2194 \n2999 \n3717 \n25 \n757 \n1221 \n2293 \n3133 \n3884 \n703 \n1135 \n2130 \n2911 \n3608 \n26 \n735 \n1186 \n2226 \n3042 \n3771 \n682 \n1102 \n2068 \n2826 \n3503 \n27 \n713 \n1151 \n2161 \n2954 \n3661 \n662 \n1070 \n2008 \n2744 \n3401 \n28 \n692 \n1118 \n2098 \n2868 \n3554 \n643 \n1038 \n1949 \n2664 \n3302 \n29 \n672 \n1085 \n2037 \n2784 \n3451 \n624 \n1008 \n1893 \n2587 \n3206 \n30 \n653 \n1054 \n1978 \n2703 \n3350 \n606 \n979 \n1837 \n2511 \n3113 \n31 \n634 \n1023 \n1920 \n2624 \n3253 \n589 \n950 \n1784 \n2438 \n3022 \n32 \n615 \n993 \n1864 \n2548 \n3158 \n571 \n923 \n1732 \n2367 \n2934 \n33 \n597 \n964 \n1810 \n2474 \n3066 \n555 \n896 \n1682 \n2298 \n2848 \n34 \n580 \n936 \n1757 \n2402 \n2977 \n539 \n870 \n1633 \n2231 \n2766 \n35 \n563 \n909 \n1706 \n2332 \n2890 \n523 \n844 \n1585 \n2166 \n2685 \n36 \n547 \n882 \n1656 \n2264 \n2806 \n508 \n820 \n1539 \n2103 \n2607 \n37 \n531 \n857 \n1608 \n2198 \n2724 \n493 \n796 \n1494 \n2042 \n2531 \n38 \n515 \n832 \n1561 \n2134 \n2645 \n479 \n773 \n1450 \n1982 \n2457 \n39 \n500 \n807 \n1516 \n2071 \n2568 \n465 \n750 \n1408 \n1925 \n2386 \n40 \n486 \n784 \n1472 \n2011 \n2493 \n451 \n728 \n1367 \n1869 \n2316 \n41 \n471 \n761 \n1429 \n1952 \n2420 \n438 \n707 \n1327 \n1814 \n2249 \n42 \n458 \n739 \n1387 \n1896 \n2350 \n425 \n686 \n1289 \n1761 \n2183 \n43 \n444 \n717 \n1347 \n1840 \n2281 \n413 \n666 \n1251 \n1710 \n2119 \n",
  "blocks": [
    {
      "bbox": [
        79.46399688720703,
        81.6689453125,
        245.5699920654297,
        92.22895050048828
      ],
      "max_font_size": 10.5600004196167,
      "text": "养老保险金开始领取年龄：70 周岁",
      "is_heading": false
    },
    {
      "bbox": [
        32.400001525878906,
        101.58892822265625,
        563.9199829101562,
        166.86895751953125
      ],
      "max_font_size": 10.5600004196167,
      "text": "单位：人民币元 保障方案 保障方案一 性别 男性 女性 交费期间 年龄 3 年交 5 年交 10 年交 15 年交 20 年交 3 年交 5 年交 10 年交 15 年交 20 年交",
      "is_heading": false
    },
    {
      "bbox": [
        57.2400016784668,
        170.38436889648438,
        557.5599975585938,
        759.6603393554688
      ],
      "max_font_size": 9.960000038146973,
      "text": "0 1584 2557 4800 6561 8132 1471 2375 4459 6095 7554 1 1538 2483 4661 6370 7895 1429 2306 4330 5917 7335 2 1493 2410 4525 6184 7665 1387 2239 4204 5745 7121 3 1449 2340 4393 6004 7442 1347 2174 4081 5578 6914 4 1407 2272 4265 5829 7225 1307 2111 3963 5416 6713 5 1366 2206 4141 5660 7015 1269 2049 3847 5258 6517 6 1327 2142 4020 5495 6811 1232 1990 3735 5105 6327 7 1288 2079 3903 5335 6612 1196 1932 3626 4956 6143 8 1250 2019 3790 5179 6420 1162 1875 3521 4812 5964 9 1214 1960 3679 5029 6233 1128 1821 3418 4672 5790 10 1179 1903 3572 4882 6051 1095 1768 3319 4536 5622 11 1144 1847 3468 4740 5875 1063 1716 3222 4404 5458 12 1111 1794 3367 4602 5704 1032 1666 3128 4275 5299 13 1079 1741 3269 4468 5538 1002 1618 3037 4151 5145 14 1047 1691 3174 4338 5376 973 1571 2949 4030 4995 15 1017 1641 3081 4211 5220 945 1525 2863 3912 4849 16 987 1594 2992 4089 5068 917 1480 2779 3798 4708 17 958 1547 2904 3969 4920 890 1437 2698 3688 4571 18 930 1502 2820 3854 4777 864 1395 2620 3580 4438 19 903 1458 2738 3742 4637 839 1355 2543 3476 4309 20 877 1416 2658 3633 4502 815 1315 2469 3375 4183 21 851 1375 2581 3527 4371 791 1277 2397 3277 4061 22 827 1335 2505 3424 4244 768 1240 2328 3181 3943 23 803 1296 2432 3324 4120 746 1204 2260 3088 3828 24 779 1258 2362 3227 4000 724 1169 2194 2999 3717 25 757 1221 2293 3133 3884 703 1135 2130 2911 3608 26 735 1186 2226 3042 3771 682 1102 2068 2826 3503 27 713 1151 2161 2954 3661 662 1070 2008 2744 3401 28 692 1118 2098 2868 3554 643 1038 1949 2664 3302 29 672 1085 2037 2784 3451 624 1008 1893 2587 3206 30 653 1054 1978 2703 3350 606 979 1837 2511 3113 31 634 1023 1920 2624 3253 589 950 1784 2438 3022 32 615 993 1864 2548 3158 571 923 1732 2367 2934 33 597 964 1810 2474 3066 555 896 1682 2298 2848 34 580 936 1757 2402 2977 539 870 1633 2231 2766 35 563 909 1706 2332 2890 523 844 1585 2166 2685 36 547 882 1656 2264 2806 508 820 1539 2103 2607 37 531 857 1608 2198 2724 493 796 1494 2042 2531 38 515 832 1561 2134 2645 479 773 1450 1982 2457 39 500 807 1516 2071 2568 465 750 1408 1925 2386 40 486 784 1472 2011 2493 451 728 1367 1869 2316 41 471 761 1429 1952 2420 438 707 1327 1814 2249 42 458 739 1387 1896 2350 425 686 1289 1761 2183 43 444 717 1347 1840 2281 413 666 1251 1710 2119",
      "is_heading": false
    }
  ]
}