{
  "page_no": 4,
  "width": 595.3200073242188,
  "height": 842.0399780273438,
  "text": " \n \n养老保险金开始领取年龄：60 周岁 \n单位：人民币元 \n保障方案 \n保障方案一 \n性别 \n男性 \n女性 \n交费期间 \n年龄 \n3 年交 \n5 年交 \n10 年交 \n15 年交 \n20 年交 \n3 年交 \n5 年交 \n10 年交 \n15 年交 \n20 年交 \n0 \n917 \n1481 \n2780 \n3799 \n4709 \n854 \n1378 \n2587 \n3536 \n4383 \n1 \n890 \n1438 \n2699 \n3689 \n4572 \n829 \n1338 \n2512 \n3433 \n4255 \n2 \n865 \n1396 \n2620 \n3581 \n4439 \n805 \n1299 \n2439 \n3333 \n4132 \n3 \n839 \n1355 \n2544 \n3477 \n4310 \n781 \n1261 \n2368 \n3236 \n4011 \n4 \n815 \n1316 \n2470 \n3376 \n4184 \n759 \n1225 \n2299 \n3142 \n3895 \n5 \n791 \n1277 \n2398 \n3277 \n4062 \n736 \n1189 \n2232 \n3051 \n3781 \n6 \n768 \n1240 \n2328 \n3182 \n3944 \n715 \n1154 \n2167 \n2962 \n3671 \n7 \n746 \n1204 \n2260 \n3089 \n3829 \n694 \n1121 \n2104 \n2876 \n3564 \n8 \n724 \n1169 \n2195 \n2999 \n3718 \n674 \n1088 \n2043 \n2792 \n3460 \n9 \n703 \n1135 \n2131 \n2912 \n3609 \n654 \n1056 \n1983 \n2710 \n3360 \n10 \n683 \n1102 \n2069 \n2827 \n3504 \n635 \n1026 \n1925 \n2632 \n3262 \n11 \n663 \n1070 \n2008 \n2745 \n3402 \n617 \n996 \n1869 \n2555 \n3167 \n12 \n643 \n1039 \n1950 \n2665 \n3303 \n599 \n967 \n1815 \n2480 \n3074 \n13 \n625 \n1008 \n1893 \n2587 \n3207 \n581 \n939 \n1762 \n2408 \n2985 \n14 \n606 \n979 \n1838 \n2512 \n3113 \n564 \n911 \n1711 \n2338 \n2898 \n15 \n589 \n950 \n1784 \n2439 \n3023 \n548 \n885 \n1661 \n2270 \n2814 \n16 \n572 \n923 \n1732 \n2368 \n2935 \n532 \n859 \n1613 \n2204 \n2732 \n17 \n555 \n896 \n1682 \n2299 \n2849 \n517 \n834 \n1566 \n2140 \n2652 \n18 \n539 \n870 \n1633 \n2232 \n2766 \n501 \n810 \n1520 \n2077 \n2575 \n19 \n523 \n844 \n1585 \n2167 \n2685 \n487 \n786 \n1476 \n2017 \n2500 \n20 \n508 \n820 \n1539 \n2104 \n2607 \n473 \n763 \n1433 \n1958 \n2427 \n21 \n493 \n796 \n1494 \n2042 \n2531 \n459 \n741 \n1391 \n1901 \n2356 \n22 \n479 \n773 \n1451 \n1983 \n2458 \n446 \n719 \n1350 \n1846 \n2288 \n23 \n465 \n750 \n1409 \n1925 \n2386 \n433 \n698 \n1311 \n1792 \n2221 \n24 \n451 \n728 \n1368 \n1869 \n2317 \n420 \n678 \n1273 \n1740 \n2156 \n25 \n438 \n707 \n1328 \n1815 \n2249 \n408 \n658 \n1236 \n1689 \n2094 \n26 \n425 \n687 \n1289 \n1762 \n2184 \n396 \n639 \n1200 \n1640 \n2033 \n27 \n413 \n667 \n1251 \n1710 \n2120 \n384 \n621 \n1165 \n1592 \n1973 \n28 \n401 \n647 \n1215 \n1661 \n2058 \n373 \n602 \n1131 \n1546 \n1916 \n29 \n389 \n628 \n1180 \n1612 \n1998 \n362 \n585 \n1098 \n1501 \n1860 \n30 \n378 \n610 \n1145 \n1565 \n1940 \n352 \n568 \n1066 \n1457 \n1806 \n31 \n367 \n592 \n1112 \n1520 \n1884 \n342 \n551 \n1035 \n1415 \n1753 \n32 \n356 \n575 \n1080 \n1475 \n1829 \n332 \n535 \n1005 \n1373 \n1702 \n33 \n346 \n558 \n1048 \n1432 \n1775 \n322 \n520 \n976 \n1333 \n1653 \n34 \n336 \n542 \n1018 \n1391 \n1724 \n313 \n505 \n947 \n1295 \n1605 \n35 \n326 \n526 \n988 \n1350 \n1673 \n303 \n490 \n920 \n1257 \n1558 \n36 \n317 \n511 \n959 \n1311 \n1625 \n295 \n476 \n893 \n1220 \n1512 \n37 \n307 \n496 \n931 \n1273 \n1577 \n286 \n462 \n867 \n1185 \n1468 \n38 \n298 \n482 \n904 \n1236 \n1531 \n278 \n448 \n842 \n1150 \n1426 \n39 \n290 \n468 \n878 \n1200 \n1487 \n270 \n435 \n817 \n1117 \n1384 \n40 \n281 \n454 \n852 \n1165 \n1443 \n262 \n423 \n793 \n1084 \n1344 \n41 \n273 \n441 \n827 \n1131 \n \n254 \n410 \n770 \n1052 \n \n",
  "blocks": [
    {
      "bbox": [
        79.46399688720703,
        101.58892822265625,
        245.5699920654297,
        112.14893341064453
      ],
      "max_font_size": 10.5600004196167,
      "text": "养老保险金开始领取年龄：60 周岁",
      "is_heading": false
    },
    {
      "bbox": [
        32.400001525878906,
        121.62890625,
        563.9199829101562,
        186.7889404296875
      ],
      "max_font_size": 10.5600004196167,
      "text": "单位：人民币元 保障方案 保障方案一 性别 男性 女性 交费期间 年龄 3 年交 5 年交 10 年交 15 年交 20 年交 3 年交 5 年交 10 年交 15 年交 20 年交",
      "is_heading": false
    },
    {
      "bbox": [
        57.2400016784668,
        190.42434692382812,
        557.5599975585938,
        752.7003173828125
      ],
      "max_font_size": 9.960000038146973,
      "text": "0 917 1481 2780 3799 4709 854 1378 2587 3536 4383 1 890 1438 2699 3689 4572 829 1338 2512 3433 4255 2 865 1396 2620 3581 4439 805 1299 2439 3333 4132 3 839 1355 2544 3477 4310 781 1261 2368 3236 4011 4 815 1316 2470 3376 4184 759 1225 2299 3142 3895 5 791 1277 2398 3277 4062 736 1189 2232 3051 3781 6 768 1240 2328 3182 3944 715 1154 2167 2962 3671 7 746 1204 2260 3089 3829 694 1121 2104 2876 3564 8 724 1169 2195 2999 3718 674 1088 2043 2792 3460 9 703 1135 2131 2912 3609 654 1056 1983 2710 3360 10 683 1102 2069 2827 3504 635 1026 1925 2632 3262 11 663 1070 2008 2745 3402 617 996 1869 2555 3167 12 643 1039 1950 2665 3303 599 967 1815 2480 3074 13 625 1008 1893 2587 3207 581 939 1762 2408 2985 14 606 979 1838 2512 3113 564 911 1711 2338 2898 15 589 950 1784 2439 3023 548 885 1661 2270 2814 16 572 923 1732 2368 2935 532 859 1613 2204 2732 17 555 896 1682 2299 2849 517 834 1566 2140 2652 18 539 870 1633 2232 2766 501 810 1520 2077 2575 19 523 844 1585 2167 2685 487 786 1476 2017 2500 20 508 820 1539 2104 2607 473 763 1433 1958 2427 21 493 796 1494 2042 2531 459 741 1391 1901 2356 22 479 773 1451 1983 2458 446 719 1350 1846 2288 23 465 750 1409 1925 2386 433 698 1311 1792 2221 24 451 728 1368 1869 2317 420 678 1273 1740 2156 25 438 707 1328 1815 2249 408 658 1236 1689 2094 26 425 687 1289 1762 2184 396 639 1200 1640 2033 27 413 667 1251 1710 2120 384 621 1165 1592 1973 28 401 647 1215 1661 2058 373 602 1131 1546 1916 29 389 628 1180 1612 1998 362 585 1098 1501 1860 30 378 610 1145 1565 1940 352 568 1066 1457 1806 31 367 592 1112 1520 1884 342 551 1035 1415 1753 32 356 575 1080 1475 1829 332 535 1005 1373 1702 33 346 558 1048 1432 1775 322 520 976 1333 1653 34 336 542 1018 1391 1724 313 505 947 1295 1605 35 326 526 988 1350 1673 303 490 920 1257 1558 36 317 511 959 1311 1625 295 476 893 1220 1512 37 307 496 931 1273 1577 286 462 867 1185 1468 38 298 482 904 1236 1531 278 448 842 1150 1426 39 290 468 878 1200 1487 270 435 817 1117 1384 40 281 454 852 1165 1443 262 423 793 1084 1344 41 273 441 827 1131  254 410 770 1052",
      "is_heading": false
    }
  ]
}