{
  "page_no": 5,
  "width": 595.3200073242188,
  "height": 842.0399780273438,
  "text": " \n保障方案 \n保障方案一 \n性别 \n男性 \n女性 \n交费期间 \n年龄 \n3 年交 \n5 年交 \n10 年交 \n15 年交 \n20 年交 \n3 年交 \n5 年交 \n10 年交 \n15 年交 \n20 年交 \n42 \n265 \n428 \n803 \n1098 \n \n247 \n398 \n748 \n1022 \n \n43 \n257 \n415 \n780 \n1066 \n \n240 \n387 \n726 \n992 \n \n44 \n250 \n403 \n757 \n1035 \n \n233 \n375 \n705 \n963 \n \n45 \n243 \n392 \n735 \n1004 \n \n226 \n364 \n684 \n935 \n \n46 \n236 \n380 \n714 \n \n \n219 \n354 \n664 \n \n \n47 \n229 \n369 \n693 \n \n \n213 \n344 \n645 \n \n \n48 \n222 \n358 \n673 \n \n \n207 \n334 \n626 \n \n \n49 \n216 \n348 \n653 \n \n \n201 \n324 \n608 \n \n \n50 \n209 \n338 \n634 \n \n \n195 \n314 \n590 \n \n \n注：月交保险费=年交保险费*0.085 \n \n \n保障方案 \n保障方案二 \n性别 \n男性 \n女性 \n交费期间 \n年龄 \n3 年交 \n5 年交 \n10 年交 \n15 年交 \n20 年交 \n3 年交 \n5 年交 \n10 年交 \n15 年交 \n20 年交 \n0 \n836 \n1349 \n2533 \n3462 \n4291 \n804 \n1298 \n2437 \n3331 \n4129 \n1 \n811 \n1310 \n2459 \n3361 \n4166 \n781 \n1260 \n2366 \n3234 \n4009 \n2 \n788 \n1272 \n2388 \n3263 \n4045 \n758 \n1224 \n2297 \n3140 \n3892 \n3 \n765 \n1235 \n2318 \n3168 \n3927 \n736 \n1188 \n2231 \n3049 \n3779 \n4 \n743 \n1199 \n2251 \n3076 \n3813 \n715 \n1154 \n2166 \n2960 \n3669 \n5 \n721 \n1164 \n2185 \n2986 \n3702 \n694 \n1120 \n2103 \n2874 \n3562 \n6 \n700 \n1130 \n2121 \n2899 \n3594 \n674 \n1087 \n2041 \n2790 \n3458 \n7 \n680 \n1097 \n2060 \n2815 \n3489 \n654 \n1056 \n1982 \n2709 \n3357 \n8 \n660 \n1065 \n2000 \n2733 \n3388 \n635 \n1025 \n1924 \n2630 \n3260 \n9 \n641 \n1034 \n1941 \n2653 \n3289 \n616 \n995 \n1868 \n2553 \n3165 \n10 \n622 \n1004 \n1885 \n2576 \n3193 \n598 \n966 \n1814 \n2479 \n3073 \n11 \n604 \n975 \n1830 \n2501 \n3100 \n581 \n938 \n1761 \n2407 \n2983 \n12 \n586 \n946 \n1777 \n2428 \n3010 \n564 \n911 \n1710 \n2337 \n2896 \n13 \n569 \n919 \n1725 \n2358 \n2922 \n548 \n884 \n1660 \n2269 \n2812 \n14 \n553 \n892 \n1675 \n2289 \n2837 \n532 \n858 \n1612 \n2202 \n2730 \n15 \n536 \n866 \n1626 \n2222 \n2754 \n516 \n833 \n1565 \n2138 \n2650 \n16 \n521 \n841 \n1579 \n2157 \n2674 \n501 \n809 \n1519 \n2076 \n2573 \n17 \n506 \n816 \n1533 \n2095 \n2596 \n487 \n786 \n1475 \n2016 \n2498 \n18 \n491 \n793 \n1488 \n2034 \n2520 \n472 \n763 \n1432 \n1957 \n2425 \n19 \n477 \n769 \n1445 \n1974 \n2447 \n459 \n740 \n1390 \n1900 \n2355 \n20 \n463 \n747 \n1402 \n1917 \n2376 \n445 \n719 \n1350 \n1844 \n2286 \n21 \n449 \n725 \n1362 \n1861 \n2307 \n432 \n698 \n1310 \n1791 \n2220 \n22 \n436 \n704 \n1322 \n1807 \n2239 \n420 \n678 \n1272 \n1739 \n2155 \n23 \n424 \n684 \n1283 \n1754 \n2174 \n408 \n658 \n1235 \n1688 \n2092 \n24 \n411 \n664 \n1246 \n1703 \n2111 \n396 \n639 \n1199 \n1639 \n2031 \n25 \n399 \n644 \n1210 \n1653 \n2049 \n384 \n620 \n1164 \n1591 \n1972 \n26 \n388 \n626 \n1175 \n1605 \n1990 \n373 \n602 \n1130 \n1545 \n1915 \n27 \n376 \n607 \n1140 \n1559 \n1932 \n362 \n585 \n1097 \n1500 \n1859 \n28 \n365 \n590 \n1107 \n1513 \n1875 \n352 \n568 \n1065 \n1456 \n1805 \n",
  "blocks": [
    {
      "bbox": [
        32.400001525878906,
        75.70430755615234,
        563.9199829101562,
        126.78894805908203
      ],
      "max_font_size": 10.5600004196167,
      "text": "保障方案 保障方案一 性别 男性 女性 交费期间 年龄 3 年交 5 年交 10 年交 15 年交 20 年交 3 年交 5 年交 10 年交 15 年交 20 年交",
      "is_heading": false
    },
    {
      "bbox": [
        57.2400016784668,
        130.42434692382812,
        547.5999755859375,
        248.14434814453125
      ],
      "max_font_size": 9.960000038146973,
      "text": "42 265 428 803 1098  247 398 748 1022  43 257 415 780 1066  240 387 726 992  44 250 403 757 1035  233 375 705 963  45 243 392 735 1004  226 364 684 935  46 236 380 714   219 354 664   47 229 369 693   213 344 645   48 222 358 673   207 334 626   49 216 348 653   201 324 608   50 209 338 634   195 314 590",
      "is_heading": false
    },
    {
      "bbox": [
        116.18000030517578,
        258.09893798828125,
        284.2099914550781,
        268.658935546875
      ],
      "max_font_size": 10.5600004196167,
      "text": "注：月交保险费=年交保险费*0.085",
      "is_heading": false
    },
    {
      "bbox": [
        32.400001525878906,
        298.0589599609375,
        563.9199829101562,
        363.21893310546875
      ],
      "max_font_size": 10.5600004196167,
      "text": "保障方案 保障方案二 性别 男性 女性 交费期间 年龄 3 年交 5 年交 10 年交 15 年交 20 年交 3 年交 5 年交 10 年交 15 年交 20 年交",
      "is_heading": false
    },
    {
      "bbox": [
        57.2400016784668,
        366.8543395996094,
        557.5599975585938,
        754.0203247070312
      ],
      "max_font_size": 9.960000038146973,
      "text": "0 836 1349 2533 3462 4291 804 1298 2437 3331 4129 1 811 1310 2459 3361 4166 781 1260 2366 3234 4009 2 788 1272 2388 3263 4045 758 1224 2297 3140 3892 3 765 1235 2318 3168 3927 736 1188 2231 3049 3779 4 743 1199 2251 3076 3813 715 1154 2166 2960 3669 5 721 1164 2185 2986 3702 694 1120 2103 2874 3562 6 700 1130 2121 2899 3594 674 1087 2041 2790 3458 7 680 1097 2060 2815 3489 654 1056 1982 2709 3357 8 660 1065 2000 2733 3388 635 1025 1924 2630 3260 9 641 1034 1941 2653 3289 616 995 1868 2553 3165 10 622 1004 1885 2576 3193 598 966 1814 2479 3073 11 604 975 1830 2501 3100 581 938 1761 2407 2983 12 586 946 1777 2428 3010 564 911 1710 2337 2896 13 569 919 1725 2358 2922 548 884 1660 2269 2812 14 553 892 1675 2289 2837 532 858 1612 2202 2730 15 536 866 1626 2222 2754 516 833 1565 2138 2650 16 521 841 1579 2157 2674 501 809 1519 2076 2573 17 506 816 1533 2095 2596 487 786 1475 2016 2498 18 491 793 1488 2034 2520 472 763 1432 1957 2425 19 477 769 1445 1974 2447 459 740 1390 1900 2355 20 463 747 1402 1917 2376 445 719 1350 1844 2286 21 449 725 1362 1861 2307 432 698 1310 1791 2220 22 436 704 1322 1807 2239 420 678 1272 1739 2155 23 424 684 1283 1754 2174 408 658 1235 1688 2092 24 411 664 1246 1703 2111 396 639 1199 1639 2031 25 399 644 1210 1653 2049 384 620 1164 1591 1972 26 388 626 1175 1605 1990 373 602 1130 1545 1915 27 376 607 1140 1559 1932 362 585 1097 1500 1859 28 365 590 1107 1513 1875 352 568 1065 1456 1805",
      "is_heading": false
    }
  ]
}