{
  "page_no": 7,
  "width": 595.3200073242188,
  "height": 842.0399780273438,
  "text": " \n \n养老保险金开始领取年龄：65 周岁 \n单位：人民币元 \n保障方案 \n保障方案一 \n性别 \n男性 \n女性 \n交费期间 \n年龄 \n3 年交 \n5 年交 \n10 年交 \n15 年交 \n20 年交 \n3 年交 \n5 年交 \n10 年交 \n15 年交 \n20 年交 \n0 \n1200 \n1938 \n3638 \n4973 \n6163 \n1113 \n1797 \n3374 \n4611 \n5715 \n1 \n1166 \n1882 \n3533 \n4828 \n5984 \n1081 \n1745 \n3275 \n4477 \n5549 \n2 \n1132 \n1827 \n3430 \n4687 \n5810 \n1049 \n1694 \n3180 \n4346 \n5387 \n3 \n1099 \n1774 \n3330 \n4551 \n5641 \n1019 \n1645 \n3088 \n4220 \n5230 \n4 \n1067 \n1722 \n3233 \n4419 \n5477 \n989 \n1597 \n2998 \n4097 \n5078 \n5 \n1036 \n1672 \n3139 \n4290 \n5317 \n960 \n1550 \n2910 \n3978 \n4930 \n6 \n1005 \n1623 \n3047 \n4165 \n5162 \n932 \n1505 \n2826 \n3862 \n4787 \n7 \n976 \n1576 \n2959 \n4044 \n5012 \n905 \n1461 \n2743 \n3749 \n4647 \n8 \n948 \n1530 \n2873 \n3926 \n4866 \n879 \n1419 \n2663 \n3640 \n4512 \n9 \n920 \n1486 \n2789 \n3812 \n4724 \n853 \n1377 \n2586 \n3534 \n4381 \n10 \n893 \n1442 \n2708 \n3701 \n4587 \n828 \n1337 \n2511 \n3431 \n4253 \n11 \n867 \n1400 \n2629 \n3593 \n4453 \n804 \n1298 \n2437 \n3331 \n4129 \n12 \n842 \n1360 \n2552 \n3488 \n4323 \n781 \n1261 \n2366 \n3234 \n4009 \n13 \n818 \n1320 \n2478 \n3386 \n4197 \n758 \n1224 \n2298 \n3140 \n3892 \n14 \n794 \n1281 \n2406 \n3288 \n4075 \n736 \n1188 \n2231 \n3049 \n3779 \n15 \n771 \n1244 \n2336 \n3192 \n3956 \n715 \n1154 \n2166 \n2960 \n3669 \n16 \n748 \n1208 \n2268 \n3099 \n3841 \n694 \n1120 \n2103 \n2874 \n3562 \n17 \n726 \n1173 \n2201 \n3009 \n3729 \n674 \n1087 \n2041 \n2790 \n3458 \n18 \n705 \n1139 \n2137 \n2921 \n3621 \n654 \n1056 \n1982 \n2709 \n3357 \n19 \n685 \n1105 \n2075 \n2836 \n3515 \n635 \n1025 \n1924 \n2630 \n3259 \n20 \n665 \n1073 \n2015 \n2753 \n3413 \n616 \n995 \n1868 \n2553 \n3165 \n21 \n645 \n1042 \n1956 \n2673 \n3313 \n598 \n966 \n1814 \n2479 \n3072 \n22 \n627 \n1012 \n1899 \n2595 \n3217 \n581 \n938 \n1761 \n2407 \n2983 \n23 \n608 \n982 \n1844 \n2520 \n3123 \n564 \n911 \n1710 \n2336 \n2896 \n24 \n591 \n953 \n1790 \n2446 \n3032 \n548 \n884 \n1660 \n2268 \n2812 \n25 \n573 \n926 \n1738 \n2375 \n2944 \n532 \n858 \n1611 \n2202 \n2730 \n26 \n557 \n899 \n1687 \n2306 \n2858 \n516 \n833 \n1565 \n2138 \n2650 \n27 \n541 \n873 \n1638 \n2239 \n2775 \n501 \n809 \n1519 \n2076 \n2573 \n28 \n525 \n847 \n1590 \n2174 \n2694 \n487 \n786 \n1475 \n2015 \n2498 \n29 \n509 \n823 \n1544 \n2110 \n2616 \n472 \n763 \n1432 \n1957 \n2425 \n30 \n495 \n799 \n1499 \n2049 \n2539 \n459 \n740 \n1390 \n1900 \n2355 \n31 \n480 \n775 \n1455 \n1989 \n2465 \n445 \n719 \n1350 \n1844 \n2286 \n32 \n466 \n753 \n1413 \n1931 \n2394 \n432 \n698 \n1310 \n1791 \n2220 \n33 \n453 \n731 \n1372 \n1875 \n2324 \n420 \n678 \n1272 \n1739 \n2155 \n34 \n440 \n710 \n1332 \n1820 \n2256 \n408 \n658 \n1235 \n1688 \n2092 \n35 \n427 \n689 \n1293 \n1767 \n2190 \n396 \n639 \n1199 \n1639 \n2031 \n36 \n414 \n669 \n1255 \n1716 \n2127 \n384 \n620 \n1164 \n1591 \n1972 \n37 \n402 \n649 \n1219 \n1666 \n2065 \n373 \n602 \n1130 \n1545 \n1915 \n38 \n391 \n630 \n1183 \n1617 \n2005 \n362 \n585 \n1097 \n1500 \n1859 \n39 \n379 \n612 \n1149 \n1570 \n1946 \n352 \n567 \n1065 \n1456 \n1805 \n40 \n368 \n594 \n1115 \n1524 \n1889 \n341 \n551 \n1034 \n1414 \n1752 \n41 \n357 \n577 \n1083 \n1480 \n1834 \n331 \n535 \n1004 \n1372 \n1701 \n",
  "blocks": [
    {
      "bbox": [
        79.46399688720703,
        101.58892822265625,
        245.5699920654297,
        112.14893341064453
      ],
      "max_font_size": 10.5600004196167,
      "text": "养老保险金开始领取年龄：65 周岁",
      "is_heading": false
    },
    {
      "bbox": [
        32.400001525878906,
        121.62890625,
        563.9199829101562,
        186.7889404296875
      ],
      "max_font_size": 10.5600004196167,
      "text": "单位：人民币元 保障方案 保障方案一 性别 男性 女性 交费期间 年龄 3 年交 5 年交 10 年交 15 年交 20 年交 3 年交 5 年交 10 年交 15 年交 20 年交",
      "is_heading": false
    },
    {
      "bbox": [
        57.2400016784668,
        190.42434692382812,
        557.5599975585938,
        752.7003173828125
      ],
      "max_font_size": 9.960000038146973,
      "text": "0 1200 1938 3638 4973 6163 1113 1797 3374 4611 5715 1 1166 1882 3533 4828 5984 1081 1745 3275 4477 5549 2 1132 1827 3430 4687 5810 1049 1694 3180 4346 5387 3 1099 1774 3330 4551 5641 1019 1645 3088 4220 5230 4 1067 1722 3233 4419 5477 989 1597 2998 4097 5078 5 1036 1672 3139 4290 5317 960 1550 2910 3978 4930 6 1005 1623 3047 4165 5162 932 1505 2826 3862 4787 7 976 1576 2959 4044 5012 905 1461 2743 3749 4647 8 948 1530 2873 3926 4866 879 1419 2663 3640 4512 9 920 1486 2789 3812 4724 853 1377 2586 3534 4381 10 893 1442 2708 3701 4587 828 1337 2511 3431 4253 11 867 1400 2629 3593 4453 804 1298 2437 3331 4129 12 842 1360 2552 3488 4323 781 1261 2366 3234 4009 13 818 1320 2478 3386 4197 758 1224 2298 3140 3892 14 794 1281 2406 3288 4075 736 1188 2231 3049 3779 15 771 1244 2336 3192 3956 715 1154 2166 2960 3669 16 748 1208 2268 3099 3841 694 1120 2103 2874 3562 17 726 1173 2201 3009 3729 674 1087 2041 2790 3458 18 705 1139 2137 2921 3621 654 1056 1982 2709 3357 19 685 1105 2075 2836 3515 635 1025 1924 2630 3259 20 665 1073 2015 2753 3413 616 995 1868 2553 3165 21 645 1042 1956 2673 3313 598 966 1814 2479 3072 22 627 1012 1899 2595 3217 581 938 1761 2407 2983 23 608 982 1844 2520 3123 564 911 1710 2336 2896 24 591 953 1790 2446 3032 548 884 1660 2268 2812 25 573 926 1738 2375 2944 532 858 1611 2202 2730 26 557 899 1687 2306 2858 516 833 1565 2138 2650 27 541 873 1638 2239 2775 501 809 1519 2076 2573 28 525 847 1590 2174 2694 487 786 1475 2015 2498 29 509 823 1544 2110 2616 472 763 1432 1957 2425 30 495 799 1499 2049 2539 459 740 1390 1900 2355 31 480 775 1455 1989 2465 445 719 1350 1844 2286 32 466 753 1413 1931 2394 432 698 1310 1791 2220 33 453 731 1372 1875 2324 420 678 1272 1739 2155 34 440 710 1332 1820 2256 408 658 1235 1688 2092 35 427 689 1293 1767 2190 396 639 1199 1639 2031 36 414 669 1255 1716 2127 384 620 1164 1591 1972 37 402 649 1219 1666 2065 373 602 1130 1545 1915 38 391 630 1183 1617 2005 362 585 1097 1500 1859 39 379 612 1149 1570 1946 352 567 1065 1456 1805 40 368 594 1115 1524 1889 341 551 1034 1414 1752 41 357 577 1083 1480 1834 331 535 1004 1372 1701",
      "is_heading": false
    }
  ]
}