{
  "page_no": 12,
  "width": 595.3200073242188,
  "height": 842.0399780273438,
  "text": " \n保障方案 \n保障方案二 \n性别 \n男性 \n女性 \n交费期间 \n年龄 \n3 年交 \n5 年交 \n10 年交 \n15 年交 \n20 年交 \n3 年交 \n5 年交 \n10 年交 \n15 年交 \n20 年交 \n31 \n491 \n792 \n1487 \n2032 \n2519 \n486 \n785 \n1474 \n2014 \n2496 \n32 \n476 \n769 \n1444 \n1973 \n2445 \n472 \n762 \n1431 \n1955 \n2423 \n33 \n462 \n747 \n1402 \n1915 \n2374 \n458 \n740 \n1389 \n1898 \n2353 \n34 \n449 \n725 \n1361 \n1860 \n2305 \n445 \n718 \n1348 \n1843 \n2284 \n35 \n436 \n704 \n1321 \n1805 \n2238 \n432 \n697 \n1309 \n1789 \n2218 \n36 \n423 \n683 \n1283 \n1753 \n2173 \n419 \n677 \n1271 \n1737 \n2153 \n37 \n411 \n663 \n1245 \n1702 \n2109 \n407 \n657 \n1234 \n1687 \n2090 \n38 \n399 \n644 \n1209 \n1652 \n2048 \n395 \n638 \n1198 \n1637 \n2030 \n39 \n387 \n625 \n1174 \n1604 \n1988 \n384 \n620 \n1163 \n1590 \n1970 \n40 \n376 \n607 \n1140 \n1557 \n1930 \n373 \n602 \n1129 \n1543 \n1913 \n41 \n365 \n589 \n1106 \n1512 \n1874 \n362 \n584 \n1096 \n1498 \n1857 \n42 \n354 \n572 \n1074 \n1468 \n1819 \n351 \n567 \n1064 \n1455 \n1803 \n43 \n344 \n555 \n1043 \n1425 \n1766 \n341 \n550 \n1033 \n1412 \n1751 \n44 \n334 \n539 \n1012 \n1384 \n1715 \n331 \n534 \n1003 \n1371 \n1700 \n45 \n324 \n524 \n983 \n1343 \n1665 \n321 \n519 \n974 \n1331 \n1650 \n46 \n315 \n508 \n954 \n1304 \n1616 \n312 \n504 \n946 \n1292 \n1602 \n47 \n306 \n493 \n926 \n1266 \n1569 \n303 \n489 \n918 \n1255 \n1555 \n48 \n297 \n479 \n899 \n1229 \n1524 \n294 \n475 \n891 \n1218 \n1510 \n49 \n288 \n465 \n873 \n1193 \n1479 \n286 \n461 \n865 \n1183 \n1466 \n50 \n280 \n452 \n848 \n1158 \n1436 \n277 \n448 \n840 \n1148 \n1423 \n51 \n272 \n438 \n823 \n1125 \n \n269 \n434 \n816 \n1115 \n \n52 \n264 \n426 \n799 \n1092 \n \n261 \n422 \n792 \n1082 \n \n53 \n256 \n413 \n776 \n1060 \n \n254 \n410 \n769 \n1051 \n \n54 \n249 \n401 \n753 \n1029 \n \n246 \n398 \n746 \n1020 \n \n55 \n241 \n389 \n731 \n999 \n \n239 \n386 \n724 \n990 \n \n56 \n234 \n378 \n710 \n \n \n232 \n375 \n703 \n \n \n57 \n228 \n367 \n689 \n \n \n225 \n364 \n683 \n \n \n58 \n221 \n356 \n668 \n \n \n219 \n353 \n663 \n \n \n59 \n214 \n346 \n649 \n \n \n212 \n343 \n643 \n \n \n60 \n208 \n336 \n630 \n \n \n206 \n333 \n625 \n \n \n61 \n202 \n326 \n \n \n \n200 \n323 \n \n \n \n62 \n196 \n316 \n \n \n \n194 \n314 \n \n \n \n63 \n190 \n307 \n \n \n \n189 \n304 \n \n \n \n64 \n185 \n298 \n \n \n \n183 \n295 \n \n \n \n65 \n179 \n289 \n \n \n \n178 \n287 \n \n \n \n注：月交保险费=年交保险费*0.085 \n \n \n本合同提供的首次养老保险金领取日为被保险人年满本合同约定的养老保险金开始领取年龄后\n的首个合同生效日对应日。 \n",
  "blocks": [
    {
      "bbox": [
        32.400001525878906,
        75.70430755615234,
        563.9199829101562,
        126.78894805908203
      ],
      "max_font_size": 10.5600004196167,
      "text": "保障方案 保障方案二 性别 男性 女性 交费期间 年龄 3 年交 5 年交 10 年交 15 年交 20 年交 3 年交 5 年交 10 年交 15 年交 20 年交",
      "is_heading": false
    },
    {
      "bbox": [
        57.2400016784668,
        130.42434692382812,
        557.5599975585938,
        598.3543090820312
      ],
      "max_font_size": 9.960000038146973,
      "text": "31 491 792 1487 2032 2519 486 785 1474 2014 2496 32 476 769 1444 1973 2445 472 762 1431 1955 2423 33 462 747 1402 1915 2374 458 740 1389 1898 2353 34 449 725 1361 1860 2305 445 718 1348 1843 2284 35 436 704 1321 1805 2238 432 697 1309 1789 2218 36 423 683 1283 1753 2173 419 677 1271 1737 2153 37 411 663 1245 1702 2109 407 657 1234 1687 2090 38 399 644 1209 1652 2048 395 638 1198 1637 2030 39 387 625 1174 1604 1988 384 620 1163 1590 1970 40 376 607 1140 1557 1930 373 602 1129 1543 1913 41 365 589 1106 1512 1874 362 584 1096 1498 1857 42 354 572 1074 1468 1819 351 567 1064 1455 1803 43 344 555 1043 1425 1766 341 550 1033 1412 1751 44 334 539 1012 1384 1715 331 534 1003 1371 1700 45 324 524 983 1343 1665 321 519 974 1331 1650 46 315 508 954 1304 1616 312 504 946 1292 1602 47 306 493 926 1266 1569 303 489 918 1255 1555 48 297 479 899 1229 1524 294 475 891 1218 1510 49 288 465 873 1193 1479 286 461 865 1183 1466 50 280 452 848 1158 1436 277 448 840 1148 1423 51 272 438 823 1125  269 434 816 1115  52 264 426 799 1092  261 422 792 1082  53 256 413 776 1060  254 410 769 1051  54 249 401 753 1029  246 398 746 1020  55 241 389 731 999  239 386 724 990  56 234 378 710   232 375 703   57 228 367 689   225 364 683   58 221 356 668   219 353 663   59 214 346 649   212 343 643   60 208 336 630   206 333 625   61 202 326    200 323    62 196 316    194 314    63 190 307    189 304    64 185 298    183 295    65 179 289    178 287",
      "is_heading": false
    },
    {
      "bbox": [
        116.18000030517578,
        608.3089599609375,
        284.2099914550781,
        618.8689575195312
      ],
      "max_font_size": 10.5600004196167,
      "text": "注：月交保险费=年交保险费*0.085",
      "is_heading": false
    },
    {
      "bbox": [
        79.46399688720703,
        668.3089599609375,
        515.591796875,
        678.8689575195312
      ],
      "max_font_size": 10.5600004196167,
      "text": "本合同提供的首次养老保险金领取日为被保险人年满本合同约定的养老保险金开始领取年龄后",
      "is_heading": false
    },
    {
      "bbox": [
        79.46399688720703,
        688.3489379882812,
        210.88999938964844,
        698.908935546875
      ],
      "max_font_size": 10.5600004196167,
      "text": "的首个合同生效日对应日。",
      "is_heading": false
    }
  ]
}