{
  "page_no": 11,
  "width": 595.3200073242188,
  "height": 842.0399780273438,
  "text": " \n保障方案 \n保障方案一 \n性别 \n男性 \n女性 \n交费期间 \n年龄 \n3 年交 \n5 年交 \n10 年交 \n15 年交 \n20 年交 \n3 年交 \n5 年交 \n10 年交 \n15 年交 \n20 年交 \n44 \n431 \n696 \n1307 \n1787 \n2215 \n401 \n647 \n1215 \n1660 \n2058 \n45 \n419 \n676 \n1269 \n1735 \n2150 \n389 \n628 \n1179 \n1612 \n1998 \n46 \n407 \n656 \n1232 \n1684 \n2087 \n378 \n610 \n1145 \n1565 \n1940 \n47 \n395 \n637 \n1196 \n1635 \n2027 \n367 \n592 \n1112 \n1519 \n1883 \n48 \n383 \n619 \n1161 \n1587 \n1968 \n356 \n575 \n1079 \n1475 \n1828 \n49 \n372 \n601 \n1128 \n1541 \n1910 \n346 \n558 \n1048 \n1432 \n1775 \n50 \n361 \n583 \n1095 \n1496 \n1855 \n336 \n542 \n1017 \n1390 \n1723 \n注：月交保险费=年交保险费*0.085 \n \n \n保障方案 \n保障方案二 \n性别 \n男性 \n女性 \n交费期间 \n年龄 \n3 年交 \n5 年交 \n10 年交 \n15 年交 \n20 年交 \n3 年交 \n5 年交 \n10 年交 \n15 年交 \n20 年交 \n0 \n1226 \n1980 \n3717 \n5080 \n6297 \n1215 \n1962 \n3683 \n5034 \n6240 \n1 \n1191 \n1922 \n3609 \n4932 \n6114 \n1180 \n1905 \n3576 \n4888 \n6058 \n2 \n1156 \n1866 \n3504 \n4789 \n5936 \n1146 \n1850 \n3472 \n4746 \n5882 \n3 \n1122 \n1812 \n3402 \n4649 \n5763 \n1112 \n1796 \n3371 \n4607 \n5711 \n4 \n1090 \n1759 \n3303 \n4514 \n5595 \n1080 \n1743 \n3273 \n4473 \n5544 \n5 \n1058 \n1708 \n3207 \n4383 \n5432 \n1048 \n1693 \n3178 \n4343 \n5383 \n6 \n1027 \n1658 \n3113 \n4255 \n5274 \n1018 \n1643 \n3085 \n4217 \n5226 \n7 \n997 \n1610 \n3023 \n4131 \n5120 \n988 \n1596 \n2995 \n4094 \n5074 \n8 \n968 \n1563 \n2935 \n4011 \n4971 \n959 \n1549 \n2908 \n3975 \n4926 \n9 \n940 \n1518 \n2849 \n3894 \n4827 \n932 \n1504 \n2823 \n3859 \n4783 \n10 \n913 \n1473 \n2766 \n3781 \n4686 \n904 \n1460 \n2741 \n3746 \n4644 \n11 \n886 \n1431 \n2686 \n3670 \n4549 \n878 \n1418 \n2661 \n3637 \n4508 \n12 \n860 \n1389 \n2607 \n3564 \n4417 \n852 \n1376 \n2584 \n3531 \n4377 \n13 \n835 \n1348 \n2531 \n3460 \n4288 \n828 \n1336 \n2509 \n3428 \n4249 \n14 \n811 \n1309 \n2458 \n3359 \n4163 \n804 \n1297 \n2435 \n3329 \n4126 \n15 \n787 \n1271 \n2386 \n3261 \n4042 \n780 \n1260 \n2365 \n3232 \n4006 \n16 \n764 \n1234 \n2317 \n3166 \n3924 \n757 \n1223 \n2296 \n3137 \n3889 \n17 \n742 \n1198 \n2249 \n3074 \n3810 \n735 \n1187 \n2229 \n3046 \n3776 \n18 \n720 \n1163 \n2184 \n2984 \n3699 \n714 \n1153 \n2164 \n2957 \n3666 \n19 \n699 \n1129 \n2120 \n2897 \n3591 \n693 \n1119 \n2101 \n2871 \n3559 \n20 \n679 \n1096 \n2058 \n2813 \n3486 \n673 \n1086 \n2040 \n2788 \n3455 \n21 \n659 \n1064 \n1998 \n2731 \n3385 \n653 \n1055 \n1980 \n2706 \n3355 \n22 \n640 \n1033 \n1940 \n2651 \n3286 \n634 \n1024 \n1923 \n2628 \n3257 \n23 \n622 \n1003 \n1884 \n2574 \n3191 \n616 \n994 \n1867 \n2551 \n3162 \n24 \n603 \n974 \n1829 \n2499 \n3098 \n598 \n965 \n1812 \n2477 \n3070 \n25 \n586 \n946 \n1775 \n2426 \n3008 \n581 \n937 \n1759 \n2405 \n2980 \n26 \n569 \n918 \n1724 \n2356 \n2920 \n564 \n910 \n1708 \n2335 \n2894 \n27 \n552 \n891 \n1674 \n2287 \n2835 \n547 \n883 \n1658 \n2267 \n2809 \n28 \n536 \n866 \n1625 \n2221 \n2752 \n531 \n858 \n1610 \n2201 \n2728 \n29 \n521 \n840 \n1577 \n2156 \n2672 \n516 \n833 \n1563 \n2136 \n2648 \n30 \n505 \n816 \n1532 \n2093 \n2594 \n501 \n808 \n1518 \n2074 \n2571 \n",
  "blocks": [
    {
      "bbox": [
        32.400001525878906,
        75.70430755615234,
        563.9199829101562,
        126.78894805908203
      ],
      "max_font_size": 10.5600004196167,
      "text": "保障方案 保障方案一 性别 男性 女性 交费期间 年龄 3 年交 5 年交 10 年交 15 年交 20 年交 3 年交 5 年交 10 年交 15 年交 20 年交",
      "is_heading": false
    },
    {
      "bbox": [
        57.2400016784668,
        130.42434692382812,
        557.5599975585938,
        221.14434814453125
      ],
      "max_font_size": 9.960000038146973,
      "text": "44 431 696 1307 1787 2215 401 647 1215 1660 2058 45 419 676 1269 1735 2150 389 628 1179 1612 1998 46 407 656 1232 1684 2087 378 610 1145 1565 1940 47 395 637 1196 1635 2027 367 592 1112 1519 1883 48 383 619 1161 1587 1968 356 575 1079 1475 1828 49 372 601 1128 1541 1910 346 558 1048 1432 1775 50 361 583 1095 1496 1855 336 542 1017 1390 1723",
      "is_heading": false
    },
    {
      "bbox": [
        116.18000030517578,
        231.06890869140625,
        284.2099914550781,
        241.62890625
      ],
      "max_font_size": 10.5600004196167,
      "text": "注：月交保险费=年交保险费*0.085",
      "is_heading": false
    },
    {
      "bbox": [
        32.400001525878906,
        271.178955078125,
        563.9199829101562,
        336.33892822265625
      ],
      "max_font_size": 10.5600004196167,
      "text": "保障方案 保障方案二 性别 男性 女性 交费期间 年龄 3 年交 5 年交 10 年交 15 年交 20 年交 3 年交 5 年交 10 年交 15 年交 20 年交",
      "is_heading": false
    },
    {
      "bbox": [
        57.2400016784668,
        339.8543395996094,
        557.5599975585938,
        754.0203247070312
      ],
      "max_font_size": 9.960000038146973,
      "text": "0 1226 1980 3717 5080 6297 1215 1962 3683 5034 6240 1 1191 1922 3609 4932 6114 1180 1905 3576 4888 6058 2 1156 1866 3504 4789 5936 1146 1850 3472 4746 5882 3 1122 1812 3402 4649 5763 1112 1796 3371 4607 5711 4 1090 1759 3303 4514 5595 1080 1743 3273 4473 5544 5 1058 1708 3207 4383 5432 1048 1693 3178 4343 5383 6 1027 1658 3113 4255 5274 1018 1643 3085 4217 5226 7 997 1610 3023 4131 5120 988 1596 2995 4094 5074 8 968 1563 2935 4011 4971 959 1549 2908 3975 4926 9 940 1518 2849 3894 4827 932 1504 2823 3859 4783 10 913 1473 2766 3781 4686 904 1460 2741 3746 4644 11 886 1431 2686 3670 4549 878 1418 2661 3637 4508 12 860 1389 2607 3564 4417 852 1376 2584 3531 4377 13 835 1348 2531 3460 4288 828 1336 2509 3428 4249 14 811 1309 2458 3359 4163 804 1297 2435 3329 4126 15 787 1271 2386 3261 4042 780 1260 2365 3232 4006 16 764 1234 2317 3166 3924 757 1223 2296 3137 3889 17 742 1198 2249 3074 3810 735 1187 2229 3046 3776 18 720 1163 2184 2984 3699 714 1153 2164 2957 3666 19 699 1129 2120 2897 3591 693 1119 2101 2871 3559 20 679 1096 2058 2813 3486 673 1086 2040 2788 3455 21 659 1064 1998 2731 3385 653 1055 1980 2706 3355 22 640 1033 1940 2651 3286 634 1024 1923 2628 3257 23 622 1003 1884 2574 3191 616 994 1867 2551 3162 24 603 974 1829 2499 3098 598 965 1812 2477 3070 25 586 946 1775 2426 3008 581 937 1759 2405 2980 26 569 918 1724 2356 2920 564 910 1708 2335 2894 27 552 891 1674 2287 2835 547 883 1658 2267 2809 28 536 866 1625 2221 2752 531 858 1610 2201 2728 29 521 840 1577 2156 2672 516 833 1563 2136 2648 30 505 816 1532 2093 2594 501 808 1518 2074 2571",
      "is_heading": false
    }
  ]
}