{
  "page_no": 8,
  "width": 595.3200073242188,
  "height": 842.0399780273438,
  "text": " \n保障方案 \n保障方案一 \n性别 \n男性 \n女性 \n交费期间 \n年龄 \n3 年交 \n5 年交 \n10 年交 \n15 年交 \n20 年交 \n3 年交 \n5 年交 \n10 年交 \n15 年交 \n20 年交 \n42 \n347 \n560 \n1051 \n1437 \n1781 \n322 \n519 \n975 \n1332 \n1652 \n43 \n337 \n544 \n1021 \n1395 \n1729 \n312 \n504 \n946 \n1294 \n1603 \n44 \n327 \n528 \n991 \n1354 \n1679 \n303 \n489 \n919 \n1256 \n1557 \n45 \n318 \n512 \n962 \n1315 \n1630 \n294 \n475 \n892 \n1219 \n1511 \n46 \n308 \n498 \n934 \n1276 \n \n286 \n461 \n866 \n1184 \n \n47 \n299 \n483 \n907 \n1239 \n \n277 \n448 \n841 \n1149 \n \n48 \n291 \n469 \n880 \n1203 \n \n269 \n435 \n816 \n1116 \n \n49 \n282 \n455 \n855 \n1168 \n \n262 \n422 \n793 \n1083 \n \n50 \n274 \n442 \n830 \n1134 \n \n254 \n410 \n769 \n1052 \n \n注：月交保险费=年交保险费*0.085 \n \n \n保障方案 \n保障方案二 \n性别 \n男性 \n女性 \n交费期间 \n年龄 \n3 年交 \n5 年交 \n10 年交 \n15 年交 \n20 年交 \n3 年交 \n5 年交 \n10 年交 \n15 年交 \n20 年交 \n0 \n1024 \n1654 \n3104 \n4243 \n5259 \n998 \n1611 \n3024 \n4133 \n5122 \n1 \n994 \n1606 \n3014 \n4119 \n5106 \n969 \n1564 \n2936 \n4013 \n4973 \n2 \n966 \n1559 \n2926 \n4000 \n4957 \n940 \n1518 \n2850 \n3896 \n4829 \n3 \n937 \n1513 \n2841 \n3883 \n4813 \n913 \n1474 \n2767 \n3782 \n4688 \n4 \n910 \n1469 \n2758 \n3770 \n4673 \n887 \n1431 \n2687 \n3672 \n4552 \n5 \n884 \n1427 \n2678 \n3660 \n4537 \n861 \n1390 \n2609 \n3565 \n4419 \n6 \n858 \n1385 \n2600 \n3554 \n4405 \n836 \n1349 \n2533 \n3461 \n4290 \n7 \n833 \n1345 \n2524 \n3450 \n4276 \n811 \n1310 \n2459 \n3361 \n4166 \n8 \n809 \n1306 \n2451 \n3350 \n4152 \n788 \n1272 \n2387 \n3263 \n4044 \n9 \n785 \n1268 \n2380 \n3252 \n4031 \n765 \n1235 \n2318 \n3168 \n3926 \n10 \n762 \n1231 \n2310 \n3157 \n3914 \n742 \n1199 \n2250 \n3076 \n3812 \n11 \n740 \n1195 \n2243 \n3065 \n3800 \n721 \n1164 \n2185 \n2986 \n3701 \n12 \n719 \n1160 \n2178 \n2976 \n3689 \n700 \n1130 \n2121 \n2899 \n3593 \n13 \n698 \n1126 \n2114 \n2889 \n3581 \n679 \n1097 \n2059 \n2815 \n3489 \n14 \n677 \n1093 \n2053 \n2805 \n3477 \n660 \n1065 \n1999 \n2733 \n3387 \n15 \n658 \n1062 \n1993 \n2724 \n3376 \n640 \n1034 \n1941 \n2653 \n3288 \n16 \n638 \n1031 \n1935 \n2644 \n3277 \n622 \n1004 \n1885 \n2576 \n3192 \n17 \n620 \n1001 \n1878 \n2567 \n3182 \n604 \n975 \n1830 \n2501 \n3099 \n18 \n602 \n971 \n1824 \n2492 \n3089 \n586 \n946 \n1776 \n2428 \n3009 \n19 \n584 \n943 \n1771 \n2420 \n2999 \n569 \n919 \n1725 \n2357 \n2922 \n20 \n567 \n916 \n1719 \n2349 \n2912 \n552 \n892 \n1674 \n2288 \n2836 \n21 \n551 \n889 \n1669 \n2281 \n2827 \n536 \n866 \n1626 \n2222 \n2754 \n22 \n535 \n863 \n1620 \n2214 \n2745 \n521 \n841 \n1578 \n2157 \n2674 \n23 \n519 \n838 \n1573 \n2150 \n2665 \n506 \n816 \n1532 \n2094 \n2596 \n24 \n504 \n814 \n1527 \n2087 \n2587 \n491 \n792 \n1488 \n2033 \n2520 \n25 \n489 \n790 \n1483 \n2027 \n2512 \n477 \n769 \n1444 \n1974 \n2447 \n26 \n475 \n767 \n1440 \n1968 \n2439 \n463 \n747 \n1402 \n1917 \n2376 \n27 \n461 \n745 \n1398 \n1910 \n2368 \n449 \n725 \n1361 \n1861 \n2306 \n28 \n448 \n723 \n1357 \n1855 \n2299 \n436 \n704 \n1322 \n1807 \n2239 \n",
  "blocks": [
    {
      "bbox": [
        32.400001525878906,
        75.70430755615234,
        563.9199829101562,
        126.78894805908203
      ],
      "max_font_size": 10.5600004196167,
      "text": "保障方案 保障方案一 性别 男性 女性 交费期间 年龄 3 年交 5 年交 10 年交 15 年交 20 年交 3 年交 5 年交 10 年交 15 年交 20 年交",
      "is_heading": false
    },
    {
      "bbox": [
        57.2400016784668,
        130.42434692382812,
        557.5599975585938,
        248.14434814453125
      ],
      "max_font_size": 9.960000038146973,
      "text": "42 347 560 1051 1437 1781 322 519 975 1332 1652 43 337 544 1021 1395 1729 312 504 946 1294 1603 44 327 528 991 1354 1679 303 489 919 1256 1557 45 318 512 962 1315 1630 294 475 892 1219 1511 46 308 498 934 1276  286 461 866 1184  47 299 483 907 1239  277 448 841 1149  48 291 469 880 1203  269 435 816 1116  49 282 455 855 1168  262 422 793 1083  50 274 442 830 1134  254 410 769 1052",
      "is_heading": false
    },
    {
      "bbox": [
        116.18000030517578,
        258.09893798828125,
        284.2099914550781,
        268.658935546875
      ],
      "max_font_size": 10.5600004196167,
      "text": "注：月交保险费=年交保险费*0.085",
      "is_heading": false
    },
    {
      "bbox": [
        32.400001525878906,
        298.0589599609375,
        563.9199829101562,
        363.21893310546875
      ],
      "max_font_size": 10.5600004196167,
      "text": "保障方案 保障方案二 性别 男性 女性 交费期间 年龄 3 年交 5 年交 10 年交 15 年交 20 年交 3 年交 5 年交 10 年交 15 年交 20 年交",
      "is_heading": false
    },
    {
      "bbox": [
        57.2400016784668,
        366.8543395996094,
        557.5599975585938,
        754.0203247070312
      ],
      "max_font_size": 9.960000038146973,
      "text": "0 1024 1654 3104 4243 5259 998 1611 3024 4133 5122 1 994 1606 3014 4119 5106 969 1564 2936 4013 4973 2 966 1559 2926 4000 4957 940 1518 2850 3896 4829 3 937 1513 2841 3883 4813 913 1474 2767 3782 4688 4 910 1469 2758 3770 4673 887 1431 2687 3672 4552 5 884 1427 2678 3660 4537 861 1390 2609 3565 4419 6 858 1385 2600 3554 4405 836 1349 2533 3461 4290 7 833 1345 2524 3450 4276 811 1310 2459 3361 4166 8 809 1306 2451 3350 4152 788 1272 2387 3263 4044 9 785 1268 2380 3252 4031 765 1235 2318 3168 3926 10 762 1231 2310 3157 3914 742 1199 2250 3076 3812 11 740 1195 2243 3065 3800 721 1164 2185 2986 3701 12 719 1160 2178 2976 3689 700 1130 2121 2899 3593 13 698 1126 2114 2889 3581 679 1097 2059 2815 3489 14 677 1093 2053 2805 3477 660 1065 1999 2733 3387 15 658 1062 1993 2724 3376 640 1034 1941 2653 3288 16 638 1031 1935 2644 3277 622 1004 1885 2576 3192 17 620 1001 1878 2567 3182 604 975 1830 2501 3099 18 602 971 1824 2492 3089 586 946 1776 2428 3009 19 584 943 1771 2420 2999 569 919 1725 2357 2922 20 567 916 1719 2349 2912 552 892 1674 2288 2836 21 551 889 1669 2281 2827 536 866 1626 2222 2754 22 535 863 1620 2214 2745 521 841 1578 2157 2674 23 519 838 1573 2150 2665 506 816 1532 2094 2596 24 504 814 1527 2087 2587 491 792 1488 2033 2520 25 489 790 1483 2027 2512 477 769 1444 1974 2447 26 475 767 1440 1968 2439 463 747 1402 1917 2376 27 461 745 1398 1910 2368 449 725 1361 1861 2306 28 448 723 1357 1855 2299 436 704 1322 1807 2239",
      "is_heading": false
    }
  ]
}