{
  "page_no": 2,
  "width": 595.3200073242188,
  "height": 841.9199829101562,
  "text": "35 \n938 \n941 \n2685 \n2695 \n4336 \n4353 \n8248 \n8280 \n14490 \n14551 \n36 \n938 \n941 \n2684 \n2695 \n4335 \n4353 \n8245 \n8279 \n14483 \n14548 \n37 \n938 \n941 \n2683 \n2694 \n4333 \n4352 \n8242 \n8277 \n14475 \n14544 \n38 \n938 \n941 \n2682 \n2694 \n4332 \n4351 \n8238 \n8275 \n14465 \n14540 \n39 \n937 \n941 \n2682 \n2693 \n4330 \n4350 \n8233 \n8273 \n14456 \n14535 \n40 \n937 \n941 \n2680 \n2693 \n4327 \n4349 \n8228 \n8270 \n14449 \n14531 \n41 \n937 \n941 \n2679 \n2692 \n4324 \n4348 \n8222 \n8268 \n14445 \n14529 \n42 \n936 \n940 \n2677 \n2691 \n4321 \n4346 \n8215 \n8264 \n14444 \n14528 \n43 \n936 \n940 \n2675 \n2690 \n4317 \n4344 \n8208 \n8261 \n14446 \n14529 \n44 \n935 \n940 \n2673 \n2689 \n4313 \n4342 \n8202 \n8258 \n14449 \n14531 \n45 \n934 \n939 \n2670 \n2688 \n4309 \n4340 \n8197 \n8255 \n14451 \n14532 \n46 \n934 \n939 \n2668 \n2687 \n4306 \n4339 \n8194 \n8253 \n14453 \n14533 \n47 \n933 \n939 \n2666 \n2686 \n4303 \n4337 \n8192 \n8252 \n14455 \n14534 \n48 \n932 \n938 \n2664 \n2685 \n4301 \n4336 \n8192 \n8252 \n14457 \n14535 \n49 \n931 \n938 \n2663 \n2684 \n4300 \n4336 \n8193 \n8252 \n14459 \n14536 \n50 \n931 \n938 \n2662 \n2684 \n4300 \n4335 \n8194 \n8253 \n14460 \n14537 \n51 \n931 \n938 \n2662 \n2684 \n4300 \n4335 \n8196 \n8253 \n14461 \n14537 \n52 \n931 \n938 \n2662 \n2684 \n4300 \n4335 \n8198 \n8254 \n14461 \n14537 \n53 \n931 \n938 \n2662 \n2684 \n4300 \n4335 \n8200 \n8255 \n14461 \n14536 \n54 \n931 \n938 \n2662 \n2684 \n4300 \n4335 \n8201 \n8255 \n14460 \n14534 \n55 \n931 \n938 \n2663 \n2684 \n4301 \n4335 \n8201 \n8254 \n14458 \n14532 \n56 \n931 \n938 \n2663 \n2684 \n4302 \n4335 \n8200 \n8253 \n \n \n57 \n931 \n938 \n2664 \n2684 \n4303 \n4335 \n8198 \n8250 \n \n \n58 \n932 \n938 \n2665 \n2684 \n4304 \n4335 \n8195 \n8247 \n \n \n59 \n932 \n938 \n2666 \n2684 \n4303 \n4334 \n8190 \n8243 \n \n \n60 \n933 \n938 \n2666 \n2684 \n4300 \n4332 \n8182 \n8237 \n \n \n61 \n933 \n938 \n2664 \n2682 \n4296 \n4328 \n8171 \n8229 \n \n \n62 \n933 \n938 \n2661 \n2680 \n4289 \n4323 \n8155 \n8220 \n \n \n63 \n932 \n937 \n2657 \n2677 \n4281 \n4318 \n8135 \n8208 \n \n \n64 \n931 \n936 \n2652 \n2674 \n4270 \n4311 \n8110 \n8194 \n \n \n65 \n929 \n935 \n2646 \n2670 \n4257 \n4303 \n8078 \n8176 \n \n \n66 \n927 \n934 \n2638 \n2665 \n4241 \n4294 \n \n \n \n \n67 \n925 \n933 \n2628 \n2659 \n4219 \n4282 \n \n \n \n \n68 \n923 \n931 \n2615 \n2652 \n4191 \n4268 \n \n \n \n \n69 \n919 \n929 \n2598 \n2644 \n4153 \n4250 \n \n \n \n \n70 \n915 \n927 \n2576 \n2633 \n4105 \n4228 \n \n \n \n \n71 \n909 \n924 \n \n \n \n \n \n \n \n \n72 \n901 \n921 \n \n \n \n \n \n \n \n \n73 \n891 \n916 \n \n \n \n \n \n \n \n \n74 \n878 \n910 \n \n \n \n \n \n \n \n \n75 \n860 \n903 \n \n \n \n \n \n \n \n \n \n \n",
  "blocks": [
    {
      "bbox": [
        76.8239974975586,
        59.808963775634766,
        541.4200439453125,
        70.36896514892578
      ],
      "max_font_size": 10.5600004196167,
      "text": "35 938 941 2685 2695 4336 4353 8248 8280 14490 14551",
      "is_heading": false
    },
    {
      "bbox": [
        76.8239974975586,
        75.888916015625,
        541.4200439453125,
        86.44892120361328
      ],
      "max_font_size": 10.5600004196167,
      "text": "36 938 941 2684 2695 4335 4353 8245 8279 14483 14548",
      "is_heading": false
    },
    {
      "bbox": [
        76.8239974975586,
        91.98895263671875,
        541.4200439453125,
        102.54895782470703
      ],
      "max_font_size": 10.5600004196167,
      "text": "37 938 941 2683 2694 4333 4352 8242 8277 14475 14544",
      "is_heading": false
    },
    {
      "bbox": [
        76.8239974975586,
        108.06890869140625,
        541.4200439453125,
        118.62891387939453
      ],
      "max_font_size": 10.5600004196167,
      "text": "38 938 941 2682 2694 4332 4351 8238 8275 14465 14540",
      "is_heading": false
    },
    {
      "bbox": [
        76.8239974975586,
        124.14892578125,
        541.4200439453125,
        134.70892333984375
      ],
      "max_font_size": 10.5600004196167,
      "text": "39 937 941 2682 2693 4330 4350 8233 8273 14456 14535",
      "is_heading": false
    },
    {
      "bbox": [
        76.8239974975586,
        140.22894287109375,
        541.4200439453125,
        150.7889404296875
      ],
      "max_font_size": 10.5600004196167,
      "text": "40 937 941 2680 2693 4327 4349 8228 8270 14449 14531",
      "is_heading": false
    },
    {
      "bbox": [
        76.8239974975586,
        156.428955078125,
        541.4200439453125,
        166.98895263671875
      ],
      "max_font_size": 10.5600004196167,
      "text": "41 937 941 2679 2692 4324 4348 8222 8268 14445 14529",
      "is_heading": false
    },
    {
      "bbox": [
        76.8239974975586,
        172.5089111328125,
        541.4200439453125,
        183.06890869140625
      ],
      "max_font_size": 10.5600004196167,
      "text": "42 936 940 2677 2691 4321 4346 8215 8264 14444 14528",
      "is_heading": false
    },
    {
      "bbox": [
        76.8239974975586,
        188.58892822265625,
        541.4200439453125,
        199.14892578125
      ],
      "max_font_size": 10.5600004196167,
      "text": "43 936 940 2675 2690 4317 4344 8208 8261 14446 14529",
      "is_heading": false
    },
    {
      "bbox": [
        76.8239974975586,
        204.6689453125,
        541.4200439453125,
        215.22894287109375
      ],
      "max_font_size": 10.5600004196167,
      "text": "44 935 940 2673 2689 4313 4342 8202 8258 14449 14531",
      "is_heading": false
    },
    {
      "bbox": [
        76.8239974975586,
        220.74896240234375,
        541.4200439453125,
        231.3089599609375
      ],
      "max_font_size": 10.5600004196167,
      "text": "45 934 939 2670 2688 4309 4340 8197 8255 14451 14532",
      "is_heading": false
    },
    {
      "bbox": [
        76.8239974975586,
        236.82891845703125,
        541.4200439453125,
        247.388916015625
      ],
      "max_font_size": 10.5600004196167,
      "text": "46 934 939 2668 2687 4306 4339 8194 8253 14453 14533",
      "is_heading": false
    },
    {
      "bbox": [
        76.8239974975586,
        253.0289306640625,
        541.4200439453125,
        263.58892822265625
      ],
      "max_font_size": 10.5600004196167,
      "text": "47 933 939 2666 2686 4303 4337 8192 8252 14455 14534",
      "is_heading": false
    },
    {
      "bbox": [
        76.8239974975586,
        269.138916015625,
        541.4200439453125,
        279.69891357421875
      ],
      "max_font_size": 10.5600004196167,
      "text": "48 932 938 2664 2685 4301 4336 8192 8252 14457 14535",
      "is_heading": false
    },
    {
      "bbox": [
        76.8239974975586,
        285.21893310546875,
        541.4200439453125,
        295.7789306640625
      ],
      "max_font_size": 10.5600004196167,
      "text": "49 931 938 2663 2684 4300 4336 8193 8252 14459 14536",
      "is_heading": false
    },
    {
      "bbox": [
        76.8239974975586,
        301.2989501953125,
        541.4200439453125,
        311.85894775390625
      ],
      "max_font_size": 10.5600004196167,
      "text": "50 931 938 2662 2684 4300 4335 8194 8253 14460 14537",
      "is_heading": false
    },
    {
      "bbox": [
        76.8239974975586,
        317.37896728515625,
        541.4200439453125,
        327.93896484375
      ],
      "max_font_size": 10.5600004196167,
      "text": "51 931 938 2662 2684 4300 4335 8196 8253 14461 14537",
      "is_heading": false
    },
    {
      "bbox": [
        76.8239974975586,
        333.45892333984375,
        541.4200439453125,
        344.0189208984375
      ],
      "max_font_size": 10.5600004196167,
      "text": "52 931 938 2662 2684 4300 4335 8198 8254 14461 14537",