{
  "page_no": 1,
  "width": 595.3200073242188,
  "height": 841.9199829101562,
  "text": "利安人寿保险股份有限公司 \n利安鑫福龙（臻享版）终身寿险 \n基本保险金额表 \n(每1000 元趸交或年交保险费)            \n                                                             单位：人民币元 \n交费期间 \n趸交 \n3 年交 \n5 年交 \n10 年交 \n20 年交 \n性别 \n年龄 \n男 \n女 \n男 \n女 \n男 \n女 \n男 \n女 \n男 \n女 \n0 \n943 \n943 \n2701 \n2702 \n4363 \n4365 \n8298 \n8301 \n14585 \n14593 \n1 \n943 \n943 \n2701 \n2702 \n4363 \n4365 \n8298 \n8301 \n14583 \n14592 \n2 \n943 \n943 \n2701 \n2702 \n4363 \n4365 \n8297 \n8301 \n14582 \n14591 \n3 \n943 \n943 \n2700 \n2702 \n4363 \n4365 \n8297 \n8301 \n14580 \n14590 \n4 \n943 \n943 \n2700 \n2701 \n4362 \n4364 \n8296 \n8301 \n14578 \n14590 \n5 \n943 \n943 \n2700 \n2701 \n4362 \n4364 \n8295 \n8300 \n14575 \n14588 \n6 \n943 \n943 \n2700 \n2701 \n4361 \n4364 \n8294 \n8300 \n14573 \n14587 \n7 \n943 \n943 \n2700 \n2701 \n4361 \n4364 \n8292 \n8299 \n14570 \n14586 \n8 \n943 \n943 \n2699 \n2701 \n4360 \n4363 \n8291 \n8298 \n14567 \n14585 \n9 \n943 \n943 \n2699 \n2701 \n4359 \n4363 \n8289 \n8298 \n14564 \n14584 \n10 \n942 \n943 \n2698 \n2701 \n4359 \n4363 \n8287 \n8297 \n14561 \n14583 \n11 \n942 \n943 \n2698 \n2700 \n4358 \n4362 \n8285 \n8296 \n14558 \n14582 \n12 \n942 \n943 \n2697 \n2700 \n4357 \n4362 \n8283 \n8295 \n14555 \n14580 \n13 \n942 \n943 \n2697 \n2700 \n4355 \n4361 \n8281 \n8294 \n14552 \n14579 \n14 \n942 \n943 \n2696 \n2700 \n4354 \n4361 \n8279 \n8293 \n14548 \n14578 \n15 \n942 \n943 \n2695 \n2699 \n4353 \n4360 \n8278 \n8293 \n14545 \n14576 \n16 \n941 \n943 \n2694 \n2699 \n4352 \n4360 \n8276 \n8292 \n14543 \n14575 \n17 \n941 \n942 \n2693 \n2698 \n4351 \n4359 \n8274 \n8291 \n14540 \n14574 \n18 \n941 \n942 \n2693 \n2698 \n4350 \n4359 \n8272 \n8291 \n14539 \n14574 \n19 \n941 \n942 \n2692 \n2698 \n4349 \n4359 \n8271 \n8290 \n14538 \n14574 \n20 \n940 \n942 \n2692 \n2698 \n4348 \n4358 \n8269 \n8289 \n14537 \n14573 \n21 \n940 \n942 \n2691 \n2698 \n4347 \n4358 \n8268 \n8289 \n14536 \n14573 \n22 \n940 \n942 \n2691 \n2697 \n4346 \n4358 \n8267 \n8289 \n14535 \n14572 \n23 \n940 \n942 \n2690 \n2697 \n4345 \n4357 \n8266 \n8288 \n14534 \n14572 \n24 \n940 \n942 \n2690 \n2697 \n4345 \n4357 \n8265 \n8288 \n14533 \n14571 \n25 \n940 \n942 \n2689 \n2697 \n4344 \n4357 \n8264 \n8288 \n14531 \n14571 \n26 \n939 \n942 \n2689 \n2697 \n4344 \n4357 \n8263 \n8287 \n14529 \n14570 \n27 \n939 \n942 \n2689 \n2697 \n4343 \n4357 \n8262 \n8287 \n14526 \n14569 \n28 \n939 \n942 \n2688 \n2697 \n4343 \n4356 \n8261 \n8286 \n14523 \n14567 \n29 \n939 \n942 \n2688 \n2696 \n4342 \n4356 \n8259 \n8286 \n14520 \n14566 \n30 \n939 \n942 \n2687 \n2696 \n4341 \n4356 \n8258 \n8285 \n14517 \n14564 \n31 \n939 \n942 \n2687 \n2696 \n4340 \n4355 \n8257 \n8284 \n14512 \n14562 \n32 \n939 \n942 \n2686 \n2696 \n4339 \n4355 \n8255 \n8283 \n14508 \n14560 \n33 \n938 \n941 \n2686 \n2696 \n4338 \n4354 \n8253 \n8283 \n14503 \n14557 \n34 \n938 \n941 \n2685 \n2695 \n4337 \n4354 \n8251 \n8281 \n14497 \n14555 \n",
  "blocks": [
    {
      "bbox": [
        189.13999938964844,
        58.81796646118164,
        415.1499938964844,
        76.8179702758789
      ],
      "max_font_size": 18.0,
      "text": "利安人寿保险股份有限公司",
      "is_heading": false
    },
    {
      "bbox": [
        199.25,
        84.31964111328125,
        403.0899963378906,
        98.3596420288086
      ],
      "max_font_size": 14.039999961853027,
      "text": "利安鑫福龙（臻享版）终身寿险",
      "is_heading": false
    },
    {
      "bbox": [
        248.4499969482422,
        106.27960205078125,
        353.8899841308594,
        120.3196029663086
      ],
      "max_font_size": 14.039999961853027,
      "text": "基本保险金额表",
      "is_heading": false
    },
    {
      "bbox": [
        226.72999572753906,
        131.22894287109375,
        431.5899963378906,
        141.7889404296875
      ],
      "max_font_size": 10.5600004196167,
      "text": "(每1000 元趸交或年交保险费)",
      "is_heading": false
    },
    {
      "bbox": [
        89.90399932861328,
        153.3089599609375,
        488.9800109863281,
        163.86895751953125
      ],
      "max_font_size": 10.5600004196167,
      "text": "单位：人民币元",
      "is_heading": false
    },
    {
      "bbox": [
        61.08000183105469,
        169.74896240234375,
        523.300048828125,
        180.3089599609375
      ],
      "max_font_size": 10.5600004196167,
      "text": "交费期间 趸交 3 年交 5 年交 10 年交 20 年交",
      "is_heading": false
    },
    {
      "bbox": [
        56.040000915527344,
        185.82891845703125,
        533.5,
        211.98895263671875
      ],
      "max_font_size": 10.5600004196167,
      "text": "性别 年龄 男 女 男 女 男 女 男 女 男 女",
      "is_heading": false
    },
    {
      "bbox": [
        79.46399688720703,
        217.62896728515625,
        541.4200439453125,
        228.18896484375
      ],
      "max_font_size": 10.5600004196167,
      "text": "0 943 943 2701 2702 4363 4365 8298 8301 14585 14593",
      "is_heading": false
    },
    {
      "bbox": [
        79.46399688720703,
        233.70892333984375,
        541.4200439453125,
        244.2689208984375
      ],
      "max_font_size": 10.5600004196167,
      "text": "1 943 943 2701 2702 4363 4365 8298 8301 14583 14592",
      "is_heading": false
    },
    {
      "bbox": [
        79.46399688720703,
        249.7889404296875,
        541.4200439453125,
        260.34893798828125
      ],
      "max_font_size": 10.5600004196167,
      "text": "2 943 943 2701 2702 4363 4365 8297 8301 14582 14591",
      "is_heading": false
    },
    {
      "bbox": [
        79.46399688720703,
        265.86895751953125,
        541.4200439453125,
        276.428955078125
      ],
      "max_font_size": 10.5600004196167,
      "text": "3 943 943 2700 2702 4363 4365 8297 8301 14580 14590",
      "is_heading": false
    },
    {
      "bbox": [
        79.46399688720703,
        281.97894287109375,
        541.4200439453125,
        292.5389404296875
      ],
      "max_font_size": 10.5600004196167,
      "text": "4 943 943 2700 2701 4362 4364 8296 8301 14578 14590",
      "is_heading": false
    },
    {
      "bbox": [
        79.46399688720703,
        298.0589599609375,
        541.4200439453125,
        308.61895751953125
      ],
      "max_font_size": 10.5600004196167,
      "text": "5 943 943 2700 2701 4362 4364 8295 8300 14575 14588",
      "is_heading": false
    },
    {
      "bbox": [
        79.46399688720703,
        314.2589111328125,
        541.4200439453125,
        324.81890869140625
      ],
      "max_font_size": 10.5600004196167,
      "text": "6 943 943 2700 2701 4361 4364 8294 8300 14573 14587",
      "is_heading": false
    },
    {
      "bbox": [
        79.46399688720703,
        330.33892822265625,
        541.4200439453125,
        340.89892578125
      ],
      "max_font_size": 10.5600004196167,
      "text": "7 943 943 2700 2701 4361 4364 8292 8299 14570 14586",
      "is_heading": false
    },
    {
      "bbox": [
        79.46399688720703,
        346.4189453125,
        541.4200439453125,
        356.97894287109375
      ],
      "max_font_size": 10.5600004196167,
      "text": "8 943 943 2699 2701 4360 4363 8291 8298 14567 14585",
      "is_heading": false
    },
    {
      "bbox": [
        79.46399688720703,
        362.4989318847656,
        541.4200439453125,
        373.0589294433594
      ],
      "max_font_size": 10.5600004196167,
      "text": "9 943 943 2699 2701 4359 4363 8289 8298 14564 14584",
      "is_heading": false
    },
    {
      "bbox": [
        76.8239974975586,
        378.5789489746094,
        541.4200439453125,
        389.1389465332031
      ],
      "max_font_size": 10.5600004196167,
      "text": "10 942 943 2698 2701 4359 4363 8287 8297 14561 14583",
      "is_heading": false
    },
    {
      "bbox": [
        76.8239974975586,
        394.658935546875,
        541.4200439453125,
        405.21893310546875
      ],
      "max_font_size": 10.5600004196167,
      "text": "11 942 943 2698 2700 4358 4362 8285 8296 14558 14582",