{
  "page_no": 5,
  "width": 595.3200073242188,
  "height": 841.9199829101562,
  "text": "2 \n32 \n100000 \n200000 \n822900 \n847587 \n320000 \n847587 \n31975 \n3 \n33 \n100000 \n300000 \n822900 \n873015 \n480000 \n873015 \n75987 \n4 \n34 \n100000 \n400000 \n822900 \n899205 \n640000 \n899205 \n189160 \n5 \n35 \n100000 \n500000 \n822900 \n926181 \n800000 \n926181 \n340440 \n6 \n36 \n100000 \n600000 \n822900 \n953967 \n960000 \n953967 \n472368 \n7 \n37 \n100000 \n700000 \n822900 \n982586 \n1120000 \n982586 \n613446 \n8 \n38 \n100000 \n800000 \n822900 \n1012063 \n1280000 \n1012063 \n764022 \n9 \n39 \n100000 \n900000 \n822900 \n1042425 \n1440000 \n1042425 \n924460 \n10 \n40 \n100000 \n1000000 \n822900 \n1073698 \n1600000 \n1073698 \n1095134 \n20 \n50 \n0 \n1000000 \n822900 \n1442960 \n1467103 \n1442960 \n1467103 \n30 \n60 \n0 \n1000000 \n822900 \n1939218 \n1971091 \n1939218 \n1971091 \n40 \n70 \n0 \n1000000 \n822900 \n2606147 \n2648177 \n2606147 \n2648177 \n50 \n80 \n0 \n1000000 \n822900 \n3502443 \n3558204 \n0 \n3558204 \n60 \n90 \n0 \n1000000 \n822900 \n4706990 \n4781125 \n0 \n4781125 \n70 \n100 \n0 \n1000000 \n822900 \n6325802 \n6422605 \n0 \n6422605 \n75 \n105 \n0 \n1000000 \n822900 \n7333338 \n7442420 \n0 \n7442420 \n76 \n106 \n0 \n1000000 \n822900 \n7553338 \n7553338 \n0 \n7553232 \n \n示例2：安女士今年30 周岁，她选择购买了利安传家鑫享终身寿险，选择5 年交费，年交\n保险费100000 元, 基本保险金额为431400 元。其各保单年度的各项保单利益演示如下： \n保单 \n年度 \n年\n龄 \n年度 \n保险费 \n累计 \n保险费 \n基本保险\n金额 \n有效保险\n金额 \n身故或全残\n保险金 \n水陆公共交通意外身故或全\n残保险金/民航班机意外身\n故或全残保险金/重大自然\n灾害意外身故或全残保险金 \n现金价值 \n1 \n31 \n100000 \n100000 \n431400 \n431400 \n160000 \n431400 \n17159 \n2 \n32 \n100000 \n200000 \n431400 \n444342 \n320000 \n444342 \n60498 \n3 \n33 \n100000 \n300000 \n431400 \n457672 \n480000 \n457672 \n143025 \n4 \n34 \n100000 \n400000 \n431400 \n471402 \n640000 \n471402 \n291378 \n5 \n35 \n100000 \n500000 \n431400 \n485545 \n800000 \n485545 \n494833 \n6 \n36 \n0 \n500000 \n431400 \n500111 \n800000 \n500111 \n509512 \n7 \n37 \n0 \n500000 \n431400 \n515114 \n800000 \n515114 \n524628 \n8 \n38 \n0 \n500000 \n431400 \n530568 \n800000 \n530568 \n540194 \n9 \n39 \n0 \n500000 \n431400 \n546485 \n800000 \n546485 \n556222 \n10 \n40 \n0 \n500000 \n431400 \n562879 \n800000 \n562879 \n572726 \n20 \n50 \n0 \n500000 \n431400 \n756463 \n768860 \n756463 \n768860 \n30 \n60 \n0 \n500000 \n431400 \n1016622 \n1032988 \n1016622 \n1032988 \n40 \n70 \n0 \n500000 \n431400 \n1366255 \n1387843 \n1366255 \n1387843 \n50 \n80 \n0 \n500000 \n431400 \n1836133 \n1864810 \n0 \n1864810 \n60 \n90 \n0 \n500000 \n431400 \n2467609 \n2505842 \n0 \n2505842 \n70 \n100 \n0 \n500000 \n431400 \n3316261 \n3366566 \n0 \n3366566 \n75 \n105 \n0 \n500000 \n431400 \n3844455 \n3901554 \n0 \n3901554 \n76 \n106 \n0 \n500000 \n431400 \n3959789 \n3959789 \n0 \n3959644 \n \n \n",
  "blocks": [
    {
      "bbox": [
        48.36000061035156,
        61.524314880371094,
        549.2799682617188,
        71.48431396484375
      ],
      "max_font_size": 9.960000038146973,
      "text": "2 32 100000 200000 822900 847587 320000 847587 31975",
      "is_heading": false
    },
    {
      "bbox": [
        48.36000061035156,
        77.96431732177734,
        549.2799682617188,
        87.92431640625
      ],
      "max_font_size": 9.960000038146973,
      "text": "3 33 100000 300000 822900 873015 480000 873015 75987",
      "is_heading": false
    },
    {
      "bbox": [
        48.36000061035156,
        94.5443344116211,
        551.7999877929688,
        104.50433349609375
      ],
      "max_font_size": 9.960000038146973,
      "text": "4 34 100000 400000 822900 899205 640000 899205 189160",
      "is_heading": false
    },
    {
      "bbox": [
        48.36000061035156,
        110.98433685302734,
        551.7999877929688,
        120.9443359375
      ],
      "max_font_size": 9.960000038146973,
      "text": "5 35 100000 500000 822900 926181 800000 926181 340440",
      "is_heading": false
    },
    {
      "bbox": [
        48.36000061035156,
        127.5443344116211,
        551.7999877929688,
        137.50433349609375
      ],
      "max_font_size": 9.960000038146973,
      "text": "6 36 100000 600000 822900 953967 960000 953967 472368",
      "is_heading": false
    },
    {
      "bbox": [
        48.36000061035156,
        143.98434448242188,
        551.7999877929688,
        153.9443359375
      ],
      "max_font_size": 9.960000038146973,
      "text": "7 37 100000 700000 822900 982586 1120000 982586 613446",
      "is_heading": false
    },
    {
      "bbox": [
        48.36000061035156,
        160.54434204101562,
        551.7999877929688,
        170.50433349609375
      ],
      "max_font_size": 9.960000038146973,
      "text": "8 38 100000 800000 822900 1012063 1280000 1012063 764022",
      "is_heading": false
    },
    {
      "bbox": [
        48.36000061035156,
        176.98434448242188,
        551.7999877929688,
        186.9443359375
      ],
      "max_font_size": 9.960000038146973,
      "text": "9 39 100000 900000 822900 1042425 1440000 1042425 924460",
      "is_heading": false
    },
    {
      "bbox": [
        45.959999084472656,
        193.54434204101562,
        554.3200073242188,
        203.50433349609375
      ],
      "max_font_size": 9.960000038146973,
      "text": "10 40 100000 1000000 822900 1073698 1600000 1073698 1095134",
      "is_heading": false
    },
    {
      "bbox": [
        45.959999084472656,
        209.98434448242188,
        554.3200073242188,
        219.9443359375
      ],
      "max_font_size": 9.960000038146973,
      "text": "20 50 0 1000000 822900 1442960 1467103 1442960 1467103",
      "is_heading": false
    },
    {
      "bbox": [
        45.959999084472656,
        226.54434204101562,
        554.3200073242188,
        236.50433349609375
      ],
      "max_font_size": 9.960000038146973,
      "text": "30 60 0 1000000 822900 1939218 1971091 1939218 1971091",
      "is_heading": false
    },
    {
      "bbox": [
        45.959999084472656,
        242.98434448242188,
        554.3200073242188,
        252.9443359375
      ],
      "max_font_size": 9.960000038146973,
      "text": "40 70 0 1000000 822900 2606147 2648177 2606147 2648177",
      "is_heading": false
    },
    {
      "bbox": [
        45.959999084472656,
        259.5443420410156,
        554.3200073242188,
        269.50433349609375
      ],
      "max_font_size": 9.960000038146973,
      "text": "50 80 0 1000000 822900 3502443 3558204 0 3558204",
      "is_heading": false
    },
    {
      "bbox": [
        45.959999084472656,
        276.0143737792969,
        554.3200073242188,
        285.974365234375
      ],
      "max_font_size": 9.960000038146973,
      "text": "60 90 0 1000000 822900 4706990 4781125 0 4781125",
      "is_heading": false
    },
    {
      "bbox": [
        45.959999084472656,
        292.5743713378906,
        554.3200073242188,
        302.53436279296875
      ],
      "max_font_size": 9.960000038146973,
      "text": "70 100 0 1000000 822900 6325802 6422605 0 6422605",
      "is_heading": false
    },
    {
      "bbox": [
        45.959999084472656,
        309.0143737792969,
        554.3200073242188,
        318.974365234375
      ],
      "max_font_size": 9.960000038146973,
      "text": "75 105 0 1000000 822900 7333338 7442420 0 7442420",
      "is_heading": false
    },
    {
      "bbox": [
        45.959999084472656,
        325.5743408203125,
        554.3200073242188,
        335.5343322753906
      ],
      "max_font_size": 9.960000038146973,
      "text": "76 106 0 1000000 822900 7553338 7553338 0 7553232",
      "is_heading": false
    },
    {
      "bbox": [
        89.90399932861328,
        357.45892333984375,
        505.7576904296875,
        368.0189208984375
      ],
      "max_font_size": 10.5600004196167,
      "text": "示例2：安女士今年30 周岁，她选择购买了利安传家鑫享终身寿险，选择5 年交费，年交",