{
  "page_no": 2,
  "width": 595.3200073242188,
  "height": 842.0399780273438,
  "text": " \n保险期间 \n15 年 \n20 年 \n25 年 \n性别 \n男性 \n女性 \n男性 \n女性 \n男性 \n女性 \n交费期间 \n年龄 \n6 年交 10 年交 6 年交 10 年交 6 年交 10 年交 6 年交 10 年交 6 年交 10 年交 6 年交 10 年交 \n35 \n7391 11550 7422 11599 8353 13037 8393 13110 9451 14743 9496 14830 \n36 \n7389 11545 7421 11597 8350 13028 8392 13106 9447 14732 9494 14825 \n37 \n7386 11538 7419 11594 8345 13018 8390 13101 9442 14720 9492 14819 \n38 \n7382 11531 7418 11590 8340 13007 8387 13096 9436 14707 9489 14813 \n39 \n7378 11523 7415 11587 8334 12995 8384 13090 9429 14693 9486 14806 \n40 \n7373 11514 7413 11582 8327 12981 8381 13083 9421 14680 9482 14800 \n41 \n7367 11504 7410 11577 8319 12965 8377 13076 9412 14669 9478 14794 \n42 \n7360 11493 7407 11572 8311 12956 8373 13071 9403 14659 9474 14789 \n43 \n7353 11481 7404 11566 8304 12949 8370 13067 9395 14651 9470 14784 \n44 \n7345 11467 7400 11560 8298 12944 8367 13064 9389 14645 9466 14781 \n45 \n7336 11453 7396 11552 8294 12940 8364 13063 9383 14641 9463 14779 \n46 \n7327 11438 7391 11545 8290 12937 8362 13061 9379 14637 9461 14777 \n47 \n7325 11435 7390 11543 8288 12933 8361 13059 9377 14633 9460 14775 \n48 \n7324 11433 7389 11542 8286 12930 8360 13057 9375 14629 9459 14773 \n49 \n7323 11431 7388 11540 8285 12927 8359 13055 9374 14626 9458 14771 \n50 \n7322 11429 7388 11539 8284 12925 8358 13053 9372 14623 9457 14769 \n51 \n7321 11427 7387 11538 8283 12922 8358 13051 9371 14620 9456 14766 \n52 \n7320 11426 7386 11536 8282 12921 8357 13049 9370 14618 9455 14764 \n53 \n7320 11424 7386 11533 8281 12917 8356 13046 9369 14614 9454 14760 \n54 \n7319 11420 7385 11529 8281 12912 8355 13041 9369 14608 9453 14755 \n55 \n7320 11414 7384 11524 8281 12904 8355 13035 9370 14599 9452 14747 \n56 \n7320 11406 7383 11517 8282 12893 8354 13026 9370 14587 9451 14738 \n57 \n7319 11394 7381 11508 8281 12877 8351 13015 9369 14569 9449 14725 \n58 \n7316 11378 7378 11496 8277 12856 8348 13000 9364 14545 9444 14708 \n59 \n7310 11357 7373 11482 8270 12827 8342 12982 9357 14512 9438 14688 \n60 \n7301 11328 7366 11463 8260 12789 8334 12959 9345 14469 9429 14661 \n61 \n7287 11290 7357 11440 8244 12736 8324 12929 9327 14409 9417 14627 \n62 \n7267 11240 7345 11410 8221 12663 8310 12891 9301 14327 9402 14585 \n63 \n7241 11178 7330 11374 8193 12570 8293 12845 9269 14221 9383 14532 \n64 \n7209 11099 7313 11331 8156 12450 8273 12788 9227 14085 9360 14468 \n65 \n7167 11001 7291 11278 8109 12280 8249 12715 9174 13893 9333 14385 \n66 \n7113 10879 7264 11213 8048 12047 8218 12622 9105 13629 9297 14280 \n67 \n7044 10727 7229 11134 7963 11716 8179 12507 9009 13233 9254 14150 \n68 \n6955 10538 7187 11039 7852 11276 8131 12356 8884 12541 9199 13979 \n69 \n6842 10305 7134 10924 7691 10690 8071 12161 8702 10847 9131 13758 \n70 \n6697 10019 7068 10786 7450 \n9907 \n7993 11889 8428 \n8007 \n9043 13451 \n71 \n6514 \n \n6987 \n \n7021 \n \n7893 \n \n7921 \n \n8930 \n \n72 \n6283 \n \n6887 \n \n6370 \n \n7760 \n \n5809 \n \n8780 \n \n注：月交保险费=年交保险费*0.09，季交保险费=年交保险费*0.27，半年交保险费=年交保险费\n*0.52。 \n",
  "blocks": [
    {
      "bbox": [
        68.78399658203125,
        75.70430755615234,
        489.6400146484375,
        86.50433349609375
      ],
      "max_font_size": 9.960000038146973,
      "text": "保险期间 15 年 20 年 25 年",
      "is_heading": false
    },
    {
      "bbox": [
        53.880001068115234,
        90.8243637084961,
        546.5199584960938,
        128.86431884765625
      ],
      "max_font_size": 9.960000038146973,
      "text": "性别 男性 女性 男性 女性 男性 女性 交费期间 年龄 6 年交 10 年交 6 年交 10 年交 6 年交 10 年交 6 年交 10 年交 6 年交 10 年交 6 年交 10 年交",
      "is_heading": false
    },
    {
      "bbox": [
        83.78399658203125,
        133.06436157226562,
        542.9199829101562,
        688.8643188476562
      ],
      "max_font_size": 9.960000038146973,
      "text": "35 7391 11550 7422 11599 8353 13037 8393 13110 9451 14743 9496 14830 36 7389 11545 7421 11597 8350 13028 8392 13106 9447 14732 9494 14825 37 7386 11538 7419 11594 8345 13018 8390 13101 9442 14720 9492 14819 38 7382 11531 7418 11590 8340 13007 8387 13096 9436 14707 9489 14813 39 7378 11523 7415 11587 8334 12995 8384 13090 9429 14693 9486 14806 40 7373 11514 7413 11582 8327 12981 8381 13083 9421 14680 9482 14800 41 7367 11504 7410 11577 8319 12965 8377 13076 9412 14669 9478 14794 42 7360 11493 7407 11572 8311 12956 8373 13071 9403 14659 9474 14789 43 7353 11481 7404 11566 8304 12949 8370 13067 9395 14651 9470 14784 44 7345 11467 7400 11560 8298 12944 8367 13064 9389 14645 9466 14781 45 7336 11453 7396 11552 8294 12940 8364 13063 9383 14641 9463 14779 46 7327 11438 7391 11545 8290 12937 8362 13061 9379 14637 9461 14777 47 7325 11435 7390 11543 8288 12933 8361 13059 9377 14633 9460 14775 48 7324 11433 7389 11542 8286 12930 8360 13057 9375 14629 9459 14773 49 7323 11431 7388 11540 8285 12927 8359 13055 9374 14626 9458 14771 50 7322 11429 7388 11539 8284 12925 8358 13053 9372 14623 9457 14769 51 7321 11427 7387 11538 8283 12922 8358 13051 9371 14620 9456 14766 52 7320 11426 7386 11536 8282 12921 8357 13049 9370 14618 9455 14764 53 7320 11424 7386 11533 8281 12917 8356 13046 9369 14614 9454 14760 54 7319 11420 7385 11529 8281 12912 8355 13041 9369 14608 9453 14755 55 7320 11414 7384 11524 8281 12904 8355 13035 9370 14599 9452 14747 56 7320 11406 7383 11517 8282 12893 8354 13026 9370 14587 9451 14738 57 7319 11394 7381 11508 8281 12877 8351 13015 9369 14569 9449 14725 58 7316 11378 7378 11496 8277 12856 8348 13000 9364 14545 9444 14708 59 7310 11357 7373 11482 8270 12827 8342 12982 9357 14512 9438 14688 60 7301 11328 7366 11463 8260 12789 8334 12959 9345 14469 9429 14661 61 7287 11290 7357 11440 8244 12736 8324 12929 9327 14409 9417 14627 62 7267 11240 7345 11410 8221 12663 8310 12891 9301 14327 9402 14585 63 7241 11178 7330 11374 8193 12570 8293 12845 9269 14221 9383 14532 64 7209 11099 7313 11331 8156 12450 8273 12788 9227 14085 9360 14468 65 7167 11001 7291 11278 8109 12280 8249 12715 9174 13893 9333 14385 66 7113 10879 7264 11213 8048 12047 8218 12622 9105 13629 9297 14280 67 7044 10727 7229 11134 7963 11716 8179 12507 9009 13233 9254 14150 68 6955 10538 7187 11039 7852 11276 8131 12356 8884 12541 9199 13979 69 6842 10305 7134 10924 7691 10690 8071 12161 8702 10847 9131 13758 70 6697 10019 7068 10786 7450 9907 7993 11889 8428 8007 9043 13451 71 6514  6987  7021  7893  7921  8930  72 6283  6887  6370  7760  5809  8780",
      "is_heading": false
    },
    {
      "bbox": [
        79.46399688720703,
        699.2689208984375,
        515.3577270507812,
        709.8289184570312
      ],
      "max_font_size": 10.5600004196167,
      "text": "注：月交保险费=年交保险费*0.09，季交保险费=年交保险费*0.27，半年交保险费=年交保险费",
      "is_heading": false
    },
    {
      "bbox": [
        79.46399688720703,
        719.3089599609375,
        121.45999908447266,
        729.8689575195312
      ],
      "max_font_size": 10.5600004196167,
      "text": "*0.52。",
      "is_heading": false
    }
  ]
}