{
  "page_no": 1,
  "width": 595.3200073242188,
  "height": 842.0399780273438,
  "text": " \n利安人寿保险股份有限公司 \n利安利利传家稳赢两全保险 \n基本保险金额表 \n (每1000 元年交保险费) \n单位：人民币元 \n保险期间 \n15 年 \n20 年 \n25 年 \n性别 \n男性 \n女性 \n男性 \n女性 \n男性 \n女性 \n交费期间 \n年龄 \n6 年交 10 年交 6 年交 10 年交 6 年交 10 年交 6 年交 10 年交 6 年交 10 年交 6 年交 10 年交 \n0 \n7445 11636 7445 11636 8422 13162 8423 13164 9527 14888 9529 14892 \n1 \n7445 11636 7445 11636 8421 13161 8423 13164 9527 14887 9529 14892 \n2 \n7445 11636 7445 11637 8421 13160 8422 13163 9526 14885 9528 14891 \n3 \n7445 11636 7445 11637 8420 13158 8422 13163 9525 14883 9528 14890 \n4 \n7444 11635 7445 11636 8419 13157 8422 13162 9524 14880 9527 14889 \n5 \n7443 11633 7444 11635 8418 13154 8421 13161 9523 14878 9527 14888 \n6 \n7442 11631 7444 11634 8417 13152 8420 13160 9521 14874 9526 14887 \n7 \n7441 11629 7443 11633 8415 13149 8420 13158 9519 14871 9525 14885 \n8 \n7440 11627 7443 11632 8414 13146 8419 13157 9517 14867 9525 14883 \n9 \n7439 11624 7442 11631 8412 13142 8418 13156 9515 14862 9524 14882 \n10 \n7437 11621 7442 11630 8410 13139 8417 13154 9513 14858 9523 14880 \n11 \n7435 11618 7441 11629 8408 13135 8416 13153 9510 14853 9522 14878 \n12 \n7433 11616 7440 11628 8405 13131 8415 13151 9507 14849 9520 14876 \n13 \n7431 11613 7439 11627 8402 13128 8414 13150 9504 14844 9519 14874 \n14 \n7429 11611 7438 11625 8400 13124 8413 13148 9500 14839 9518 14872 \n15 \n7427 11608 7437 11624 8397 13121 8412 13147 9497 14834 9516 14870 \n16 \n7426 11606 7437 11624 8395 13117 8411 13145 9494 14829 9515 14868 \n17 \n7424 11604 7436 11623 8393 13113 8410 13144 9492 14826 9514 14867 \n18 \n7423 11602 7435 11622 8390 13110 8409 13142 9490 14823 9513 14866 \n19 \n7421 11600 7435 11621 8388 13106 8409 13141 9488 14821 9512 14865 \n20 \n7420 11597 7434 11620 8386 13102 8408 13139 9486 14819 9512 14864 \n21 \n7418 11595 7434 11619 8384 13098 8407 13138 9485 14817 9512 14863 \n22 \n7417 11592 7433 11618 8382 13095 8406 13137 9484 14814 9511 14862 \n23 \n7415 11589 7433 11617 8381 13093 8406 13136 9483 14811 9511 14861 \n24 \n7413 11585 7432 11616 8380 13090 8405 13135 9481 14808 9510 14860 \n25 \n7410 11581 7431 11614 8378 13087 8405 13134 9479 14804 9509 14858 \n26 \n7408 11577 7430 11612 8377 13084 8404 13132 9477 14800 9509 14857 \n27 \n7406 11575 7429 11612 8375 13081 8404 13131 9475 14796 9508 14855 \n28 \n7405 11573 7429 11611 8373 13077 8403 13129 9473 14791 9507 14853 \n29 \n7403 11571 7428 11610 8371 13073 8402 13127 9471 14786 9506 14851 \n30 \n7402 11568 7427 11608 8368 13068 8401 13125 9468 14781 9505 14848 \n31 \n7400 11565 7426 11607 8366 13063 8399 13123 9465 14775 9503 14845 \n32 \n7398 11562 7425 11606 8363 13058 8398 13120 9462 14768 9502 14842 \n33 \n7396 11559 7424 11604 8360 13052 8397 13117 9459 14761 9500 14839 \n34 \n7394 11555 7423 11602 8357 13045 8395 13114 9455 14753 9498 14835 \n",
  "blocks": [
    {
      "bbox": [
        189.25999450683594,
        79.9579849243164,
        415.2699890136719,
        97.9579849243164
      ],
      "max_font_size": 18.0,
      "text": "利安人寿保险股份有限公司",
      "is_heading": false
    },
    {
      "bbox": [
        213.41000366210938,
        104.4796142578125,
        389.16998291015625,
        118.51961517333984
      ],
      "max_font_size": 14.039999961853027,
      "text": "利安利利传家稳赢两全保险",
      "is_heading": false
    },
    {
      "bbox": [
        248.57000732421875,
        122.87031555175781,
        354.9700012207031,
        138.830322265625
      ],
      "max_font_size": 15.960000038146973,
      "text": "基本保险金额表",
      "is_heading": false
    },
    {
      "bbox": [
        239.92999267578125,
        148.5089111328125,
        360.7900085449219,
        159.06890869140625
      ],
      "max_font_size": 10.5600004196167,
      "text": "(每1000 元年交保险费)",
      "is_heading": false
    },
    {
      "bbox": [
        68.78399658203125,
        168.5489501953125,
        521.3800048828125,
        193.5443115234375
      ],
      "max_font_size": 10.5600004196167,
      "text": "单位：人民币元 保险期间 15 年 20 年 25 年",
      "is_heading": false
    },
    {
      "bbox": [
        53.880001068115234,
        197.86434936523438,
        546.5199584960938,
        235.90435791015625
      ],
      "max_font_size": 9.960000038146973,
      "text": "性别 男性 女性 男性 女性 男性 女性 交费期间 年龄 6 年交 10 年交 6 年交 10 年交 6 年交 10 年交 6 年交 10 年交 6 年交 10 年交 6 年交 10 年交",
      "is_heading": false
    },
    {
      "bbox": [
        83.78399658203125,
        239.98434448242188,
        542.9199829101562,
        751.5003051757812
      ],
      "max_font_size": 9.960000038146973,
      "text": "0 7445 11636 7445 11636 8422 13162 8423 13164 9527 14888 9529 14892 1 7445 11636 7445 11636 8421 13161 8423 13164 9527 14887 9529 14892 2 7445 11636 7445 11637 8421 13160 8422 13163 9526 14885 9528 14891 3 7445 11636 7445 11637 8420 13158 8422 13163 9525 14883 9528 14890 4 7444 11635 7445 11636 8419 13157 8422 13162 9524 14880 9527 14889 5 7443 11633 7444 11635 8418 13154 8421 13161 9523 14878 9527 14888 6 7442 11631 7444 11634 8417 13152 8420 13160 9521 14874 9526 14887 7 7441 11629 7443 11633 8415 13149 8420 13158 9519 14871 9525 14885 8 7440 11627 7443 11632 8414 13146 8419 13157 9517 14867 9525 14883 9 7439 11624 7442 11631 8412 13142 8418 13156 9515 14862 9524 14882 10 7437 11621 7442 11630 8410 13139 8417 13154 9513 14858 9523 14880 11 7435 11618 7441 11629 8408 13135 8416 13153 9510 14853 9522 14878 12 7433 11616 7440 11628 8405 13131 8415 13151 9507 14849 9520 14876 13 7431 11613 7439 11627 8402 13128 8414 13150 9504 14844 9519 14874 14 7429 11611 7438 11625 8400 13124 8413 13148 9500 14839 9518 14872 15 7427 11608 7437 11624 8397 13121 8412 13147 9497 14834 9516 14870 16 7426 11606 7437 11624 8395 13117 8411 13145 9494 14829 9515 14868 17 7424 11604 7436 11623 8393 13113 8410 13144 9492 14826 9514 14867 18 7423 11602 7435 11622 8390 13110 8409 13142 9490 14823 9513 14866 19 7421 11600 7435 11621 8388 13106 8409 13141 9488 14821 9512 14865 20 7420 11597 7434 11620 8386 13102 8408 13139 9486 14819 9512 14864 21 7418 11595 7434 11619 8384 13098 8407 13138 9485 14817 9512 14863 22 7417 11592 7433 11618 8382 13095 8406 13137 9484 14814 9511 14862 23 7415 11589 7433 11617 8381 13093 8406 13136 9483 14811 9511 14861 24 7413 11585 7432 11616 8380 13090 8405 13135 9481 14808 9510 14860 25 7410 11581 7431 11614 8378 13087 8405 13134 9479 14804 9509 14858 26 7408 11577 7430 11612 8377 13084 8404 13132 9477 14800 9509 14857 27 7406 11575 7429 11612 8375 13081 8404 13131 9475 14796 9508 14855 28 7405 11573 7429 11611 8373 13077 8403 13129 9473 14791 9507 14853 29 7403 11571 7428 11610 8371 13073 8402 13127 9471 14786 9506 14851 30 7402 11568 7427 11608 8368 13068 8401 13125 9468 14781 9505 14848 31 7400 11565 7426 11607 8366 13063 8399 13123 9465 14775 9503 14845 32 7398 11562 7425 11606 8363 13058 8398 13120 9462 14768 9502 14842 33 7396 11559 7424 11604 8360 13052 8397 13117 9459 14761 9500 14839 34 7394 11555 7423 11602 8357 13045 8395 13114 9455 14753 9498 14835",
      "is_heading": false
    }
  ]
}