{
  "page_no": 5,
  "width": 841.9199829101562,
  "height": 595.3200073242188,
  "text": "11 \n1469 \n521 \n395 \n320 \n271 \n236 \n210 \n189 \n173 \n124 \n101 \n79 \n70 \n67 \n64 \n62 \n12 \n1521 \n540 \n409 \n331 \n281 \n244 \n217 \n196 \n179 \n129 \n104 \n82 \n73 \n70 \n67 \n65 \n13 \n1574 \n559 \n423 \n343 \n291 \n253 \n225 \n203 \n185 \n133 \n108 \n85 \n77 \n73 \n70 \n68 \n14 \n1630 \n579 \n438 \n355 \n301 \n262 \n233 \n210 \n192 \n138 \n112 \n88 \n81 \n77 \n73 \n71 \n15 \n1688 \n599 \n454 \n368 \n312 \n271 \n241 \n217 \n199 \n143 \n116 \n92 \n85 \n80 \n77 \n74 \n16 \n1748 \n620 \n470 \n381 \n323 \n281 \n250 \n225 \n206 \n148 \n120 \n95 \n90 \n84 \n80 \n78 \n17 \n1810 \n643 \n487 \n395 \n334 \n291 \n259 \n233 \n214 \n154 \n125 \n99 \n94 \n89 \n84 \n81 \n18 \n1875 \n666 \n504 \n409 \n346 \n301 \n268 \n242 \n221 \n159 \n129 \n102 \n100 \n93 \n88 \n85 \n19 \n1940 \n689 \n522 \n423 \n358 \n312 \n277 \n250 \n229 \n165 \n134 \n106 \n105 \n98 \n93 \n89 \n20 \n2008 \n713 \n540 \n438 \n371 \n323 \n287 \n259 \n237 \n171 \n139 \n110 \n110 \n103 \n97 \n93 \n21 \n2079 \n738 \n559 \n453 \n384 \n334 \n297 \n268 \n246 \n177 \n144 \n114 \n116 \n108 \n102 \n98 \n22 \n2151 \n764 \n579 \n469 \n398 \n346 \n308 \n278 \n254 \n184 \n149 \n119 \n123 \n114 \n107 \n102 \n23 \n2227 \n791 \n599 \n486 \n412 \n359 \n319 \n288 \n264 \n190 \n155 \n123 \n130 \n120 \n112 \n107 \n24 \n2306 \n819 \n620 \n503 \n427 \n371 \n330 \n298 \n273 \n197 \n161 \n128 \n138 \n127 \n118 \n112 \n25 \n2387 \n848 \n643 \n521 \n442 \n385 \n342 \n309 \n283 \n204 \n167 \n133 \n146 \n133 \n124 \n118 \n26 \n2472 \n878 \n665 \n540 \n458 \n399 \n354 \n320 \n293 \n212 \n173 \n138 \n156 \n140 \n131 \n124 \n27 \n2558 \n909 \n689 \n559 \n474 \n413 \n367 \n332 \n304 \n220 \n179 \n144 \n166 \n148 \n138 \n130 \n28 \n2648 \n941 \n713 \n579 \n491 \n427 \n380 \n344 \n315 \n228 \n186 \n149 \n177 \n157 \n145 \n137 \n29 \n2739 \n974 \n738 \n599 \n508 \n442 \n394 \n356 \n326 \n236 \n193 \n155 \n189 \n166 \n153 \n143 \n30 \n2833 \n1007 \n763 \n620 \n526 \n458 \n407 \n368 \n337 \n245 \n200 \n161 \n200 \n176 \n161 \n151 \n31 \n2929 \n1042 \n790 \n641 \n544 \n474 \n422 \n381 \n349 \n253 \n207 \n167 \n214 \n187 \n169 \n159 \n32 \n3028 \n1077 \n817 \n663 \n562 \n490 \n436 \n395 \n362 \n262 \n215 \n173 \n230 \n199 \n178 \n167 \n33 \n3128 \n1113 \n844 \n685 \n582 \n507 \n451 \n408 \n374 \n272 \n223 \n180 \n248 \n212 \n189 \n176 \n34 \n3231 \n1150 \n872 \n708 \n601 \n524 \n466 \n422 \n387 \n281 \n231 \n186 \n268 \n226 \n200 \n185 \n35 \n3336 \n1188 \n901 \n732 \n621 \n542 \n482 \n436 \n400 \n291 \n239 \n193 \n291 \n239 \n211 \n193 \n",
  "blocks": [
    {
      "bbox": [
        98.66400146484375,
        92.19200134277344,
        768.0399780273438,
        490.6719970703125
      ],
      "max_font_size": 12.0,
      "text": "11 1469 521 395 320 271 236 210 189 173 124 101 79 70 67 64 62 12 1521 540 409 331 281 244 217 196 179 129 104 82 73 70 67 65 13 1574 559 423 343 291 253 225 203 185 133 108 85 77 73 70 68 14 1630 579 438 355 301 262 233 210 192 138 112 88 81 77 73 71 15 1688 599 454 368 312 271 241 217 199 143 116 92 85 80 77 74 16 1748 620 470 381 323 281 250 225 206 148 120 95 90 84 80 78 17 1810 643 487 395 334 291 259 233 214 154 125 99 94 89 84 81 18 1875 666 504 409 346 301 268 242 221 159 129 102 100 93 88 85 19 1940 689 522 423 358 312 277 250 229 165 134 106 105 98 93 89 20 2008 713 540 438 371 323 287 259 237 171 139 110 110 103 97 93 21 2079 738 559 453 384 334 297 268 246 177 144 114 116 108 102 98 22 2151 764 579 469 398 346 308 278 254 184 149 119 123 114 107 102 23 2227 791 599 486 412 359 319 288 264 190 155 123 130 120 112 107 24 2306 819 620 503 427 371 330 298 273 197 161 128 138 127 118 112 25 2387 848 643 521 442 385 342 309 283 204 167 133 146 133 124 118 26 2472 878 665 540 458 399 354 320 293 212 173 138 156 140 131 124 27 2558 909 689 559 474 413 367 332 304 220 179 144 166 148 138 130 28 2648 941 713 579 491 427 380 344 315 228 186 149 177 157 145 137 29 2739 974 738 599 508 442 394 356 326 236 193 155 189 166 153 143 30 2833 1007 763 620 526 458 407 368 337 245 200 161 200 176 161 151 31 2929 1042 790 641 544 474 422 381 349 253 207 167 214 187 169 159 32 3028 1077 817 663 562 490 436 395 362 262 215 173 230 199 178 167 33 3128 1113 844 685 582 507 451 408 374 272 223 180 248 212 189 176 34 3231 1150 872 708 601 524 466 422 387 281 231 186 268 226 200 185 35 3336 1188 901 732 621 542 482 436 400 291 239 193 291 239 211 193",
      "is_heading": false
    }
  ]
}