{
  "page_no": 1,
  "width": 595.3200073242188,
  "height": 841.9199829101562,
  "text": "利安人寿保险股份有限公司 \n利安吉瑞终身寿险 \n基本保险金额表 \n(每1000 元保险费)            \n                                                             单位：人民币元 \n交费期间 \n趸交 \n3 年交 \n5 年交 \n10 年交 \n20 年交 \n性别 \n年龄 \n男 \n女 \n男 \n女 \n男 \n女 \n男 \n女 \n男 \n女 \n0 \n940 \n941 \n2680 \n2681 \n4420 \n4421 \n8491 \n8494 \n15136 \n15146 \n1 \n940 \n941 \n2680 \n2681 \n4420 \n4421 \n8490 \n8494 \n15133 \n15145 \n2 \n940 \n941 \n2680 \n2681 \n4419 \n4421 \n8489 \n8494 \n15131 \n15144 \n3 \n940 \n941 \n2680 \n2681 \n4419 \n4421 \n8489 \n8493 \n15128 \n15143 \n4 \n940 \n941 \n2680 \n2681 \n4419 \n4421 \n8487 \n8493 \n15125 \n15141 \n5 \n940 \n941 \n2679 \n2681 \n4418 \n4421 \n8486 \n8492 \n15122 \n15140 \n6 \n940 \n940 \n2679 \n2681 \n4417 \n4420 \n8485 \n8492 \n15119 \n15139 \n7 \n940 \n940 \n2679 \n2681 \n4417 \n4420 \n8483 \n8491 \n15115 \n15137 \n8 \n940 \n940 \n2678 \n2680 \n4416 \n4420 \n8481 \n8490 \n15112 \n15136 \n9 \n940 \n940 \n2678 \n2680 \n4415 \n4419 \n8479 \n8489 \n15108 \n15134 \n10 \n939 \n940 \n2677 \n2680 \n4414 \n4419 \n8477 \n8488 \n15104 \n15133 \n11 \n939 \n940 \n2676 \n2680 \n4413 \n4418 \n8474 \n8487 \n15100 \n15131 \n12 \n939 \n940 \n2676 \n2679 \n4411 \n4418 \n8472 \n8486 \n15096 \n15130 \n13 \n939 \n940 \n2675 \n2679 \n4410 \n4417 \n8470 \n8485 \n15093 \n15128 \n14 \n939 \n940 \n2674 \n2679 \n4408 \n4417 \n8467 \n8484 \n15090 \n15127 \n15 \n938 \n940 \n2673 \n2678 \n4407 \n4416 \n8465 \n8483 \n15088 \n15126 \n16 \n938 \n940 \n2672 \n2678 \n4406 \n4415 \n8463 \n8483 \n15086 \n15125 \n17 \n938 \n939 \n2671 \n2677 \n4404 \n4415 \n8461 \n8482 \n15084 \n15125 \n18 \n937 \n939 \n2670 \n2677 \n4403 \n4414 \n8459 \n8481 \n15083 \n15124 \n19 \n937 \n939 \n2670 \n2677 \n4402 \n4414 \n8458 \n8481 \n15081 \n15124 \n20 \n937 \n939 \n2669 \n2677 \n4402 \n4414 \n8457 \n8481 \n15080 \n15123 \n21 \n937 \n939 \n2669 \n2677 \n4401 \n4414 \n8456 \n8480 \n15078 \n15122 \n22 \n937 \n939 \n2668 \n2676 \n4401 \n4414 \n8455 \n8480 \n15076 \n15122 \n23 \n936 \n939 \n2668 \n2676 \n4400 \n4413 \n8454 \n8480 \n15074 \n15121 \n24 \n936 \n939 \n2668 \n2676 \n4399 \n4413 \n8453 \n8479 \n15071 \n15120 \n25 \n936 \n939 \n2667 \n2676 \n4399 \n4413 \n8452 \n8479 \n15068 \n15118 \n26 \n936 \n939 \n2667 \n2676 \n4398 \n4413 \n8451 \n8478 \n15064 \n15117 \n27 \n936 \n939 \n2666 \n2676 \n4397 \n4413 \n8449 \n8478 \n15060 \n15115 \n28 \n936 \n939 \n2666 \n2676 \n4396 \n4412 \n8447 \n8477 \n15056 \n15113 \n29 \n936 \n939 \n2665 \n2675 \n4395 \n4412 \n8446 \n8476 \n15050 \n15111 \n30 \n936 \n939 \n2664 \n2675 \n4394 \n4411 \n8444 \n8475 \n15045 \n15108 \n31 \n935 \n939 \n2664 \n2675 \n4393 \n4411 \n8441 \n8474 \n15038 \n15105 \n32 \n935 \n939 \n2663 \n2674 \n4392 \n4410 \n8439 \n8473 \n15031 \n15102 \n33 \n935 \n938 \n2662 \n2674 \n4390 \n4410 \n8436 \n8472 \n15022 \n15098 \n34 \n935 \n938 \n2661 \n2674 \n4389 \n4409 \n8433 \n8471 \n15013 \n15094 \n",
  "blocks": [
    {
      "bbox": [
        189.13999938964844,
        58.81796646118164,
        415.1499938964844,
        76.8179702758789
      ],
      "max_font_size": 18.0,
      "text": "利安人寿保险股份有限公司",
      "is_heading": false
    },
    {
      "bbox": [
        241.49000549316406,
        84.31964111328125,
        360.9700012207031,
        98.3596420288086
      ],
      "max_font_size": 14.039999961853027,
      "text": "利安吉瑞终身寿险",
      "is_heading": false
    },
    {
      "bbox": [
        248.4499969482422,
        106.27960205078125,
        353.8899841308594,
        120.3196029663086
      ],
      "max_font_size": 14.039999961853027,
      "text": "基本保险金额表",
      "is_heading": false
    },
    {
      "bbox": [
        253.00999450683594,
        131.22894287109375,
        405.30999755859375,
        141.7889404296875
      ],
      "max_font_size": 10.5600004196167,
      "text": "(每1000 元保险费)",
      "is_heading": false
    },
    {
      "bbox": [
        89.90399932861328,
        153.3089599609375,
        488.9800109863281,
        163.86895751953125
      ],
      "max_font_size": 10.5600004196167,
      "text": "单位：人民币元",
      "is_heading": false
    },
    {
      "bbox": [
        61.08000183105469,
        169.86895751953125,
        523.300048828125,
        180.428955078125
      ],
      "max_font_size": 10.5600004196167,
      "text": "交费期间 趸交 3 年交 5 年交 10 年交 20 年交",
      "is_heading": false
    },
    {
      "bbox": [
        56.040000915527344,
        185.94891357421875,
        533.5,
        212.10894775390625
      ],
      "max_font_size": 10.5600004196167,
      "text": "性别 年龄 男 女 男 女 男 女 男 女 男 女",
      "is_heading": false
    },
    {
      "bbox": [
        79.46399688720703,
        217.74896240234375,
        541.4200439453125,
        228.3089599609375
      ],
      "max_font_size": 10.5600004196167,
      "text": "0 940 941 2680 2681 4420 4421 8491 8494 15136 15146",
      "is_heading": false
    },
    {
      "bbox": [
        79.46399688720703,
        233.82891845703125,
        541.4200439453125,
        244.388916015625
      ],
      "max_font_size": 10.5600004196167,
      "text": "1 940 941 2680 2681 4420 4421 8490 8494 15133 15145",
      "is_heading": false
    },
    {
      "bbox": [
        79.46399688720703,
        249.908935546875,
        541.4200439453125,
        260.46893310546875
      ],
      "max_font_size": 10.5600004196167,
      "text": "2 940 941 2680 2681 4419 4421 8489 8494 15131 15144",
      "is_heading": false
    },
    {
      "bbox": [
        79.46399688720703,
        265.98895263671875,
        541.4200439453125,
        276.5489501953125
      ],
      "max_font_size": 10.5600004196167,
      "text": "3 940 941 2680 2681 4419 4421 8489 8493 15128 15143",
      "is_heading": false
    },
    {
      "bbox": [
        79.46399688720703,
        282.09893798828125,
        541.4200439453125,
        292.658935546875
      ],
      "max_font_size": 10.5600004196167,
      "text": "4 940 941 2680 2681 4419 4421 8487 8493 15125 15141",
      "is_heading": false
    },
    {
      "bbox": [
        79.46399688720703,
        298.178955078125,
        541.4200439453125,
        308.73895263671875
      ],
      "max_font_size": 10.5600004196167,
      "text": "5 940 941 2679 2681 4418 4421 8486 8492 15122 15140",
      "is_heading": false
    },
    {
      "bbox": [
        79.46399688720703,
        314.37896728515625,
        541.4200439453125,
        324.93896484375
      ],
      "max_font_size": 10.5600004196167,
      "text": "6 940 940 2679 2681 4417 4420 8485 8492 15119 15139",
      "is_heading": false
    },
    {
      "bbox": [
        79.46399688720703,
        330.45892333984375,
        541.4200439453125,
        341.0189208984375
      ],
      "max_font_size": 10.5600004196167,
      "text": "7 940 940 2679 2681 4417 4420 8483 8491 15115 15137",
      "is_heading": false
    },
    {
      "bbox": [
        79.46399688720703,
        346.5389404296875,
        541.4200439453125,
        357.09893798828125
      ],
      "max_font_size": 10.5600004196167,
      "text": "8 940 940 2678 2680 4416 4420 8481 8490 15112 15136",
      "is_heading": false
    },
    {
      "bbox": [
        79.46399688720703,
        362.6189270019531,
        541.4200439453125,
        373.1789245605469
      ],
      "max_font_size": 10.5600004196167,
      "text": "9 940 940 2678 2680 4415 4419 8479 8489 15108 15134",
      "is_heading": false
    },
    {
      "bbox": [
        76.8239974975586,
        378.6989440917969,
        541.4200439453125,
        389.2589416503906
      ],
      "max_font_size": 10.5600004196167,
      "text": "10 939 940 2677 2680 4414 4419 8477 8488 15104 15133",
      "is_heading": false
    },
    {
      "bbox": [
        76.8239974975586,
        394.7789306640625,
        541.4200439453125,
        405.33892822265625
      ],
      "max_font_size": 10.5600004196167,
      "text": "11 939 940 2676 2680 4413 4418 8474 8487 15100 15131",