{
  "page_no": 2,
  "width": 595.3200073242188,
  "height": 841.9199829101562,
  "text": "35 \n934 \n938 \n2660 \n2673 \n4387 \n4408 \n8429 \n8469 \n15003 \n15089 \n36 \n934 \n938 \n2659 \n2673 \n4386 \n4407 \n8425 \n8467 \n14993 \n15084 \n37 \n934 \n938 \n2658 \n2672 \n4384 \n4406 \n8420 \n8465 \n14984 \n15079 \n38 \n934 \n938 \n2656 \n2671 \n4382 \n4405 \n8415 \n8462 \n14977 \n15076 \n39 \n933 \n938 \n2655 \n2671 \n4379 \n4404 \n8409 \n8459 \n14971 \n15073 \n40 \n933 \n937 \n2653 \n2670 \n4376 \n4403 \n8402 \n8456 \n14968 \n15071 \n41 \n932 \n937 \n2651 \n2669 \n4372 \n4401 \n8395 \n8453 \n14968 \n15071 \n42 \n932 \n937 \n2648 \n2668 \n4368 \n4399 \n8389 \n8449 \n14969 \n15071 \n43 \n931 \n937 \n2646 \n2666 \n4364 \n4397 \n8384 \n8447 \n14971 \n15072 \n44 \n930 \n936 \n2644 \n2665 \n4360 \n4395 \n8380 \n8445 \n14972 \n15073 \n45 \n929 \n936 \n2642 \n2664 \n4357 \n4394 \n8377 \n8443 \n14973 \n15073 \n46 \n929 \n935 \n2640 \n2663 \n4355 \n4393 \n8376 \n8443 \n14973 \n15073 \n47 \n928 \n935 \n2639 \n2663 \n4354 \n4392 \n8376 \n8442 \n14973 \n15073 \n48 \n927 \n935 \n2638 \n2662 \n4353 \n4391 \n8376 \n8442 \n14972 \n15073 \n49 \n927 \n935 \n2637 \n2662 \n4352 \n4391 \n8376 \n8442 \n14971 \n15071 \n50 \n927 \n935 \n2637 \n2662 \n4352 \n4390 \n8377 \n8443 \n14969 \n15070 \n51 \n927 \n935 \n2636 \n2661 \n4351 \n4390 \n8378 \n8443 \n14966 \n15067 \n52 \n927 \n935 \n2636 \n2661 \n4351 \n4390 \n8380 \n8443 \n14961 \n15064 \n53 \n927 \n934 \n2635 \n2661 \n4351 \n4390 \n8381 \n8443 \n14955 \n15059 \n54 \n927 \n934 \n2635 \n2660 \n4351 \n4389 \n8381 \n8443 \n14946 \n15053 \n55 \n927 \n934 \n2635 \n2660 \n4351 \n4389 \n8380 \n8441 \n14935 \n15045 \n56 \n927 \n934 \n2635 \n2660 \n4352 \n4389 \n8378 \n8439 \n \n \n57 \n927 \n935 \n2635 \n2659 \n4352 \n4389 \n8374 \n8435 \n \n \n58 \n927 \n935 \n2635 \n2659 \n4352 \n4387 \n8368 \n8431 \n \n \n59 \n928 \n935 \n2635 \n2658 \n4350 \n4385 \n8360 \n8424 \n \n \n60 \n928 \n935 \n2633 \n2657 \n4346 \n4382 \n8347 \n8416 \n \n \n61 \n928 \n935 \n2630 \n2655 \n4339 \n4378 \n8330 \n8405 \n \n \n62 \n927 \n934 \n2625 \n2651 \n4329 \n4372 \n8307 \n8392 \n \n \n63 \n926 \n933 \n2618 \n2647 \n4317 \n4364 \n8278 \n8375 \n \n \n64 \n924 \n932 \n2609 \n2641 \n4302 \n4356 \n8239 \n8355 \n \n \n65 \n922 \n930 \n2598 \n2635 \n4282 \n4345 \n8190 \n8330 \n \n \n66 \n920 \n929 \n2583 \n2627 \n4257 \n4332 \n \n \n \n \n67 \n916 \n927 \n2564 \n2618 \n4223 \n4315 \n \n \n \n \n68 \n912 \n925 \n2538 \n2606 \n4178 \n4294 \n \n \n \n \n69 \n906 \n922 \n2503 \n2591 \n4117 \n4269 \n \n \n \n \n70 \n899 \n918 \n2454 \n2572 \n4030 \n4237 \n \n \n \n \n71 \n889 \n914 \n \n \n \n \n \n \n \n \n72 \n875 \n908 \n \n \n \n \n \n \n \n \n73 \n856 \n901 \n \n \n \n \n \n \n \n \n74 \n826 \n892 \n \n \n \n \n \n \n \n \n75 \n765 \n880 \n \n \n \n \n \n \n \n \n \n \n",
  "blocks": [
    {
      "bbox": [
        76.8239974975586,
        59.928958892822266,
        541.4200439453125,
        70.48896026611328
      ],
      "max_font_size": 10.5600004196167,
      "text": "35 934 938 2660 2673 4387 4408 8429 8469 15003 15089",
      "is_heading": false
    },
    {
      "bbox": [
        76.8239974975586,
        76.0089111328125,
        541.4200439453125,
        86.56891632080078
      ],
      "max_font_size": 10.5600004196167,
      "text": "36 934 938 2659 2673 4386 4407 8425 8467 14993 15084",
      "is_heading": false
    },
    {
      "bbox": [
        76.8239974975586,
        92.10894775390625,
        541.4200439453125,
        102.66895294189453
      ],
      "max_font_size": 10.5600004196167,
      "text": "37 934 938 2658 2672 4384 4406 8420 8465 14984 15079",
      "is_heading": false
    },
    {
      "bbox": [
        76.8239974975586,
        108.18896484375,
        541.4200439453125,
        118.74897003173828
      ],
      "max_font_size": 10.5600004196167,
      "text": "38 934 938 2656 2671 4382 4405 8415 8462 14977 15076",
      "is_heading": false
    },
    {
      "bbox": [
        76.8239974975586,
        124.2689208984375,
        541.4200439453125,
        134.82891845703125
      ],
      "max_font_size": 10.5600004196167,
      "text": "39 933 938 2655 2671 4379 4404 8409 8459 14971 15073",
      "is_heading": false
    },
    {
      "bbox": [
        76.8239974975586,
        140.34893798828125,
        541.4200439453125,
        150.908935546875
      ],
      "max_font_size": 10.5600004196167,
      "text": "40 933 937 2653 2670 4376 4403 8402 8456 14968 15071",
      "is_heading": false
    },
    {
      "bbox": [
        76.8239974975586,
        156.5489501953125,
        541.4200439453125,
        167.10894775390625
      ],
      "max_font_size": 10.5600004196167,
      "text": "41 932 937 2651 2669 4372 4401 8395 8453 14968 15071",
      "is_heading": false
    },
    {
      "bbox": [
        76.8239974975586,
        172.62896728515625,
        541.4200439453125,
        183.18896484375
      ],
      "max_font_size": 10.5600004196167,
      "text": "42 932 937 2648 2668 4368 4399 8389 8449 14969 15071",
      "is_heading": false
    },
    {
      "bbox": [
        76.8239974975586,
        188.70892333984375,
        541.4200439453125,
        199.2689208984375
      ],
      "max_font_size": 10.5600004196167,
      "text": "43 931 937 2646 2666 4364 4397 8384 8447 14971 15072",
      "is_heading": false
    },
    {
      "bbox": [
        76.8239974975586,
        204.7889404296875,
        541.4200439453125,
        215.34893798828125
      ],
      "max_font_size": 10.5600004196167,
      "text": "44 930 936 2644 2665 4360 4395 8380 8445 14972 15073",
      "is_heading": false
    },
    {
      "bbox": [
        76.8239974975586,
        220.86895751953125,
        541.4200439453125,
        231.428955078125
      ],
      "max_font_size": 10.5600004196167,
      "text": "45 929 936 2642 2664 4357 4394 8377 8443 14973 15073",
      "is_heading": false
    },
    {
      "bbox": [
        76.8239974975586,
        236.94891357421875,
        541.4200439453125,
        247.5089111328125
      ],
      "max_font_size": 10.5600004196167,
      "text": "46 929 935 2640 2663 4355 4393 8376 8443 14973 15073",
      "is_heading": false
    },
    {
      "bbox": [
        76.8239974975586,
        253.14892578125,
        541.4200439453125,
        263.70892333984375
      ],
      "max_font_size": 10.5600004196167,
      "text": "47 928 935 2639 2663 4354 4392 8376 8442 14973 15073",
      "is_heading": false
    },
    {
      "bbox": [
        76.8239974975586,
        269.2589111328125,
        541.4200439453125,
        279.81890869140625
      ],
      "max_font_size": 10.5600004196167,
      "text": "48 927 935 2638 2662 4353 4391 8376 8442 14972 15073",
      "is_heading": false
    },
    {
      "bbox": [
        76.8239974975586,
        285.33892822265625,
        541.4200439453125,
        295.89892578125
      ],
      "max_font_size": 10.5600004196167,
      "text": "49 927 935 2637 2662 4352 4391 8376 8442 14971 15071",
      "is_heading": false
    },
    {
      "bbox": [
        76.8239974975586,
        301.4189453125,
        541.4200439453125,
        311.97894287109375
      ],
      "max_font_size": 10.5600004196167,
      "text": "50 927 935 2637 2662 4352 4390 8377 8443 14969 15070",
      "is_heading": false
    },
    {
      "bbox": [
        76.8239974975586,
        317.49896240234375,
        541.4200439453125,
        328.0589599609375
      ],
      "max_font_size": 10.5600004196167,
      "text": "51 927 935 2636 2661 4351 4390 8378 8443 14966 15067",
      "is_heading": false
    },
    {
      "bbox": [
        76.8239974975586,
        333.5789489746094,
        541.4200439453125,
        344.1389465332031
      ],
      "max_font_size": 10.5600004196167,
      "text": "52 927 935 2636 2661 4351 4390 8380 8443 14961 15064",